observation_date,A091RC1Q027SBEA_20130228,A091RC1Q027SBEA_20130426,A091RC1Q027SBEA_20130731,A091RC1Q027SBEA_20131107,A091RC1Q027SBEA_20140130,A091RC1Q027SBEA_20140430,A091RC1Q027SBEA_20140730,A091RC1Q027SBEA_20141030,A091RC1Q027SBEA_20150130,A091RC1Q027SBEA_20150429,A091RC1Q027SBEA_20150730,A091RC1Q027SBEA_20151029,A091RC1Q027SBEA_20160129,A091RC1Q027SBEA_20160428,A091RC1Q027SBEA_20160729,A091RC1Q027SBEA_20161028,A091RC1Q027SBEA_20170127,A091RC1Q027SBEA_20170428,A091RC1Q027SBEA_20170728,A091RC1Q027SBEA_20171027,A091RC1Q027SBEA_20171221,A091RC1Q027SBEA_20180126,A091RC1Q027SBEA_20180427,A091RC1Q027SBEA_20180530,A091RC1Q027SBEA_20180628,A091RC1Q027SBEA_20180727,A091RC1Q027SBEA_20180927,A091RC1Q027SBEA_20181026,A091RC1Q027SBEA_20181128,A091RC1Q027SBEA_20181221,A091RC1Q027SBEA_20190228,A091RC1Q027SBEA_20190328,A091RC1Q027SBEA_20190426,A091RC1Q027SBEA_20190530,A091RC1Q027SBEA_20190627,A091RC1Q027SBEA_20190726,A091RC1Q027SBEA_20190829,A091RC1Q027SBEA_20190926,A091RC1Q027SBEA_20191030,A091RC1Q027SBEA_20191127,A091RC1Q027SBEA_20191220,A091RC1Q027SBEA_20200130,A091RC1Q027SBEA_20200227,A091RC1Q027SBEA_20200326,A091RC1Q027SBEA_20200429,A091RC1Q027SBEA_20200730,A091RC1Q027SBEA_20201029,A091RC1Q027SBEA_20210128
1960-01-01,8.6,8.6,14.0,14.0,14.0,14.0,14.0,14.0,14.0,14.0,14.0,14.0,14.0,14.0,14.0,14.0,14.0,14.0,14.0,13.968,13.968,13.968,13.968,13.968,13.968,13.968,13.968,13.968,13.968,13.968,13.968,13.968,13.968,13.968,13.968,13.968,13.968,13.968,13.968,13.968,13.968,13.968,13.968,13.968,13.968,13.968,13.968,13.968
1960-04-01,8.5,8.5,14.0,14.0,14.0,14.0,14.0,14.0,14.0,14.0,14.0,14.0,14.0,14.0,14.0,14.0,14.0,14.0,14.0,13.968,13.968,13.968,13.968,13.968,13.968,13.968,13.968,13.968,13.968,13.968,13.968,13.968,13.968,13.968,13.968,13.968,13.968,13.968,13.968,13.968,13.968,13.968,13.968,13.968,13.968,13.968,13.968,13.968
1960-07-01,8.2,8.2,13.8,13.8,13.8,13.8,13.8,13.8,13.8,13.8,13.8,13.8,13.8,13.8,13.8,13.8,13.8,13.8,13.8,13.828,13.828,13.828,13.828,13.828,13.828,13.828,13.828,13.828,13.828,13.828,13.828,13.828,13.828,13.828,13.828,13.828,13.828,13.828,13.828,13.828,13.828,13.828,13.828,13.828,13.828,13.828,13.828,13.828
1960-10-01,8.1,8.1,13.7,13.7,13.7,13.7,13.7,13.7,13.7,13.7,13.7,13.7,13.7,13.7,13.7,13.7,13.7,13.7,13.7,13.748,13.748,13.748,13.748,13.748,13.748,13.748,13.748,13.748,13.748,13.748,13.748,13.748,13.748,13.748,13.748,13.748,13.748,13.748,13.748,13.748,13.748,13.748,13.748,13.748,13.748,13.748,13.748,13.748
1961-01-01,7.9,7.9,13.7,13.7,13.7,13.7,13.7,13.7,13.7,13.7,13.7,13.7,13.7,13.7,13.7,13.7,13.7,13.7,13.7,13.692,13.692,13.692,13.692,13.692,13.692,13.692,13.692,13.692,13.692,13.692,13.692,13.692,13.692,13.692,13.692,13.692,13.692,13.692,13.692,13.692,13.692,13.692,13.692,13.692,13.692,13.692,13.692,13.692
1961-04-01,7.8,7.8,13.7,13.7,13.7,13.7,13.7,13.7,13.7,13.7,13.7,13.7,13.7,13.7,13.7,13.7,13.7,13.7,13.7,13.748,13.748,13.748,13.748,13.748,13.748,13.748,13.748,13.748,13.748,13.748,13.748,13.748,13.748,13.748,13.748,13.748,13.748,13.748,13.748,13.748,13.748,13.748,13.748,13.748,13.748,13.748,13.748,13.748
1961-07-01,7.9,7.9,14.0,14.0,14.0,14.0,14.0,14.0,14.0,14.0,14.0,14.0,14.0,14.0,14.0,14.0,14.0,14.0,14.0,13.976,13.976,13.976,13.976,13.976,13.976,13.976,13.976,13.976,13.976,13.976,13.976,13.976,13.976,13.976,13.976,13.976,13.976,13.976,13.976,13.976,13.976,13.976,13.976,13.976,13.976,13.976,13.976,13.976
1961-10-01,8.0,8.0,14.2,14.2,14.2,14.2,14.2,14.2,14.2,14.2,14.2,14.2,14.2,14.2,14.2,14.2,14.2,14.2,14.2,14.188,14.188,14.188,14.188,14.188,14.188,14.188,14.188,14.188,14.188,14.188,14.188,14.188,14.188,14.188,14.188,14.188,14.188,14.188,14.188,14.188,14.188,14.188,14.188,14.188,14.188,14.188,14.188,14.188
1962-01-01,8.2,8.2,14.5,14.5,14.5,14.5,14.5,14.5,14.5,14.5,14.5,14.5,14.5,14.5,14.5,14.5,14.5,14.5,14.5,14.52,14.52,14.52,14.52,14.52,14.52,14.52,14.52,14.52,14.52,14.52,14.52,14.52,14.52,14.52,14.52,14.52,14.52,14.52,14.52,14.52,14.52,14.52,14.52,14.52,14.52,14.52,14.52,14.52
1962-04-01,8.6,8.6,15.0,15.0,15.0,15.0,15.0,15.0,15.0,15.0,15.0,15.0,15.0,15.0,15.0,15.0,15.0,15.0,15.0,14.972,14.972,14.972,14.972,14.972,14.972,14.972,14.972,14.972,14.972,14.972,14.972,14.972,14.972,14.972,14.972,14.972,14.972,14.972,14.972,14.972,14.972,14.972,14.972,14.972,14.972,14.972,14.972,14.972
1962-07-01,8.8,8.8,15.3,15.3,15.3,15.3,15.3,15.3,15.3,15.3,15.3,15.3,15.3,15.3,15.3,15.3,15.3,15.3,15.3,15.32,15.32,15.32,15.32,15.32,15.32,15.32,15.32,15.32,15.32,15.32,15.32,15.32,15.32,15.32,15.32,15.32,15.32,15.32,15.32,15.32,15.32,15.32,15.32,15.32,15.32,15.32,15.32,15.32
1962-10-01,9.0,9.0,15.6,15.6,15.6,15.6,15.6,15.6,15.6,15.6,15.6,15.6,15.6,15.6,15.6,15.6,15.6,15.6,15.6,15.616,15.616,15.616,15.616,15.616,15.616,15.616,15.616,15.616,15.616,15.616,15.616,15.616,15.616,15.616,15.616,15.616,15.616,15.616,15.616,15.616,15.616,15.616,15.616,15.616,15.616,15.616,15.616,15.616
1963-01-01,9.0,9.0,15.8,15.8,15.8,15.8,15.8,15.8,15.8,15.8,15.8,15.8,15.8,15.8,15.8,15.8,15.8,15.8,15.8,15.8,15.8,15.8,15.8,15.8,15.8,15.8,15.8,15.8,15.8,15.8,15.8,15.8,15.8,15.8,15.8,15.8,15.8,15.8,15.8,15.8,15.8,15.8,15.8,15.8,15.8,15.8,15.8,15.8
1963-04-01,9.2,9.2,16.1,16.1,16.1,16.1,16.1,16.1,16.1,16.1,16.1,16.1,16.1,16.1,16.1,16.1,16.1,16.1,16.1,16.06,16.06,16.06,16.06,16.06,16.06,16.06,16.06,16.06,16.06,16.06,16.06,16.06,16.06,16.06,16.06,16.06,16.06,16.06,16.06,16.06,16.06,16.06,16.06,16.06,16.06,16.06,16.06,16.06
1963-07-01,9.4,9.4,16.4,16.4,16.4,16.4,16.4,16.4,16.4,16.4,16.4,16.4,16.4,16.4,16.4,16.4,16.4,16.4,16.4,16.404,16.404,16.404,16.404,16.404,16.404,16.404,16.404,16.404,16.404,16.404,16.404,16.404,16.404,16.404,16.404,16.404,16.404,16.404,16.404,16.404,16.404,16.404,16.404,16.404,16.404,16.404,16.404,16.404
1963-10-01,9.6,9.6,16.8,16.8,16.8,16.8,16.8,16.8,16.8,16.8,16.8,16.8,16.8,16.8,16.8,16.8,16.8,16.8,16.8,16.752,16.752,16.752,16.752,16.752,16.752,16.752,16.752,16.752,16.752,16.752,16.752,16.752,16.752,16.752,16.752,16.752,16.752,16.752,16.752,16.752,16.752,16.752,16.752,16.752,16.752,16.752,16.752,16.752
1964-01-01,9.8,9.8,17.1,17.1,17.1,17.1,17.1,17.1,17.1,17.1,17.1,17.1,17.1,17.1,17.1,17.1,17.1,17.1,17.1,17.092,17.092,17.092,17.092,17.092,17.092,17.092,17.092,17.092,17.092,17.092,17.092,17.092,17.092,17.092,17.092,17.092,17.092,17.092,17.092,17.092,17.092,17.092,17.092,17.092,17.092,17.092,17.092,17.092
1964-04-01,9.9,9.9,17.3,17.3,17.3,17.3,17.3,17.3,17.3,17.3,17.3,17.3,17.3,17.3,17.3,17.3,17.3,17.3,17.3,17.332,17.332,17.332,17.332,17.332,17.332,17.332,17.332,17.332,17.332,17.332,17.332,17.332,17.332,17.332,17.332,17.332,17.332,17.332,17.332,17.332,17.332,17.332,17.332,17.332,17.332,17.332,17.332,17.332
1964-07-01,10.1,10.1,17.7,17.7,17.7,17.7,17.7,17.7,17.7,17.7,17.7,17.7,17.7,17.7,17.7,17.7,17.7,17.7,17.7,17.672,17.672,17.672,17.672,17.672,17.672,17.672,17.672,17.672,17.672,17.672,17.672,17.672,17.672,17.672,17.672,17.672,17.672,17.672,17.672,17.672,17.672,17.672,17.672,17.672,17.672,17.672,17.672,17.672
1964-10-01,10.2,10.2,17.9,17.9,17.9,17.9,17.9,17.9,17.9,17.9,17.9,17.9,17.9,17.9,17.9,17.9,17.9,17.9,17.9,17.868,17.868,17.868,17.868,17.868,17.868,17.868,17.868,17.868,17.868,17.868,17.868,17.868,17.868,17.868,17.868,17.868,17.868,17.868,17.868,17.868,17.868,17.868,17.868,17.868,17.868,17.868,17.868,17.868
1965-01-01,10.3,10.3,18.2,18.2,18.2,18.2,18.2,18.2,18.2,18.2,18.2,18.2,18.2,18.2,18.2,18.2,18.2,18.2,18.2,18.156,18.156,18.156,18.156,18.156,18.156,18.156,18.156,18.156,18.156,18.156,18.156,18.156,18.156,18.156,18.156,18.156,18.156,18.156,18.156,18.156,18.156,18.156,18.156,18.156,18.156,18.156,18.156,18.156
1965-04-01,10.5,10.5,18.5,18.5,18.5,18.5,18.5,18.5,18.5,18.5,18.5,18.5,18.5,18.5,18.5,18.5,18.5,18.5,18.5,18.48,18.48,18.48,18.48,18.48,18.48,18.48,18.48,18.48,18.48,18.48,18.48,18.48,18.48,18.48,18.48,18.48,18.48,18.48,18.48,18.48,18.48,18.48,18.48,18.48,18.48,18.48,18.48,18.48
1965-07-01,10.6,10.6,18.7,18.7,18.7,18.7,18.7,18.7,18.7,18.7,18.7,18.7,18.7,18.7,18.7,18.7,18.7,18.7,18.7,18.672,18.672,18.672,18.672,18.672,18.672,18.672,18.672,18.672,18.672,18.672,18.672,18.672,18.672,18.672,18.672,18.672,18.672,18.672,18.672,18.672,18.672,18.672,18.672,18.672,18.672,18.672,18.672,18.672
1965-10-01,10.8,10.8,19.1,19.1,19.1,19.1,19.1,19.1,19.1,19.1,19.1,19.1,19.1,19.1,19.1,19.1,19.1,19.1,19.1,19.06,19.06,19.06,19.06,19.06,19.06,19.06,19.06,19.06,19.06,19.06,19.06,19.06,19.06,19.06,19.06,19.06,19.06,19.06,19.06,19.06,19.06,19.06,19.06,19.06,19.06,19.06,19.06,19.06
1966-01-01,11.0,11.0,19.4,19.4,19.4,19.4,19.4,19.4,19.4,19.4,19.4,19.4,19.4,19.4,19.4,19.4,19.4,19.4,19.4,19.44,19.44,19.44,19.44,19.44,19.44,19.44,19.44,19.44,19.44,19.44,19.44,19.44,19.44,19.44,19.44,19.44,19.44,19.44,19.44,19.44,19.44,19.44,19.44,19.44,19.44,19.44,19.44,19.44
1966-04-01,11.5,11.5,20.0,20.0,20.0,20.0,20.0,20.0,20.0,20.0,20.0,20.0,20.0,20.0,20.0,20.0,20.0,20.0,20.0,20.008,20.008,20.008,20.008,20.008,20.008,20.008,20.008,20.008,20.008,20.008,20.008,20.008,20.008,20.008,20.008,20.008,20.008,20.008,20.008,20.008,20.008,20.008,20.008,20.008,20.008,20.008,20.008,20.008
1966-07-01,11.8,11.8,20.5,20.5,20.5,20.5,20.5,20.5,20.5,20.5,20.5,20.5,20.5,20.5,20.5,20.5,20.5,20.5,20.5,20.488,20.488,20.488,20.488,20.488,20.488,20.488,20.488,20.488,20.488,20.488,20.488,20.488,20.488,20.488,20.488,20.488,20.488,20.488,20.488,20.488,20.488,20.488,20.488,20.488,20.488,20.488,20.488,20.488
1966-10-01,12.3,12.3,21.1,21.1,21.1,21.1,21.1,21.1,21.1,21.1,21.1,21.1,21.1,21.1,21.1,21.1,21.1,21.1,21.1,21.12,21.12,21.12,21.12,21.12,21.12,21.12,21.12,21.12,21.12,21.12,21.12,21.12,21.12,21.12,21.12,21.12,21.12,21.12,21.12,21.12,21.12,21.12,21.12,21.12,21.12,21.12,21.12,21.12
1967-01-01,12.5,12.5,21.5,21.5,21.5,21.5,21.5,21.5,21.5,21.5,21.5,21.5,21.5,21.5,21.5,21.5,21.5,21.5,21.5,21.548,21.548,21.548,21.548,21.548,21.548,21.548,21.548,21.548,21.548,21.548,21.548,21.548,21.548,21.548,21.548,21.548,21.548,21.548,21.548,21.548,21.548,21.548,21.548,21.548,21.548,21.548,21.548,21.548
1967-04-01,12.4,12.4,21.6,21.6,21.6,21.6,21.6,21.6,21.6,21.6,21.6,21.6,21.6,21.6,21.6,21.6,21.6,21.6,21.6,21.624,21.624,21.624,21.624,21.624,21.624,21.624,21.624,21.624,21.624,21.624,21.624,21.624,21.624,21.624,21.624,21.624,21.624,21.624,21.624,21.624,21.624,21.624,21.624,21.624,21.624,21.624,21.624,21.624
1967-07-01,12.6,12.6,21.9,21.9,21.9,21.9,21.9,21.9,21.9,21.9,21.9,21.9,21.9,21.9,21.9,21.9,21.9,21.9,21.9,21.908,21.908,21.908,21.908,21.908,21.908,21.908,21.908,21.908,21.908,21.908,21.908,21.908,21.908,21.908,21.908,21.908,21.908,21.908,21.908,21.908,21.908,21.908,21.908,21.908,21.908,21.908,21.908,21.908
1967-10-01,13.1,13.1,22.6,22.6,22.6,22.6,22.6,22.6,22.6,22.6,22.6,22.6,22.6,22.6,22.6,22.6,22.6,22.6,22.6,22.644,22.644,22.644,22.644,22.644,22.644,22.644,22.644,22.644,22.644,22.644,22.644,22.644,22.644,22.644,22.644,22.644,22.644,22.644,22.644,22.644,22.644,22.644,22.644,22.644,22.644,22.644,22.644,22.644
1968-01-01,13.8,13.8,23.5,23.5,23.5,23.5,23.5,23.5,23.5,23.5,23.5,23.5,23.5,23.5,23.5,23.5,23.5,23.5,23.5,23.504,23.504,23.504,23.504,23.504,23.504,23.504,23.504,23.504,23.504,23.504,23.504,23.504,23.504,23.504,23.504,23.504,23.504,23.504,23.504,23.504,23.504,23.504,23.504,23.504,23.504,23.504,23.504,23.504
1968-04-01,14.5,14.5,24.4,24.4,24.4,24.4,24.4,24.4,24.4,24.4,24.4,24.4,24.4,24.4,24.4,24.4,24.4,24.4,24.4,24.372,24.372,24.372,24.372,24.372,24.372,24.372,24.372,24.372,24.372,24.372,24.372,24.372,24.372,24.372,24.372,24.372,24.372,24.372,24.372,24.372,24.372,24.372,24.372,24.372,24.372,24.372,24.372,24.372
1968-07-01,14.9,14.9,25.0,25.0,25.0,25.0,25.0,25.0,25.0,25.0,25.0,25.0,25.0,25.0,25.0,25.0,25.0,25.0,25.0,24.968,24.968,24.968,24.968,24.968,24.968,24.968,24.968,24.968,24.968,24.968,24.968,24.968,24.968,24.968,24.968,24.968,24.968,24.968,24.968,24.968,24.968,24.968,24.968,24.968,24.968,24.968,24.968,24.968
1968-10-01,15.1,15.1,25.4,25.4,25.4,25.4,25.4,25.4,25.4,25.4,25.4,25.4,25.4,25.4,25.4,25.4,25.4,25.4,25.4,25.364,25.364,25.364,25.364,25.364,25.364,25.364,25.364,25.364,25.364,25.364,25.364,25.364,25.364,25.364,25.364,25.364,25.364,25.364,25.364,25.364,25.364,25.364,25.364,25.364,25.364,25.364,25.364,25.364
1969-01-01,15.1,15.1,25.7,25.7,25.7,25.7,25.7,25.7,25.7,25.7,25.7,25.7,25.7,25.7,25.7,25.7,25.7,25.7,25.7,25.66,25.66,25.66,25.66,25.66,25.66,25.66,25.66,25.66,25.66,25.66,25.66,25.66,25.66,25.66,25.66,25.66,25.66,25.66,25.66,25.66,25.66,25.66,25.66,25.66,25.66,25.66,25.66,25.66
1969-04-01,15.6,15.6,26.7,26.7,26.7,26.7,26.7,26.7,26.7,26.7,26.7,26.7,26.7,26.7,26.7,26.7,26.7,26.7,26.7,26.664,26.664,26.664,26.664,26.664,26.664,26.664,26.664,26.664,26.664,26.664,26.664,26.664,26.664,26.664,26.664,26.664,26.664,26.664,26.664,26.664,26.664,26.664,26.664,26.664,26.664,26.664,26.664,26.664
1969-07-01,15.9,15.9,27.8,27.8,27.8,27.8,27.8,27.8,27.8,27.8,27.8,27.8,27.8,27.8,27.8,27.8,27.8,27.8,27.8,27.824,27.824,27.824,27.824,27.824,27.824,27.824,27.824,27.824,27.824,27.824,27.824,27.824,27.824,27.824,27.824,27.824,27.824,27.824,27.824,27.824,27.824,27.824,27.824,27.824,27.824,27.824,27.824,27.824
1969-10-01,16.7,16.7,29.7,29.7,29.7,29.7,29.7,29.7,29.7,29.7,29.7,29.7,29.7,29.7,29.7,29.7,29.7,29.7,29.7,29.708,29.708,29.708,29.708,29.708,29.708,29.708,29.708,29.708,29.708,29.708,29.708,29.708,29.708,29.708,29.708,29.708,29.708,29.708,29.708,29.708,29.708,29.708,29.708,29.708,29.708,29.708,29.708,29.708
1970-01-01,17.3,17.3,31.5,31.5,31.5,31.5,31.5,31.5,31.5,31.5,31.5,31.5,31.5,31.5,31.5,31.5,31.5,31.5,31.5,31.524,31.524,31.524,31.524,31.524,31.524,31.524,31.524,31.524,31.524,31.524,31.524,31.524,31.524,31.524,31.524,31.524,31.524,31.524,31.524,31.524,31.524,31.524,31.524,31.524,31.524,31.524,31.524,31.524
1970-04-01,17.5,17.5,32.9,32.9,32.9,32.9,32.9,32.9,32.9,32.9,32.9,32.9,32.9,32.9,32.9,32.9,32.9,32.9,32.9,32.88,32.88,32.88,32.88,32.88,32.88,32.88,32.88,32.88,32.88,32.88,32.88,32.88,32.88,32.88,32.88,32.88,32.88,32.88,32.88,32.88,32.88,32.88,32.88,32.88,32.88,32.88,32.88,32.88
1970-07-01,18.2,18.2,34.3,34.3,34.3,34.3,34.3,34.3,34.3,34.3,34.3,34.3,34.3,34.3,34.3,34.3,34.3,34.3,34.3,34.272,34.272,34.272,34.272,34.272,34.272,34.272,34.272,34.272,34.272,34.272,34.272,34.272,34.272,34.272,34.272,34.272,34.272,34.272,34.272,34.272,34.272,34.272,34.272,34.272,34.272,34.272,34.272,34.272
1970-10-01,18.0,18.0,34.6,34.6,34.6,34.6,34.6,34.6,34.6,34.6,34.6,34.6,34.6,34.6,34.6,34.6,34.6,34.6,34.6,34.644,34.644,34.644,34.644,34.644,34.644,34.644,34.644,34.644,34.644,34.644,34.644,34.644,34.644,34.644,34.644,34.644,34.644,34.644,34.644,34.644,34.644,34.644,34.644,34.644,34.644,34.644,34.644,34.644
1971-01-01,17.9,17.9,34.7,34.7,34.7,34.7,34.7,34.7,34.7,34.7,34.7,34.7,34.7,34.7,34.7,34.7,34.7,34.7,34.7,34.744,34.744,34.744,34.744,34.744,34.744,34.744,34.744,34.744,34.744,34.744,34.744,34.744,34.744,34.744,34.744,34.744,34.744,34.744,34.744,34.744,34.744,34.744,34.744,34.744,34.744,34.744,34.744,34.744
1971-04-01,17.6,17.6,34.8,34.8,34.8,34.8,34.8,34.8,34.8,34.8,34.8,34.8,34.8,34.8,34.8,34.8,34.8,34.8,34.8,34.756,34.756,34.756,34.756,34.756,34.756,34.756,34.756,34.756,34.756,34.756,34.756,34.756,34.756,34.756,34.756,34.756,34.756,34.756,34.756,34.756,34.756,34.756,34.756,34.756,34.756,34.756,34.756,34.756
1971-07-01,18.0,18.0,35.4,35.4,35.4,35.4,35.4,35.4,35.4,35.4,35.4,35.4,35.4,35.4,35.4,35.4,35.4,35.4,35.4,35.408,35.408,35.408,35.408,35.408,35.408,35.408,35.408,35.408,35.408,35.408,35.408,35.408,35.408,35.408,35.408,35.408,35.408,35.408,35.408,35.408,35.408,35.408,35.408,35.408,35.408,35.408,35.408,35.408
1971-10-01,18.2,18.2,36.0,36.0,36.0,36.0,36.0,36.0,36.0,36.0,36.0,36.0,36.0,36.0,36.0,36.0,36.0,36.0,36.0,36.032,36.032,36.032,36.032,36.032,36.032,36.032,36.032,36.032,36.032,36.032,36.032,36.032,36.032,36.032,36.032,36.032,36.032,36.032,36.032,36.032,36.032,36.032,36.032,36.032,36.032,36.032,36.032,36.032
1972-01-01,18.3,18.3,36.5,36.5,36.5,36.5,36.5,36.5,36.5,36.5,36.5,36.5,36.5,36.5,36.5,36.5,36.5,36.5,36.5,36.528,36.528,36.528,36.528,36.528,36.528,36.528,36.528,36.528,36.528,36.528,36.528,36.528,36.528,36.528,36.528,36.528,36.528,36.528,36.528,36.528,36.528,36.528,36.528,36.528,36.528,36.528,36.528,36.528
1972-04-01,18.6,18.6,37.2,37.2,37.2,37.2,37.2,37.2,37.2,37.2,37.2,37.2,37.2,37.2,37.2,37.2,37.2,37.2,37.2,37.184,37.184,37.184,37.184,37.184,37.184,37.184,37.184,37.184,37.184,37.184,37.184,37.184,37.184,37.184,37.184,37.184,37.184,37.184,37.184,37.184,37.184,37.184,37.184,37.184,37.184,37.184,37.184,37.184
1972-07-01,18.8,18.8,37.9,37.9,37.9,37.9,37.9,37.9,37.9,37.9,37.9,37.9,37.9,37.9,37.9,37.9,37.9,37.9,37.9,37.892,37.892,37.892,37.892,37.892,37.892,37.892,37.892,37.892,37.892,37.892,37.892,37.892,37.892,37.892,37.892,37.892,37.892,37.892,37.892,37.892,37.892,37.892,37.892,37.892,37.892,37.892,37.892,37.892
1972-10-01,19.4,19.4,38.9,38.9,38.9,38.9,38.9,38.9,38.9,38.9,38.9,38.9,38.9,38.9,38.9,38.9,38.9,38.9,38.9,38.916,38.916,38.916,38.916,38.916,38.916,38.916,38.916,38.916,38.916,38.916,38.916,38.916,38.916,38.916,38.916,38.916,38.916,38.916,38.916,38.916,38.916,38.916,38.916,38.916,38.916,38.916,38.916,38.916
1973-01-01,21.0,21.0,40.9,40.9,40.9,40.9,40.9,40.9,40.9,40.9,40.9,40.9,40.9,40.9,40.9,40.9,40.9,40.9,40.9,40.944,40.944,40.944,40.944,40.944,40.944,40.944,40.944,40.944,40.944,40.944,40.944,40.944,40.944,40.944,40.944,40.944,40.944,40.944,40.944,40.944,40.944,40.944,40.944,40.944,40.944,40.944,40.944,40.944
1973-04-01,22.4,22.4,42.6,42.6,42.6,42.6,42.6,42.6,42.6,42.6,42.6,42.6,42.6,42.6,42.6,42.6,42.6,42.6,42.6,42.644,42.644,42.644,42.644,42.644,42.644,42.644,42.644,42.644,42.644,42.644,42.644,42.644,42.644,42.644,42.644,42.644,42.644,42.644,42.644,42.644,42.644,42.644,42.644,42.644,42.644,42.644,42.644,42.644
1973-07-01,23.5,23.5,44.2,44.2,44.2,44.2,44.2,44.2,44.2,44.2,44.2,44.2,44.2,44.2,44.2,44.2,44.2,44.2,44.2,44.196,44.196,44.196,44.196,44.196,44.196,44.196,44.196,44.196,44.196,44.196,44.196,44.196,44.196,44.196,44.196,44.196,44.196,44.196,44.196,44.196,44.196,44.196,44.196,44.196,44.196,44.196,44.196,44.196
1973-10-01,24.3,24.3,45.4,45.4,45.4,45.4,45.4,45.4,45.4,45.4,45.4,45.4,45.4,45.4,45.4,45.4,45.4,45.4,45.4,45.38,45.38,45.38,45.38,45.38,45.38,45.38,45.38,45.38,45.38,45.38,45.38,45.38,45.38,45.38,45.38,45.38,45.38,45.38,45.38,45.38,45.38,45.38,45.38,45.38,45.38,45.38,45.38,45.38
1974-01-01,24.8,24.8,46.2,46.2,46.2,46.2,46.2,46.2,46.2,46.2,46.2,46.2,46.2,46.2,46.2,46.2,46.2,46.2,46.2,46.184,46.184,46.184,46.184,46.184,46.184,46.184,46.184,46.184,46.184,46.184,46.184,46.184,46.184,46.184,46.184,46.184,46.184,46.184,46.184,46.184,46.184,46.184,46.184,46.184,46.184,46.184,46.184,46.184
1974-04-01,25.6,25.6,47.4,47.4,47.4,47.4,47.4,47.4,47.4,47.4,47.4,47.4,47.4,47.4,47.4,47.4,47.4,47.4,47.4,47.376,47.376,47.376,47.376,47.376,47.376,47.376,47.376,47.376,47.376,47.376,47.376,47.376,47.376,47.376,47.376,47.376,47.376,47.376,47.376,47.376,47.376,47.376,47.376,47.376,47.376,47.376,47.376,47.376
1974-07-01,26.7,26.7,48.9,48.9,48.9,48.9,48.9,48.9,48.9,48.9,48.9,48.9,48.9,48.9,48.9,48.9,48.9,48.9,48.9,48.86,48.86,48.86,48.86,48.86,48.86,48.86,48.86,48.86,48.86,48.86,48.86,48.86,48.86,48.86,48.86,48.86,48.86,48.86,48.86,48.86,48.86,48.86,48.86,48.86,48.86,48.86,48.86,48.86
1974-10-01,26.9,26.9,49.5,49.5,49.5,49.5,49.5,49.5,49.5,49.5,49.5,49.5,49.5,49.5,49.5,49.5,49.5,49.5,49.5,49.516,49.516,49.516,49.516,49.516,49.516,49.516,49.516,49.516,49.516,49.516,49.516,49.516,49.516,49.516,49.516,49.516,49.516,49.516,49.516,49.516,49.516,49.516,49.516,49.516,49.516,49.516,49.516,49.516
1975-01-01,27.3,27.3,50.3,50.3,50.3,50.3,50.3,50.3,50.3,50.3,50.3,50.3,50.3,50.3,50.3,50.3,50.3,50.3,50.3,50.292,50.292,50.292,50.292,50.292,50.292,50.292,50.292,50.292,50.292,50.292,50.292,50.292,50.292,50.292,50.292,50.292,50.292,50.292,50.292,50.292,50.292,50.292,50.292,50.292,50.292,50.292,50.292,50.292
1975-04-01,28.1,28.1,51.5,51.5,51.5,51.5,51.5,51.5,51.5,51.5,51.5,51.5,51.5,51.5,51.5,51.5,51.5,51.5,51.5,51.468,51.468,51.468,51.468,51.468,51.468,51.468,51.468,51.468,51.468,51.468,51.468,51.468,51.468,51.468,51.468,51.468,51.468,51.468,51.468,51.468,51.468,51.468,51.468,51.468,51.468,51.468,51.468,51.468
1975-07-01,29.3,29.3,53.0,53.0,53.0,53.0,53.0,53.0,53.0,53.0,53.0,53.0,53.0,53.0,53.0,53.0,53.0,53.0,53.0,53.036,53.036,53.036,53.036,53.036,53.036,53.036,53.036,53.036,53.036,53.036,53.036,53.036,53.036,53.036,53.036,53.036,53.036,53.036,53.036,53.036,53.036,53.036,53.036,53.036,53.036,53.036,53.036,53.036
1975-10-01,31.0,31.0,55.1,55.1,55.1,55.1,55.1,55.1,55.1,55.1,55.1,55.1,55.1,55.1,55.1,55.1,55.1,55.1,55.1,55.072,55.072,55.072,55.072,55.072,55.072,55.072,55.072,55.072,55.072,55.072,55.072,55.072,55.072,55.072,55.072,55.072,55.072,55.072,55.072,55.072,55.072,55.072,55.072,55.072,55.072,55.072,55.072,55.072
1976-01-01,32.4,32.4,56.9,56.9,56.9,56.9,56.9,56.9,56.9,56.9,56.9,56.9,56.9,56.9,56.9,56.9,56.9,56.9,56.9,56.872,56.872,56.872,56.872,56.872,56.872,56.872,56.872,56.872,56.872,56.872,56.872,56.872,56.872,56.872,56.872,56.872,56.872,56.872,56.872,56.872,56.872,56.872,56.872,56.872,56.872,56.872,56.872,56.872
1976-04-01,33.2,33.2,58.1,58.1,58.1,58.1,58.1,58.1,58.1,58.1,58.1,58.1,58.1,58.1,58.1,58.1,58.1,58.1,58.1,58.092,58.092,58.092,58.092,58.092,58.092,58.092,58.092,58.092,58.092,58.092,58.092,58.092,58.092,58.092,58.092,58.092,58.092,58.092,58.092,58.092,58.092,58.092,58.092,58.092,58.092,58.092,58.092,58.092
1976-07-01,34.1,34.1,59.4,59.4,59.4,59.4,59.4,59.4,59.4,59.4,59.4,59.4,59.4,59.4,59.4,59.4,59.4,59.4,59.4,59.44,59.44,59.44,59.44,59.44,59.44,59.44,59.44,59.44,59.44,59.44,59.44,59.44,59.44,59.44,59.44,59.44,59.44,59.44,59.44,59.44,59.44,59.44,59.44,59.44,59.44,59.44,59.44,59.44
1976-10-01,35.4,35.4,61.2,61.2,61.2,61.2,61.2,61.2,61.2,61.2,61.2,61.2,61.2,61.2,61.2,61.2,61.2,61.2,61.2,61.18,61.18,61.18,61.18,61.18,61.18,61.18,61.18,61.18,61.18,61.18,61.18,61.18,61.18,61.18,61.18,61.18,61.18,61.18,61.18,61.18,61.18,61.18,61.18,61.18,61.18,61.18,61.18,61.18
1977-01-01,35.6,35.6,62.0,62.0,62.0,62.0,62.0,62.0,62.0,62.0,62.0,62.0,62.0,62.0,62.0,62.0,62.0,62.0,62.0,62.044,62.044,62.044,62.044,62.044,62.044,62.044,62.044,62.044,62.044,62.044,62.044,62.044,62.044,62.044,62.044,62.044,62.044,62.044,62.044,62.044,62.044,62.044,62.044,62.044,62.044,62.044,62.044,62.044
1977-04-01,36.4,36.4,63.8,63.8,63.8,63.8,63.8,63.8,63.8,63.8,63.8,63.8,63.8,63.8,63.8,63.8,63.8,63.8,63.8,63.776,63.776,63.776,63.776,63.776,63.776,63.776,63.776,63.776,63.776,63.776,63.776,63.776,63.776,63.776,63.776,63.776,63.776,63.776,63.776,63.776,63.776,63.776,63.776,63.776,63.776,63.776,63.776,63.776
1977-07-01,37.2,37.2,65.8,65.8,65.8,65.8,65.8,65.8,65.8,65.8,65.8,65.8,65.8,65.8,65.8,65.8,65.8,65.8,65.8,65.78,65.78,65.78,65.78,65.78,65.78,65.78,65.78,65.78,65.78,65.78,65.78,65.78,65.78,65.78,65.78,65.78,65.78,65.78,65.78,65.78,65.78,65.78,65.78,65.78,65.78,65.78,65.78,65.78
1977-10-01,39.2,39.2,69.4,69.4,69.4,69.4,69.4,69.4,69.4,69.4,69.4,69.4,69.4,69.4,69.4,69.4,69.4,69.4,69.4,69.444,69.444,69.444,69.444,69.444,69.444,69.444,69.444,69.444,69.444,69.444,69.444,69.444,69.444,69.444,69.444,69.444,69.444,69.444,69.444,69.444,69.444,69.444,69.444,69.444,69.444,69.444,69.444,69.444
1978-01-01,41.9,41.9,74.0,74.0,74.0,74.0,74.0,74.0,74.0,74.0,74.0,74.0,74.0,74.0,74.0,74.0,74.0,74.0,74.0,73.96,73.96,73.96,73.96,73.96,73.96,73.96,73.96,73.96,73.96,73.96,73.96,73.96,73.96,73.96,73.96,73.96,73.96,73.96,73.96,73.96,73.96,73.96,73.96,73.96,73.96,73.96,73.96,73.96
1978-04-01,43.8,43.8,77.3,77.3,77.3,77.3,77.3,77.3,77.3,77.3,77.3,77.3,77.3,77.3,77.3,77.3,77.3,77.3,77.3,77.34,77.34,77.34,77.34,77.34,77.34,77.34,77.34,77.34,77.34,77.34,77.34,77.34,77.34,77.34,77.34,77.34,77.34,77.34,77.34,77.34,77.34,77.34,77.34,77.34,77.34,77.34,77.34,77.34
1978-07-01,46.4,46.4,80.9,80.9,80.9,80.9,80.9,80.9,80.9,80.9,80.9,80.9,80.9,80.9,80.9,80.9,80.9,80.9,80.9,80.944,80.944,80.944,80.944,80.944,80.944,80.944,80.944,80.944,80.944,80.944,80.944,80.944,80.944,80.944,80.944,80.944,80.944,80.944,80.944,80.944,80.944,80.944,80.944,80.944,80.944,80.944,80.944,80.944
1978-10-01,49.2,49.2,84.2,84.2,84.2,84.2,84.2,84.2,84.2,84.2,84.2,84.2,84.2,84.2,84.2,84.2,84.2,84.2,84.2,84.204,84.204,84.204,84.204,84.204,84.204,84.204,84.204,84.204,84.204,84.204,84.204,84.204,84.204,84.204,84.204,84.204,84.204,84.204,84.204,84.204,84.204,84.204,84.204,84.204,84.204,84.204,84.204,84.204
1979-01-01,52.3,52.3,87.6,87.6,87.6,87.6,87.6,87.6,87.6,87.6,87.6,87.6,87.6,87.6,87.6,87.6,87.6,87.6,87.6,87.564,87.564,87.564,87.564,87.564,87.564,87.564,87.564,87.564,87.564,87.564,87.564,87.564,87.564,87.564,87.564,87.564,87.564,87.564,87.564,87.564,87.564,87.564,87.564,87.564,87.564,87.564,87.564,87.564
1979-04-01,54.4,54.4,89.9,89.9,89.9,89.9,89.9,89.9,89.9,89.9,89.9,89.9,89.9,89.9,89.9,89.9,89.9,89.9,89.9,89.912,89.912,89.912,89.912,89.912,89.912,89.912,89.912,89.912,89.912,89.912,89.912,89.912,89.912,89.912,89.912,89.912,89.912,89.912,89.912,89.912,89.912,89.912,89.912,89.912,89.912,89.912,89.912,89.912
1979-07-01,56.4,56.4,92.3,92.3,92.3,92.3,92.3,92.3,92.3,92.3,92.3,92.3,92.3,92.3,92.3,92.3,92.3,92.3,92.3,92.276,92.276,92.276,92.276,92.276,92.276,92.276,92.276,92.276,92.276,92.276,92.276,92.276,92.276,92.276,92.276,92.276,92.276,92.276,92.276,92.276,92.276,92.276,92.276,92.276,92.276,92.276,92.276,92.276
1979-10-01,59.7,59.7,96.1,96.1,96.1,96.1,96.1,96.1,96.1,96.1,96.1,96.1,96.1,96.1,96.1,96.1,96.1,96.1,96.1,96.072,96.072,96.072,96.072,96.072,96.072,96.072,96.072,96.072,96.072,96.072,96.072,96.072,96.072,96.072,96.072,96.072,96.072,96.072,96.072,96.072,96.072,96.072,96.072,96.072,96.072,96.072,96.072,96.072
1980-01-01,65.3,65.3,102.3,102.3,102.3,102.3,102.3,102.3,102.3,102.3,102.3,102.3,102.3,102.3,102.3,102.3,102.3,102.3,102.3,102.252,102.252,102.252,102.252,102.252,102.252,102.252,102.252,102.252,102.252,102.252,102.252,102.252,102.252,102.252,102.252,102.252,102.252,102.252,102.252,102.252,102.252,102.252,102.252,102.252,102.252,102.252,102.252,102.252
1980-04-01,69.7,69.7,107.3,107.3,107.3,107.3,107.3,107.3,107.3,107.3,107.3,107.3,107.3,107.3,107.3,107.3,107.3,107.3,107.3,107.264,107.264,107.264,107.264,107.264,107.264,107.264,107.264,107.264,107.264,107.264,107.264,107.264,107.264,107.264,107.264,107.264,107.264,107.264,107.264,107.264,107.264,107.264,107.264,107.264,107.264,107.264,107.264,107.264
1980-07-01,70.0,70.0,108.1,108.1,108.1,108.1,108.1,108.1,108.1,108.1,108.1,108.1,108.1,108.1,108.1,108.1,108.1,108.1,108.1,108.068,108.068,108.068,108.068,108.068,108.068,108.068,108.068,108.068,108.068,108.068,108.068,108.068,108.068,108.068,108.068,108.068,108.068,108.068,108.068,108.068,108.068,108.068,108.068,108.068,108.068,108.068,108.068,108.068
1980-10-01,73.9,73.9,112.5,112.5,112.5,112.5,112.5,112.5,112.5,112.5,112.5,112.5,112.5,112.5,112.5,112.5,112.5,112.5,112.5,112.532,112.532,112.532,112.532,112.532,112.532,112.532,112.532,112.532,112.532,112.532,112.532,112.532,112.532,112.532,112.532,112.532,112.532,112.532,112.532,112.532,112.532,112.532,112.532,112.532,112.532,112.532,112.532,112.532
1981-01-01,87.0,87.0,126.0,126.0,126.0,126.0,126.0,126.0,126.0,126.0,126.0,126.0,126.0,126.0,126.0,126.0,126.0,126.0,126.0,126.032,126.032,126.032,126.032,126.032,126.032,126.032,126.032,126.032,126.032,126.032,126.032,126.032,126.032,126.032,126.032,126.032,126.032,126.032,126.032,126.032,126.032,126.032,126.032,126.032,126.032,126.032,126.032,126.032
1981-04-01,90.1,90.1,129.5,129.5,129.5,129.5,129.5,129.5,129.5,129.5,129.5,129.5,129.5,129.5,129.5,129.5,129.5,129.5,129.5,129.536,129.536,129.536,129.536,129.536,129.536,129.536,129.536,129.536,129.536,129.536,129.536,129.536,129.536,129.536,129.536,129.536,129.536,129.536,129.536,129.536,129.536,129.536,129.536,129.536,129.536,129.536,129.536,129.536
1981-07-01,96.0,96.0,135.7,135.7,135.7,135.7,135.7,135.7,135.7,135.7,135.7,135.7,135.7,135.7,135.7,135.7,135.7,135.7,135.7,135.744,135.744,135.744,135.744,135.744,135.744,135.744,135.744,135.744,135.744,135.744,135.744,135.744,135.744,135.744,135.744,135.744,135.744,135.744,135.744,135.744,135.744,135.744,135.744,135.744,135.744,135.744,135.744,135.744
1981-10-01,102.4,102.4,142.4,142.4,142.4,142.4,142.4,142.4,142.4,142.4,142.4,142.4,142.4,142.4,142.4,142.4,142.4,142.4,142.4,142.404,142.404,142.404,142.404,142.404,142.404,142.404,142.404,142.404,142.404,142.404,142.404,142.404,142.404,142.404,142.404,142.404,142.404,142.404,142.404,142.404,142.404,142.404,142.404,142.404,142.404,142.404,142.404,142.404
1982-01-01,106.5,106.5,146.8,146.8,146.8,146.8,146.8,146.8,146.8,146.8,146.8,146.8,146.8,146.8,146.8,146.8,146.8,146.8,146.8,146.8,146.8,146.8,146.8,146.8,146.8,146.8,146.8,146.8,146.8,146.8,146.8,146.8,146.8,146.8,146.8,146.8,146.8,146.8,146.8,146.8,146.8,146.8,146.8,146.8,146.8,146.8,146.8,146.8
1982-04-01,110.2,110.2,150.9,150.9,150.9,150.9,150.9,150.9,150.9,150.9,150.9,150.9,150.9,150.9,150.9,150.9,150.9,150.9,150.9,150.908,150.908,150.908,150.908,150.908,150.908,150.908,150.908,150.908,150.908,150.908,150.908,150.908,150.908,150.908,150.908,150.908,150.908,150.908,150.908,150.908,150.908,150.908,150.908,150.908,150.908,150.908,150.908,150.908
1982-07-01,114.9,114.9,155.9,155.9,155.9,155.9,155.9,155.9,155.9,155.9,155.9,155.9,155.9,155.9,155.9,155.9,155.9,155.9,155.9,155.932,155.932,155.932,155.932,155.932,155.932,155.932,155.932,155.932,155.932,155.932,155.932,155.932,155.932,155.932,155.932,155.932,155.932,155.932,155.932,155.932,155.932,155.932,155.932,155.932,155.932,155.932,155.932,155.932
1982-10-01,115.5,115.5,157.1,157.1,157.1,157.1,157.1,157.1,157.1,157.1,157.1,157.1,157.1,157.1,157.1,157.1,157.1,157.1,157.1,157.084,157.084,157.084,157.084,157.084,157.084,157.084,157.084,157.084,157.084,157.084,157.084,157.084,157.084,157.084,157.084,157.084,157.084,157.084,157.084,157.084,157.084,157.084,157.084,157.084,157.084,157.084,157.084,157.084
1983-01-01,117.0,117.0,158.9,158.9,158.9,158.9,158.9,158.9,158.9,158.9,158.9,158.9,158.9,158.9,158.9,158.9,158.9,158.9,158.9,158.888,158.888,158.888,158.888,158.888,158.888,158.888,158.888,158.888,158.888,158.888,158.888,158.888,158.888,158.888,158.888,158.888,158.888,158.888,158.888,158.888,158.888,158.888,158.888,158.888,158.888,158.888,158.888,158.888
1983-04-01,121.0,121.0,163.1,163.1,163.1,163.1,163.1,163.1,163.1,163.1,163.1,163.1,163.1,163.1,163.1,163.1,163.1,163.1,163.1,163.136,163.136,163.136,163.136,163.136,163.136,163.136,163.136,163.136,163.136,163.136,163.136,163.136,163.136,163.136,163.136,163.136,163.136,163.136,163.136,163.136,163.136,163.136,163.136,163.136,163.136,163.136,163.136,163.136
1983-07-01,127.5,127.5,170.1,170.1,170.1,170.1,170.1,170.1,170.1,170.1,170.1,170.1,170.1,170.1,170.1,170.1,170.1,170.1,170.1,170.052,170.052,170.052,170.052,170.052,170.052,170.052,170.052,170.052,170.052,170.052,170.052,170.052,170.052,170.052,170.052,170.052,170.052,170.052,170.052,170.052,170.052,170.052,170.052,170.052,170.052,170.052,170.052,170.052
1983-10-01,132.8,132.8,175.8,175.8,175.8,175.8,175.8,175.8,175.8,175.8,175.8,175.8,175.8,175.8,175.8,175.8,175.8,175.8,175.8,175.808,175.808,175.808,175.808,175.808,175.808,175.808,175.808,175.808,175.808,175.808,175.808,175.808,175.808,175.808,175.808,175.808,175.808,175.808,175.808,175.808,175.808,175.808,175.808,175.808,175.808,175.808,175.808,175.808
1984-01-01,139.6,139.6,182.8,182.8,182.8,182.8,182.8,182.8,182.8,182.8,182.8,182.8,182.8,182.8,182.8,182.8,182.8,182.8,182.8,182.8,182.8,182.8,182.8,182.8,182.8,182.8,182.8,182.8,182.8,182.8,182.8,182.8,182.8,182.8,182.8,182.8,182.8,182.8,182.8,182.8,182.8,182.8,182.8,182.8,182.8,182.8,182.8,182.8
1984-04-01,145.0,145.0,188.4,188.4,188.4,188.4,188.4,188.4,188.4,188.4,188.4,188.4,188.4,188.4,188.4,188.4,188.4,188.4,188.4,188.412,188.412,188.412,188.412,188.412,188.412,188.412,188.412,188.412,188.412,188.412,188.412,188.412,188.412,188.412,188.412,188.412,188.412,188.412,188.412,188.412,188.412,188.412,188.412,188.412,188.412,188.412,188.412,188.412
1984-07-01,155.2,155.2,198.8,198.8,198.8,198.8,198.8,198.8,198.8,198.8,198.8,198.8,198.8,198.8,198.8,198.8,198.8,198.8,198.8,198.788,198.788,198.788,198.788,198.788,198.788,198.788,198.788,198.788,198.788,198.788,198.788,198.788,198.788,198.788,198.788,198.788,198.788,198.788,198.788,198.788,198.788,198.788,198.788,198.788,198.788,198.788,198.788,198.788
1984-10-01,161.5,161.5,205.3,205.3,205.3,205.3,205.3,205.3,205.3,205.3,205.3,205.3,205.3,205.3,205.3,205.3,205.3,205.3,205.3,205.308,205.308,205.308,205.308,205.308,205.308,205.308,205.308,205.308,205.308,205.308,205.308,205.308,205.308,205.308,205.308,205.308,205.308,205.308,205.308,205.308,205.308,205.308,205.308,205.308,205.308,205.308,205.308,205.308
1985-01-01,164.3,164.3,208.3,208.3,208.3,208.3,208.3,208.3,208.3,208.3,208.3,208.3,208.3,208.3,208.3,208.3,208.3,208.3,208.3,208.26,208.26,208.26,208.26,208.26,208.26,208.26,208.26,208.26,208.26,208.26,208.26,208.26,208.26,208.26,208.26,208.26,208.26,208.26,208.26,208.26,208.26,208.26,208.26,208.26,208.26,208.26,208.26,208.26
1985-04-01,169.0,169.0,213.1,213.1,213.1,213.1,213.1,213.1,213.1,213.1,213.1,213.1,213.1,213.1,213.1,213.1,213.1,213.1,213.1,213.144,213.144,213.144,213.144,213.144,213.144,213.144,213.144,213.144,213.144,213.144,213.144,213.144,213.144,213.144,213.144,213.144,213.144,213.144,213.144,213.144,213.144,213.144,213.144,213.144,213.144,213.144,213.144,213.144
1985-07-01,170.1,170.1,214.5,214.5,214.5,214.5,214.5,214.5,214.5,214.5,214.5,214.5,214.5,214.5,214.5,214.5,214.5,214.5,214.5,214.52,214.52,214.52,214.52,214.52,214.52,214.52,214.52,214.52,214.52,214.52,214.52,214.52,214.52,214.52,214.52,214.52,214.52,214.52,214.52,214.52,214.52,214.52,214.52,214.52,214.52,214.52,214.52,214.52
1985-10-01,174.2,174.2,219.0,219.0,219.0,219.0,219.0,219.0,219.0,219.0,219.0,219.0,219.0,219.0,219.0,219.0,219.0,219.0,219.0,219.044,219.044,219.044,219.044,219.044,219.044,219.044,219.044,219.044,219.044,219.044,219.044,219.044,219.044,219.044,219.044,219.044,219.044,219.044,219.044,219.044,219.044,219.044,219.044,219.044,219.044,219.044,219.044,219.044
1986-01-01,177.2,177.2,222.6,222.6,222.6,222.6,222.6,222.6,222.6,222.6,222.6,222.6,222.6,222.6,222.6,222.6,222.6,222.6,222.6,222.568,222.568,222.568,222.568,222.568,222.568,222.568,222.568,222.568,222.568,222.568,222.568,222.568,222.568,222.568,222.568,222.568,222.568,222.568,222.568,222.568,222.568,222.568,222.568,222.568,222.568,222.568,222.568,222.568
1986-04-01,178.5,178.5,224.3,224.3,224.3,224.3,224.3,224.3,224.3,224.3,224.3,224.3,224.3,224.3,224.3,224.3,224.3,224.3,224.3,224.276,224.276,224.276,224.276,224.276,224.276,224.276,224.276,224.276,224.276,224.276,224.276,224.276,224.276,224.276,224.276,224.276,224.276,224.276,224.276,224.276,224.276,224.276,224.276,224.276,224.276,224.276,224.276,224.276
1986-07-01,178.4,178.4,224.7,224.7,224.7,224.7,224.7,224.7,224.7,224.7,224.7,224.7,224.7,224.7,224.7,224.7,224.7,224.7,224.7,224.708,224.708,224.708,224.708,224.708,224.708,224.708,224.708,224.708,224.708,224.708,224.708,224.708,224.708,224.708,224.708,224.708,224.708,224.708,224.708,224.708,224.708,224.708,224.708,224.708,224.708,224.708,224.708,224.708
1986-10-01,178.5,178.5,225.3,225.3,225.3,225.3,225.3,225.3,225.3,225.3,225.3,225.3,225.3,225.3,225.3,225.3,225.3,225.3,225.3,225.264,225.264,225.264,225.264,225.264,225.264,225.264,225.264,225.264,225.264,225.264,225.264,225.264,225.264,225.264,225.264,225.264,225.264,225.264,225.264,225.264,225.264,225.264,225.264,225.264,225.264,225.264,225.264,225.264
1987-01-01,179.7,179.7,227.0,227.0,227.0,227.0,227.0,227.0,227.0,227.0,227.0,227.0,227.0,227.0,227.0,227.0,227.0,227.0,227.0,226.988,226.988,226.988,226.988,226.988,226.988,226.988,226.988,226.988,226.988,226.988,226.988,226.988,226.988,226.988,226.988,226.988,226.988,226.988,226.988,226.988,226.988,226.988,226.988,226.988,226.988,226.988,226.988,226.988
1987-04-01,181.5,181.5,229.1,229.1,229.1,229.1,229.1,229.1,229.1,229.1,229.1,229.1,229.1,229.1,229.1,229.1,229.1,229.1,229.1,229.136,229.136,229.136,229.136,229.136,229.136,229.136,229.136,229.136,229.136,229.136,229.136,229.136,229.136,229.136,229.136,229.136,229.136,229.136,229.136,229.136,229.136,229.136,229.136,229.136,229.136,229.136,229.136,229.136
1987-07-01,185.2,185.2,233.2,233.2,233.2,233.2,233.2,233.2,233.2,233.2,233.2,233.2,233.2,233.2,233.2,233.2,233.2,233.2,233.2,233.152,233.152,233.152,233.152,233.152,233.152,233.152,233.152,233.152,233.152,233.152,233.152,233.152,233.152,233.152,233.152,233.152,233.152,233.152,233.152,233.152,233.152,233.152,233.152,233.152,233.152,233.152,233.152,233.152
1987-10-01,191.8,191.8,240.0,240.0,240.0,240.0,240.0,240.0,240.0,240.0,240.0,240.0,240.0,240.0,240.0,240.0,240.0,240.0,240.0,239.984,239.984,239.984,239.984,239.984,239.984,239.984,239.984,239.984,239.984,239.984,239.984,239.984,239.984,239.984,239.984,239.984,239.984,239.984,239.984,239.984,239.984,239.984,239.984,239.984,239.984,239.984,239.984,239.984
1988-01-01,195.9,195.9,244.1,244.1,244.1,244.1,244.1,244.1,244.1,244.1,244.1,244.1,244.1,244.1,244.1,244.1,244.1,244.1,244.1,244.124,244.124,244.124,244.124,244.124,244.124,244.124,244.124,244.124,244.124,244.124,244.124,244.124,244.124,244.124,244.124,244.124,244.124,244.124,244.124,244.124,244.124,244.124,244.124,244.124,244.124,244.124,244.124,244.124
1988-04-01,196.2,196.2,244.6,244.6,244.6,244.6,244.6,244.6,244.6,244.6,244.6,244.6,244.6,244.6,244.6,244.6,244.6,244.6,244.6,244.608,244.608,244.608,244.608,244.608,244.608,244.608,244.608,244.608,244.608,244.608,244.608,244.608,244.608,244.608,244.608,244.608,244.608,244.608,244.608,244.608,244.608,244.608,244.608,244.608,244.608,244.608,244.608,244.608
1988-07-01,200.1,200.1,248.9,248.9,248.9,248.9,248.9,248.9,248.9,248.9,248.9,248.9,248.9,248.9,248.9,248.9,248.9,248.9,248.9,248.86,248.86,248.86,248.86,248.86,248.86,248.86,248.86,248.86,248.86,248.86,248.86,248.86,248.86,248.86,248.86,248.86,248.86,248.86,248.86,248.86,248.86,248.86,248.86,248.86,248.86,248.86,248.86,248.86
1988-10-01,205.0,205.0,254.1,254.1,254.1,254.1,254.1,254.1,254.1,254.1,254.1,254.1,254.1,254.1,254.1,254.1,254.1,254.1,254.1,254.068,254.068,254.068,254.068,254.068,254.068,254.068,254.068,254.068,254.068,254.068,254.068,254.068,254.068,254.068,254.068,254.068,254.068,254.068,254.068,254.068,254.068,254.068,254.068,254.068,254.068,254.068,254.068,254.068
1989-01-01,213.5,213.5,263.2,263.2,263.2,263.2,263.2,263.2,263.2,263.2,263.2,263.2,263.2,263.2,263.2,263.2,263.2,263.2,263.2,263.236,263.236,263.236,263.236,263.236,263.236,263.236,263.236,263.236,263.236,263.236,263.236,263.236,263.236,263.236,263.236,263.236,263.236,263.236,263.236,263.236,263.236,263.236,263.236,263.236,263.236,263.236,263.236,263.236
1989-04-01,219.1,219.1,269.3,269.3,269.3,269.3,269.3,269.3,269.3,269.3,269.3,269.3,269.3,269.3,269.3,269.3,269.3,269.3,269.3,269.26,269.26,269.26,269.26,269.26,269.26,269.26,269.26,269.26,269.26,269.26,269.26,269.26,269.26,269.26,269.26,269.26,269.26,269.26,269.26,269.26,269.26,269.26,269.26,269.26,269.26,269.26,269.26,269.26
1989-07-01,220.9,220.9,271.4,271.4,271.4,271.4,271.4,271.4,271.4,271.4,271.4,271.4,271.4,271.4,271.4,271.4,271.4,271.4,271.4,271.388,271.388,271.388,271.388,271.388,271.388,271.388,271.388,271.388,271.388,271.388,271.388,271.388,271.388,271.388,271.388,271.388,271.388,271.388,271.388,271.388,271.388,271.388,271.388,271.388,271.388,271.388,271.388,271.388
1989-10-01,223.9,223.9,274.8,274.8,274.8,274.8,274.8,274.8,274.8,274.8,274.8,274.8,274.8,274.8,274.8,274.8,274.8,274.8,274.8,274.756,274.756,274.756,274.756,274.756,274.756,274.756,274.756,274.756,274.756,274.756,274.756,274.756,274.756,274.756,274.756,274.756,274.756,274.756,274.756,274.756,274.756,274.756,274.756,274.756,274.756,274.756,274.756,274.756
1990-01-01,229.2,229.2,280.3,280.3,280.3,280.3,280.3,280.3,280.3,280.3,280.3,280.3,280.3,280.3,280.3,280.3,280.3,280.3,280.3,280.316,280.316,280.316,280.316,280.316,280.316,280.316,280.316,280.316,280.316,280.316,280.316,280.316,280.316,280.316,280.316,280.316,280.316,280.316,280.316,280.316,280.316,280.316,280.316,280.316,280.316,280.316,280.316,280.316
1990-04-01,233.6,233.6,285.0,285.0,285.0,285.0,285.0,285.0,285.0,285.0,285.0,285.0,285.0,285.0,285.0,285.0,285.0,285.0,285.0,285.016,285.016,285.016,285.016,285.016,285.016,285.016,285.016,285.016,285.016,285.016,285.016,285.016,285.016,285.016,285.016,285.016,285.016,285.016,285.016,285.016,285.016,285.016,285.016,285.016,285.016,285.016,285.016,285.016
1990-07-01,241.5,241.5,293.2,293.2,293.2,293.2,293.2,293.2,293.2,293.2,293.2,293.2,293.2,293.2,293.2,293.2,293.2,293.2,293.2,293.212,293.212,293.212,293.212,293.212,293.212,293.212,293.212,293.212,293.212,293.212,293.212,293.212,293.212,293.212,293.212,293.212,293.212,293.212,293.212,293.212,293.212,293.212,293.212,293.212,293.212,293.212,293.212,293.212
1990-10-01,245.5,245.5,297.6,297.6,297.6,297.6,297.6,297.6,297.6,297.6,297.6,297.6,297.6,297.6,297.6,297.6,297.6,297.6,297.6,297.64,297.64,297.64,297.64,297.64,297.64,297.64,297.64,297.64,297.64,297.64,297.64,297.64,297.64,297.64,297.64,297.64,297.64,297.64,297.64,297.64,297.64,297.64,297.64,297.64,297.64,297.64,297.64,297.64
1991-01-01,248.2,248.2,300.9,300.9,300.9,300.9,300.9,300.9,300.9,300.9,300.9,300.9,300.9,300.9,300.9,300.9,300.9,300.9,300.9,300.884,300.884,300.884,300.884,300.884,300.884,300.884,300.884,300.884,300.884,300.884,300.884,300.884,300.884,300.884,300.884,300.884,300.884,300.884,300.884,300.884,300.884,300.884,300.884,300.884,300.884,300.884,300.884,300.884
1991-04-01,251.0,251.0,304.1,304.1,304.1,304.1,304.1,304.1,304.1,304.1,304.1,304.1,304.1,304.1,304.1,304.1,304.1,304.1,304.1,304.124,304.124,304.124,304.124,304.124,304.124,304.124,304.124,304.124,304.124,304.124,304.124,304.124,304.124,304.124,304.124,304.124,304.124,304.124,304.124,304.124,304.124,304.124,304.124,304.124,304.124,304.124,304.124,304.124
1991-07-01,250.7,250.7,304.4,304.4,304.4,304.4,304.4,304.4,304.4,304.4,304.4,304.4,304.4,304.4,304.4,304.4,304.4,304.4,304.4,304.38,304.38,304.38,304.38,304.38,304.38,304.38,304.38,304.38,304.38,304.38,304.38,304.38,304.38,304.38,304.38,304.38,304.38,304.38,304.38,304.38,304.38,304.38,304.38,304.38,304.38,304.38,304.38,304.38
1991-10-01,253.9,253.9,308.0,308.0,308.0,308.0,308.0,308.0,308.0,308.0,308.0,308.0,308.0,308.0,308.0,308.0,308.0,308.0,308.0,308.044,308.044,308.044,308.044,308.044,308.044,308.044,308.044,308.044,308.044,308.044,308.044,308.044,308.044,308.044,308.044,308.044,308.044,308.044,308.044,308.044,308.044,308.044,308.044,308.044,308.044,308.044,308.044,308.044
1992-01-01,251.7,251.7,306.4,306.4,306.4,306.4,306.4,306.4,306.4,306.4,306.4,306.4,306.4,306.4,306.4,306.4,306.4,306.4,306.4,306.436,306.436,306.436,306.436,306.436,306.436,306.436,306.436,306.436,306.436,306.436,306.436,306.436,306.436,306.436,306.436,306.436,306.436,306.436,306.436,306.436,306.436,306.436,306.436,306.436,306.436,306.436,306.436,306.436
1992-04-01,252.6,252.6,307.9,307.9,307.9,307.9,307.9,307.9,307.9,307.9,307.9,307.9,307.9,307.9,307.9,307.9,307.9,307.9,307.9,307.912,307.912,307.912,307.912,307.912,307.912,307.912,307.912,307.912,307.912,307.912,307.912,307.912,307.912,307.912,307.912,307.912,307.912,307.912,307.912,307.912,307.912,307.912,307.912,307.912,307.912,307.912,307.912,307.912
1992-07-01,251.8,251.8,307.7,307.7,307.7,307.7,307.7,307.7,307.7,307.7,307.7,307.7,307.7,307.7,307.7,307.7,307.7,307.7,307.7,307.676,307.676,307.676,307.676,307.676,307.676,307.676,307.676,307.676,307.676,307.676,307.676,307.676,307.676,307.676,307.676,307.676,307.676,307.676,307.676,307.676,307.676,307.676,307.676,307.676,307.676,307.676,307.676,307.676
1992-10-01,248.9,248.9,305.5,305.5,305.5,305.5,305.5,305.5,305.5,305.5,305.5,305.5,305.5,305.5,305.5,305.5,305.5,305.5,305.5,305.524,305.524,305.524,305.524,305.524,305.524,305.524,305.524,305.524,305.524,305.524,305.524,305.524,305.524,305.524,305.524,305.524,305.524,305.524,305.524,305.524,305.524,305.524,305.524,305.524,305.524,305.524,305.524,305.524
1993-01-01,253.4,253.4,310.8,310.8,310.8,310.8,310.8,310.8,310.8,310.8,310.8,310.8,310.8,310.8,310.8,310.8,310.8,310.8,310.8,310.764,310.764,310.764,310.764,310.764,310.764,310.764,310.764,310.764,310.764,310.764,310.764,310.764,310.764,310.764,310.764,310.764,310.764,310.764,310.764,310.764,310.764,310.764,310.764,310.764,310.764,310.764,310.764,310.764
1993-04-01,253.9,253.9,311.9,311.9,311.9,311.9,311.9,311.9,311.9,311.9,311.9,311.9,311.9,311.9,311.9,311.9,311.9,311.9,311.9,311.852,311.852,311.852,311.852,311.852,311.852,311.852,311.852,311.852,311.852,311.852,311.852,311.852,311.852,311.852,311.852,311.852,311.852,311.852,311.852,311.852,311.852,311.852,311.852,311.852,311.852,311.852,311.852,311.852
1993-07-01,254.2,254.2,312.5,312.5,312.5,312.5,312.5,312.5,312.5,312.5,312.5,312.5,312.5,312.5,312.5,312.5,312.5,312.5,312.5,312.504,312.504,312.504,312.504,312.504,312.504,312.504,312.504,312.504,312.504,312.504,312.504,312.504,312.504,312.504,312.504,312.504,312.504,312.504,312.504,312.504,312.504,312.504,312.504,312.504,312.504,312.504,312.504,312.504
1993-10-01,252.0,252.0,310.6,310.6,310.6,310.6,310.6,310.6,310.6,310.6,310.6,310.6,310.6,310.6,310.6,310.6,310.6,310.6,310.6,310.636,310.636,310.636,310.636,310.636,310.636,310.636,310.636,310.636,310.636,310.636,310.636,310.636,310.636,310.636,310.636,310.636,310.636,310.636,310.636,310.636,310.636,310.636,310.636,310.636,310.636,310.636,310.636,310.636
1994-01-01,250.4,250.4,309.2,309.2,309.2,309.2,309.2,309.2,309.2,309.2,309.2,309.2,309.2,309.2,309.2,309.2,309.2,309.2,309.2,309.236,309.236,309.236,309.236,309.236,309.236,309.236,309.236,309.236,309.236,309.236,309.236,309.236,309.236,309.236,309.236,309.236,309.236,309.236,309.236,309.236,309.236,309.236,309.236,309.236,309.236,309.236,309.236,309.236
1994-04-01,257.5,257.5,316.6,316.6,316.6,316.6,316.6,316.6,316.6,316.6,316.6,316.6,316.6,316.6,316.6,316.6,316.6,316.6,316.6,316.624,316.624,316.624,316.624,316.624,316.624,316.624,316.624,316.624,316.624,316.624,316.624,316.624,316.624,316.624,316.624,316.624,316.624,316.624,316.624,316.624,316.624,316.624,316.624,316.624,316.624,316.624,316.624,316.624
1994-07-01,264.3,264.3,324.0,324.0,324.0,324.0,324.0,324.0,324.0,324.0,324.0,324.0,324.0,324.0,324.0,324.0,324.0,324.0,324.0,323.992,323.992,323.992,323.992,323.992,323.992,323.992,323.992,323.992,323.992,323.992,323.992,323.992,323.992,323.992,323.992,323.992,323.992,323.992,323.992,323.992,323.992,323.992,323.992,323.992,323.992,323.992,323.992,323.992
1994-10-01,273.2,273.2,333.5,333.5,333.5,333.5,333.5,333.5,333.5,333.5,333.5,333.5,333.5,333.5,333.5,333.5,333.5,333.5,333.5,333.508,333.508,333.508,333.508,333.508,333.508,333.508,333.508,333.508,333.508,333.508,333.508,333.508,333.508,333.508,333.508,333.508,333.508,333.508,333.508,333.508,333.508,333.508,333.508,333.508,333.508,333.508,333.508,333.508
1995-01-01,283.1,283.1,344.4,344.4,344.4,344.4,344.4,344.4,344.4,344.4,344.4,344.4,344.4,344.4,344.4,344.4,344.4,344.4,344.4,344.356,344.356,344.356,344.356,344.356,344.356,344.356,344.356,344.356,344.356,344.356,344.356,344.356,344.356,344.356,344.356,344.356,344.356,344.356,344.356,344.356,344.356,344.356,344.356,344.356,344.356,344.356,344.356,344.356
1995-04-01,290.2,290.2,352.0,352.0,352.0,352.0,352.0,352.0,352.0,352.0,352.0,352.0,352.0,352.0,352.0,352.0,352.0,352.0,352.0,352.04,352.04,352.04,352.04,352.04,352.04,352.04,352.04,352.04,352.04,352.04,352.04,352.04,352.04,352.04,352.04,352.04,352.04,352.04,352.04,352.04,352.04,352.04,352.04,352.04,352.04,352.04,352.04,352.04
1995-07-01,293.4,293.4,355.6,355.6,355.6,355.6,355.6,355.6,355.6,355.6,355.6,355.6,355.6,355.6,355.6,355.6,355.6,355.6,355.6,355.632,355.632,355.632,355.632,355.632,355.632,355.632,355.632,355.632,355.632,355.632,355.632,355.632,355.632,355.632,355.632,355.632,355.632,355.632,355.632,355.632,355.632,355.632,355.632,355.632,355.632,355.632,355.632,355.632
1995-10-01,294.9,294.9,357.3,357.3,357.3,357.3,357.3,357.3,357.3,357.3,357.3,357.3,357.3,357.3,357.3,357.3,357.3,357.3,357.3,357.276,357.276,357.276,357.276,357.276,357.276,357.276,357.276,357.276,357.276,357.276,357.276,357.276,357.276,357.276,357.276,357.276,357.276,357.276,357.276,357.276,357.276,357.276,357.276,357.276,357.276,357.276,357.276,357.276
1996-01-01,296.9,296.9,359.1,359.1,359.1,359.1,359.1,359.1,359.1,359.1,359.1,359.1,359.1,359.1,359.1,359.1,359.1,359.1,359.1,359.124,359.124,359.124,359.124,359.124,359.124,359.124,359.124,359.124,359.124,359.124,359.124,359.124,359.124,359.124,359.124,359.124,359.124,359.124,359.124,359.124,359.124,359.124,359.124,359.124,359.124,359.124,359.124,359.124
1996-04-01,294.8,294.8,357.2,357.2,357.2,357.2,357.2,357.2,357.2,357.2,357.2,357.2,357.2,357.2,357.2,357.2,357.2,357.2,357.2,357.216,357.216,357.216,357.216,357.216,357.216,357.216,357.216,357.216,357.216,357.216,357.216,357.216,357.216,357.216,357.216,357.216,357.216,357.216,357.216,357.216,357.216,357.216,357.216,357.216,357.216,357.216,357.216,357.216
1996-07-01,298.3,298.3,361.2,361.2,361.2,361.2,361.2,361.2,361.2,361.2,361.2,361.2,361.2,361.2,361.2,361.2,361.2,361.2,361.2,361.172,361.172,361.172,361.172,361.172,361.172,361.172,361.172,361.172,361.172,361.172,361.172,361.172,361.172,361.172,361.172,361.172,361.172,361.172,361.172,361.172,361.172,361.172,361.172,361.172,361.172,361.172,361.172,361.172
1996-10-01,298.9,298.9,362.4,362.4,362.4,362.4,362.4,362.4,362.4,362.4,362.4,362.4,362.4,362.4,362.4,362.4,362.4,362.4,362.4,362.44,362.44,362.44,362.44,362.44,362.44,362.44,362.44,362.44,362.44,362.44,362.44,362.44,362.44,362.44,362.44,362.44,362.44,362.44,362.44,362.44,362.44,362.44,362.44,362.44,362.44,362.44,362.44,362.44
1997-01-01,297.5,297.5,362.2,362.2,362.2,362.2,362.2,362.2,362.2,362.2,362.2,362.2,362.2,362.2,362.2,362.2,362.2,362.2,362.2,362.184,362.184,362.184,362.184,362.184,362.184,362.184,362.184,362.184,362.184,362.184,362.184,362.184,362.184,362.184,362.184,362.184,362.184,362.184,362.184,362.184,362.184,362.184,362.184,362.184,362.184,362.184,362.184,362.184
1997-04-01,299.3,299.3,364.8,364.8,364.8,364.8,364.8,364.8,364.8,364.8,364.8,364.8,364.8,364.8,364.8,364.8,364.8,364.8,364.8,364.768,364.768,364.768,364.768,364.768,364.768,364.768,364.768,364.768,364.768,364.768,364.768,364.768,364.768,364.768,364.768,364.768,364.768,364.768,364.768,364.768,364.768,364.768,364.768,364.768,364.768,364.768,364.768,364.768
1997-07-01,301.1,301.1,367.1,367.1,367.1,367.1,367.1,367.1,367.1,367.1,367.1,367.1,367.1,367.1,367.1,367.1,367.1,367.1,367.1,367.076,367.076,367.076,367.076,367.076,367.076,367.076,367.076,367.076,367.076,367.076,367.076,367.076,367.076,367.076,367.076,367.076,367.076,367.076,367.076,367.076,367.076,367.076,367.076,367.076,367.076,367.076,367.076,367.076
1997-10-01,302.0,302.0,368.4,368.4,368.4,368.4,368.4,368.4,368.4,368.4,368.4,368.4,368.4,368.4,368.4,368.4,368.4,368.4,368.4,368.372,368.372,368.372,368.372,368.372,368.372,368.372,368.372,368.372,368.372,368.372,368.372,368.372,368.372,368.372,368.372,368.372,368.372,368.372,368.372,368.372,368.372,368.372,368.372,368.372,368.372,368.372,368.372,368.372
1998-01-01,302.3,302.3,368.3,368.3,368.3,368.3,368.3,368.3,368.3,368.3,368.3,368.3,368.3,368.3,368.3,368.3,368.3,368.3,368.3,368.336,368.336,368.336,368.336,368.336,368.336,368.336,368.336,368.336,368.336,368.336,368.336,368.336,368.336,368.336,368.336,368.336,368.336,368.336,368.336,368.336,368.336,368.336,368.336,368.336,368.336,368.336,368.336,368.336
1998-04-01,301.2,301.2,367.6,367.6,367.6,367.6,367.6,367.6,367.6,367.6,367.6,367.6,367.6,367.6,367.6,367.6,367.6,367.6,367.6,367.648,367.648,367.648,367.648,367.648,367.648,367.648,367.648,367.648,367.648,367.648,367.648,367.648,367.648,367.648,367.648,367.648,367.648,367.648,367.648,367.648,367.648,367.648,367.648,367.648,367.648,367.648,367.648,367.648
1998-07-01,299.3,299.3,366.2,366.2,366.2,366.2,366.2,366.2,366.2,366.2,366.2,366.2,366.2,366.2,366.2,366.2,366.2,366.2,366.2,366.204,366.204,366.204,366.204,366.204,366.204,366.204,366.204,366.204,366.204,366.204,366.204,366.204,366.204,366.204,366.204,366.204,366.204,366.204,366.204,366.204,366.204,366.204,366.204,366.204,366.204,366.204,366.204,366.204
1998-10-01,292.6,292.6,360.1,360.1,360.1,360.1,360.1,360.1,360.1,360.1,360.1,360.1,360.1,360.1,360.1,360.1,360.1,360.1,360.1,360.088,360.088,360.088,360.088,360.088,360.088,360.088,360.088,360.088,360.088,360.088,360.088,360.088,360.088,360.088,360.088,360.088,360.088,360.088,360.088,360.088,360.088,360.088,360.088,360.088,360.088,360.088,360.088,360.088
1999-01-01,284.4,284.4,353.2,353.2,353.2,353.2,353.2,353.2,353.2,353.2,353.2,353.2,353.2,353.2,353.2,353.2,353.2,353.2,353.2,353.188,353.188,353.188,353.188,353.188,353.188,353.188,353.188,353.188,353.188,353.188,353.188,353.188,353.188,353.188,353.188,353.188,353.188,353.188,353.188,353.188,353.188,353.188,353.188,353.188,353.188,353.188,353.188,353.188
1999-04-01,283.3,283.3,352.7,352.7,352.7,352.7,352.7,352.7,352.7,352.7,352.7,352.7,352.7,352.7,352.7,352.7,352.7,352.7,352.7,352.736,352.736,352.736,352.736,352.736,352.736,352.736,352.736,352.736,352.736,352.736,352.736,352.736,352.736,352.736,352.736,352.736,352.736,352.736,352.736,352.736,352.736,352.736,352.736,352.736,352.736,352.736,352.736,352.736
1999-07-01,280.1,280.1,349.9,349.9,349.9,349.9,349.9,349.9,349.9,349.9,349.9,349.9,349.9,349.9,349.9,349.9,349.9,349.9,349.9,349.948,349.948,349.948,349.948,349.948,349.948,349.948,349.948,349.948,349.948,349.948,349.948,349.948,349.948,349.948,349.948,349.948,349.948,349.948,349.948,349.948,349.948,349.948,349.948,349.948,349.948,349.948,349.948,349.948
1999-10-01,282.8,282.8,352.9,352.9,352.9,352.9,352.9,352.9,352.9,352.9,352.9,352.9,352.9,352.9,352.9,352.9,352.9,352.9,352.9,352.864,352.864,352.864,352.864,352.864,352.864,352.864,352.864,352.864,352.864,352.864,352.864,352.864,352.864,352.864,352.864,352.864,352.864,352.864,352.864,352.864,352.864,352.864,352.864,352.864,352.864,352.864,352.864,352.864
2000-01-01,285.1,285.1,355.0,355.0,355.0,355.0,355.0,355.0,355.0,355.0,355.0,355.0,355.0,355.0,355.0,355.0,355.0,355.0,355.0,355.028,355.028,355.028,355.028,355.028,355.028,355.028,355.028,355.028,355.028,355.028,355.028,355.028,355.028,355.028,355.028,355.028,355.028,355.028,355.028,355.028,355.028,355.028,355.028,355.028,355.028,355.028,355.028,355.028
2000-04-01,285.7,285.7,355.9,355.9,355.9,355.9,355.9,355.9,355.9,355.9,355.9,355.9,355.9,355.9,355.9,355.9,355.9,355.9,355.9,355.9,355.9,355.9,355.9,355.9,355.9,355.9,355.9,355.9,355.9,355.9,355.9,355.9,355.9,355.9,355.9,355.9,355.9,355.9,355.9,355.9,355.9,355.9,355.9,355.9,355.9,355.9,355.9,355.9
2000-07-01,282.5,282.5,353.1,353.1,353.1,353.1,353.1,353.1,353.1,353.1,353.1,353.1,353.1,353.1,353.1,353.1,353.1,353.1,353.1,353.092,353.092,353.092,353.092,353.092,353.092,353.092,353.092,353.092,353.092,353.092,353.092,353.092,353.092,353.092,353.092,353.092,353.092,353.092,353.092,353.092,353.092,353.092,353.092,353.092,353.092,353.092,353.092,353.092
2000-10-01,279.6,279.6,350.9,350.9,350.9,350.9,350.9,350.9,350.9,350.9,350.9,350.9,350.9,350.9,350.9,350.9,350.9,350.9,350.9,350.892,350.892,350.892,350.892,350.892,350.892,350.892,350.892,350.892,350.892,350.892,350.892,350.892,350.892,350.892,350.892,350.892,350.892,350.892,350.892,350.892,350.892,350.892,350.892,350.892,350.892,350.892,350.892,350.892
2001-01-01,274.5,274.5,346.6,346.6,346.6,346.6,346.6,346.6,346.6,346.6,346.6,346.6,346.6,346.6,346.6,346.6,346.6,346.6,346.6,346.564,346.564,346.564,346.564,346.564,346.564,346.564,346.564,346.564,346.564,346.564,346.564,346.564,346.564,346.564,346.564,346.564,346.564,346.564,346.564,346.564,346.564,346.564,346.564,346.564,346.564,346.564,346.564,346.564
2001-04-01,263.7,263.7,336.4,336.4,336.4,336.4,336.4,336.4,336.4,336.4,336.4,336.4,336.4,336.4,336.4,336.4,336.4,336.4,336.4,336.36,336.36,336.36,336.36,336.36,336.36,336.36,336.36,336.36,336.36,336.36,336.36,336.36,336.36,336.36,336.36,336.36,336.36,336.36,336.36,336.36,336.36,336.36,336.36,336.36,336.36,336.36,336.36,336.36
2001-07-01,253.3,253.3,326.3,326.3,326.3,326.3,326.3,326.3,326.3,326.3,326.3,326.3,326.3,326.3,326.3,326.3,326.3,326.3,326.3,326.276,326.276,326.276,326.276,326.276,326.276,326.276,326.276,326.276,326.276,326.276,326.276,326.276,326.276,326.276,326.276,326.276,326.276,326.276,326.276,326.276,326.276,326.276,326.276,326.276,326.276,326.276,326.276,326.276
2001-10-01,242.8,242.8,315.7,315.7,315.7,315.7,315.7,315.7,315.7,315.7,315.7,315.7,315.7,315.7,315.7,315.7,315.7,315.7,315.7,315.7,315.7,315.7,315.7,315.7,315.7,315.7,315.7,315.7,315.7,315.7,315.7,315.7,315.7,315.7,315.7,315.7,315.7,315.7,315.7,315.7,315.7,315.7,315.7,315.7,315.7,315.7,315.7,315.7
2002-01-01,229.9,229.9,302.7,302.7,302.7,302.7,302.7,302.7,302.7,302.7,302.7,302.7,302.7,302.7,302.7,302.7,302.7,302.7,302.7,302.668,302.668,302.668,302.668,302.668,302.668,304.148,304.148,304.148,304.148,304.148,304.148,304.148,304.148,304.148,304.148,304.148,304.148,304.148,304.148,304.148,304.148,304.148,304.148,304.148,304.148,304.148,304.148,304.148
2002-04-01,233.3,233.3,306.3,306.3,306.3,306.3,306.3,306.3,306.3,306.3,306.3,306.3,306.3,306.3,306.3,306.3,306.3,306.3,306.3,306.26,306.26,306.26,306.26,306.26,306.26,302.469,302.469,302.469,302.469,302.469,302.469,302.469,302.469,302.469,302.469,302.469,302.469,302.469,302.469,302.469,302.469,302.469,302.469,302.469,302.469,302.469,302.469,302.469
2002-07-01,227.7,227.7,301.4,301.4,301.4,301.4,301.4,301.4,301.4,301.4,301.4,301.4,301.4,301.4,301.4,301.4,301.4,301.4,301.4,301.44,301.44,301.44,301.44,301.44,301.44,298.694,298.694,298.694,298.694,298.694,298.694,298.694,298.694,298.694,298.694,298.694,298.694,298.694,298.694,298.694,298.694,298.694,298.694,298.694,298.694,298.694,298.694,298.694
2002-10-01,225.4,225.4,300.3,300.3,300.3,300.3,300.3,300.3,300.3,300.3,300.3,300.3,300.3,300.3,300.3,300.3,300.3,300.3,300.3,300.312,300.312,300.312,300.312,300.312,300.312,299.774,299.774,299.774,299.774,299.774,299.774,299.774,299.774,299.774,299.774,299.774,299.774,299.774,299.774,299.774,299.774,299.774,299.774,299.774,299.774,299.774,299.774,299.774
2003-01-01,216.6,216.6,292.8,292.8,292.8,292.8,292.8,292.8,292.8,292.8,292.8,292.8,292.8,292.8,292.8,292.8,292.8,292.8,292.8,292.848,292.848,292.848,292.848,292.848,292.848,293.909,293.909,293.909,293.909,293.909,293.909,293.909,293.909,293.909,293.909,293.909,293.909,293.909,293.909,293.909,293.909,293.909,293.909,293.909,293.909,293.909,293.909,293.909
2003-04-01,212.4,212.4,291.4,291.4,291.4,291.4,291.4,291.4,291.4,291.4,291.4,291.4,291.4,291.4,291.4,291.4,291.4,291.4,291.4,291.392,291.392,291.392,291.392,291.392,291.392,287.636,287.636,287.636,287.636,287.636,287.636,287.636,287.636,287.636,287.636,287.636,287.636,287.636,287.636,287.636,287.636,287.636,287.636,287.636,287.636,287.636,287.636,287.636
2003-07-01,210.0,210.0,291.2,291.2,291.2,291.2,291.2,291.2,291.2,291.2,291.2,291.2,291.2,291.2,291.2,291.2,291.2,291.2,291.2,291.188,291.188,291.188,291.188,291.188,291.188,288.766,288.766,288.766,288.766,288.766,288.766,288.766,288.766,288.766,288.766,288.766,288.766,288.766,288.766,288.766,288.766,288.766,288.766,288.766,288.766,288.766,288.766,288.766
2003-10-01,212.5,212.5,295.0,295.0,295.0,295.0,295.0,295.0,295.0,295.0,295.0,295.0,295.0,295.0,295.0,295.0,295.0,295.0,295.0,294.984,294.984,294.984,294.984,294.984,294.984,296.572,296.572,296.572,296.572,296.572,296.572,296.572,296.572,296.572,296.572,296.572,296.572,296.572,296.572,296.572,296.572,296.572,296.572,296.572,296.572,296.572,296.572,296.572
2004-01-01,216.3,216.3,299.6,299.6,299.6,299.6,299.6,299.6,299.6,299.6,299.6,299.6,299.6,299.6,299.6,299.6,299.6,299.6,299.6,299.6,299.6,299.6,299.6,299.6,299.6,300.787,300.787,300.787,300.787,300.787,300.787,300.787,300.787,300.787,300.787,300.787,300.787,300.787,300.787,300.787,300.787,300.787,300.787,300.787,300.787,300.787,300.787,300.787
2004-04-01,215.3,215.3,299.6,299.6,299.6,299.6,299.6,299.6,299.6,299.6,299.6,299.6,299.6,299.6,299.6,299.6,299.6,299.6,299.6,299.6,299.6,299.6,299.6,299.6,299.6,297.38,297.38,297.38,297.38,297.38,297.38,297.38,297.38,297.38,297.38,297.38,297.38,297.38,297.38,297.38,297.38,297.38,297.38,297.38,297.38,297.38,297.38,297.38
2004-07-01,224.4,224.4,309.8,309.8,309.8,309.8,309.8,309.8,309.8,309.8,309.8,309.8,309.8,309.8,309.8,309.8,309.8,309.8,309.8,309.832,309.832,309.832,309.832,309.832,309.832,306.611,306.611,306.611,306.611,306.611,306.611,306.611,306.611,306.611,306.611,306.611,306.611,306.611,306.611,306.611,306.611,306.611,306.611,306.611,306.611,306.611,306.611,306.611
2004-10-01,227.8,227.8,315.3,315.3,315.3,315.3,315.3,315.3,315.3,315.3,315.3,315.3,315.3,315.3,315.3,315.3,315.3,315.3,315.3,315.264,315.264,315.264,315.264,315.264,315.264,319.31,319.31,319.31,319.31,319.31,319.31,319.31,319.31,319.31,319.31,319.31,319.31,319.31,319.31,319.31,319.31,319.31,319.31,319.31,319.31,319.31,319.31,319.31
2005-01-01,233.4,233.4,321.3,321.3,321.3,321.3,321.3,321.3,321.3,321.3,321.3,321.3,321.3,321.3,321.3,321.3,321.3,321.3,321.3,321.344,321.344,321.344,321.344,321.344,321.344,322.9,322.9,322.9,322.9,322.9,322.9,322.9,322.9,322.9,322.9,322.9,322.9,322.9,322.9,322.9,322.9,322.9,322.9,322.9,322.9,322.9,322.9,322.9
2005-04-01,253.4,253.4,342.2,342.2,342.2,342.2,342.2,342.2,342.2,342.2,342.2,342.2,342.2,342.2,342.2,342.2,342.2,342.2,342.2,342.152,342.152,342.152,342.152,342.152,342.152,341.639,341.639,341.639,341.639,341.639,341.639,341.639,341.639,341.639,341.639,341.639,341.639,341.639,341.639,341.639,341.639,341.639,341.639,341.639,341.639,341.639,341.639,341.639
2005-07-01,253.8,253.8,343.2,343.2,343.2,343.2,343.2,343.2,343.2,343.2,343.2,343.2,343.2,343.2,343.2,343.2,343.2,343.2,343.2,343.224,343.224,343.224,343.224,343.224,343.224,337.206,337.206,337.206,337.206,337.206,337.206,337.206,337.206,337.206,337.206,337.206,337.206,337.206,337.206,337.206,337.206,337.206,337.206,337.206,337.206,337.206,337.206,337.206
2005-10-01,281.0,281.0,371.0,371.0,371.0,371.0,371.0,371.0,371.0,371.0,371.0,371.0,371.0,371.0,371.0,371.0,371.0,371.0,371.0,370.996,370.996,370.996,370.996,370.996,370.996,375.754,375.754,375.754,375.754,375.754,375.754,375.754,375.754,375.754,375.754,375.754,375.754,375.754,375.754,375.754,375.754,375.754,375.754,375.754,375.754,375.754,375.754,375.754
2006-01-01,263.1,263.1,355.0,355.0,355.0,355.0,355.0,355.0,355.0,355.0,355.0,355.0,355.0,355.0,355.0,355.0,355.0,355.0,355.0,354.988,354.988,354.988,354.988,354.988,354.988,354.539,354.539,354.539,354.539,354.539,354.539,354.539,354.539,354.539,354.539,354.539,354.539,354.539,354.539,354.539,354.539,354.539,354.539,354.539,354.539,354.539,354.539,354.539
2006-04-01,282.8,282.8,375.4,375.4,375.4,375.4,375.4,375.4,375.4,375.4,375.4,375.4,375.4,375.4,375.4,375.4,375.4,375.4,375.4,375.36,375.36,375.36,375.36,375.36,375.36,374.899,374.899,374.899,374.899,374.899,374.899,374.899,374.899,374.899,374.899,374.899,374.899,374.899,374.899,374.899,374.899,374.899,374.899,374.899,374.899,374.899,374.899,374.899
2006-07-01,296.7,296.7,390.2,390.2,390.2,390.2,390.2,390.2,390.2,390.2,390.2,390.2,390.2,390.2,390.2,390.2,390.2,390.2,390.2,390.152,390.152,390.152,390.152,390.152,390.152,382.78,382.78,382.78,382.78,382.78,382.78,382.78,382.78,382.78,382.78,382.78,382.78,382.78,382.78,382.78,382.78,382.78,382.78,382.78,382.78,382.78,382.78,382.78
2006-10-01,274.2,274.2,368.9,368.9,368.9,368.9,368.9,368.9,368.9,368.9,368.9,368.9,368.9,368.9,368.9,368.9,368.9,368.9,368.9,368.884,368.884,368.884,368.884,368.884,368.884,376.629,376.629,376.629,376.629,376.629,376.629,376.629,376.629,376.629,376.629,376.629,376.629,376.629,376.629,376.629,376.629,376.629,376.629,376.629,376.629,376.629,376.629,376.629
2007-01-01,296.8,296.8,390.8,390.8,390.8,390.8,390.8,390.8,390.8,390.8,390.8,390.8,390.8,390.8,390.8,390.8,390.8,390.8,390.8,390.804,390.804,390.804,390.804,390.804,390.804,400.254,400.254,400.254,400.254,400.254,400.254,400.254,400.254,400.254,400.254,400.254,400.254,400.254,400.254,400.254,400.254,400.254,400.254,400.254,400.254,400.254,400.254,400.254
2007-04-01,335.0,335.0,430.0,430.0,430.0,430.0,430.0,430.0,430.0,430.0,430.0,430.0,430.0,430.0,430.0,430.0,430.0,430.0,430.0,430.044,430.044,430.044,430.044,430.044,430.044,416.549,416.549,416.549,416.549,416.549,416.549,416.549,416.549,416.549,416.549,416.549,416.549,416.549,416.549,416.549,416.549,416.549,416.549,416.549,416.549,416.549,416.549,416.549
2007-07-01,316.2,316.2,411.7,411.7,411.7,411.7,411.7,411.7,411.7,411.7,411.7,411.7,411.7,411.7,411.7,411.7,411.7,411.7,411.7,411.672,411.672,411.672,411.672,411.672,411.672,403.788,403.788,403.788,403.788,403.788,403.788,403.788,403.788,403.788,403.788,403.788,403.788,403.788,403.788,403.788,403.788,403.788,403.788,403.788,403.788,403.788,403.788,403.788
2007-10-01,304.7,304.7,400.3,400.3,400.3,400.3,400.3,400.3,400.3,400.3,400.3,400.3,400.3,400.3,400.3,400.3,400.3,400.3,400.3,400.344,400.344,400.344,400.344,400.344,400.344,411.321,411.321,411.321,411.321,411.321,411.321,411.321,411.321,411.321,411.321,411.321,411.321,411.321,411.321,411.321,411.321,411.321,411.321,411.321,411.321,411.321,411.321,411.321
2008-01-01,305.7,305.7,400.6,400.6,400.6,400.6,400.6,400.6,400.6,400.6,400.6,400.6,400.6,400.6,400.6,400.6,400.6,400.6,400.6,400.62,400.62,400.62,400.62,400.62,400.62,411.921,411.921,411.921,411.921,411.921,411.921,411.921,411.921,411.921,411.921,411.921,411.921,411.921,411.921,411.921,411.921,411.921,411.921,411.921,411.921,411.921,411.921,411.921
2008-04-01,306.8,306.8,401.9,401.9,401.9,401.9,401.9,401.9,401.9,401.9,401.9,401.9,401.9,401.9,401.9,401.9,401.9,401.9,401.9,401.932,401.932,401.932,401.932,401.932,401.932,387.279,387.279,387.279,387.279,387.279,387.279,387.279,387.279,387.279,387.279,387.279,387.279,387.279,387.279,387.279,387.279,387.279,387.279,387.279,387.279,387.279,387.279,387.279
2008-07-01,317.6,317.6,413.6,413.6,413.6,413.6,413.6,413.6,413.6,413.6,413.6,413.6,413.6,413.6,413.6,413.6,413.6,413.6,413.6,413.628,413.628,413.628,413.628,413.628,413.628,406.15,406.15,406.15,406.15,406.15,406.15,406.15,406.15,406.15,406.15,406.15,406.15,406.15,406.15,406.15,406.15,406.15,406.15,406.15,406.15,406.15,406.15,406.15
2008-10-01,238.4,238.4,335.7,335.7,335.7,335.7,335.7,335.7,335.7,335.7,335.7,335.7,335.7,335.7,335.7,335.7,335.7,335.7,335.7,335.676,335.676,335.676,335.676,335.676,335.676,348.24,348.24,348.24,348.24,348.24,348.24,348.24,348.24,348.24,348.24,348.24,348.24,348.24,348.24,348.24,348.24,348.24,348.24,348.24,348.24,348.24,348.24,348.24
2009-01-01,205.9,205.9,305.0,305.0,305.0,305.0,305.0,305.0,305.0,305.0,305.0,305.0,305.0,305.0,305.0,305.0,305.0,305.0,305.0,305.044,305.044,305.044,305.044,305.044,305.044,317.027,317.027,317.027,317.027,317.027,317.027,317.027,317.027,317.027,317.027,317.027,317.027,317.027,317.027,317.027,317.027,317.027,317.027,317.027,317.027,317.027,317.027,317.027
2009-04-01,271.6,271.6,372.0,372.0,372.0,372.0,372.0,372.0,372.0,372.0,372.0,372.0,372.0,372.0,372.0,372.0,372.0,372.0,372.0,372.04,372.04,372.04,372.04,372.04,372.04,356.467,356.467,356.467,356.467,356.467,356.467,356.467,356.467,356.467,356.467,356.467,356.467,356.467,356.467,356.467,356.467,356.467,356.467,356.467,356.467,356.467,356.467,356.467
2009-07-01,271.5,271.5,372.7,372.7,372.7,372.7,372.7,372.7,372.7,372.7,372.7,372.7,372.7,372.7,372.7,372.7,372.7,372.7,372.7,372.656,372.656,372.656,372.656,372.656,372.656,367.493,367.493,367.493,367.493,367.493,367.493,367.493,367.493,367.493,367.493,367.493,367.493,367.493,367.493,367.493,367.493,367.493,367.493,367.493,367.493,367.493,367.493,367.493
2009-10-01,263.4,263.4,364.7,364.7,364.7,364.7,364.7,364.7,364.7,364.7,364.7,364.7,364.7,364.7,364.7,364.7,364.7,364.7,364.7,364.724,364.724,364.724,364.724,364.724,364.724,377.144,377.144,377.144,377.144,377.144,377.144,377.144,377.144,377.144,377.144,377.144,377.144,377.144,377.144,377.144,377.144,377.144,377.144,377.144,377.144,377.144,377.144,377.144
2010-01-01,264.0,264.0,360.8,360.8,360.8,360.8,360.8,360.8,360.8,360.8,360.8,360.8,360.8,360.8,360.8,360.8,360.8,360.8,360.8,360.784,360.784,360.784,360.784,360.784,360.784,377.709,377.709,377.709,377.709,377.709,377.709,377.709,377.709,377.709,377.709,377.709,377.709,377.709,377.709,377.709,377.709,377.709,377.709,377.709,377.709,377.709,377.709,377.709
2010-04-01,286.2,286.2,385.2,385.2,385.2,385.2,385.2,385.2,385.2,385.2,385.2,385.2,385.2,385.2,385.2,385.2,385.2,385.2,385.2,385.192,385.192,385.192,385.192,385.192,385.192,368.537,368.537,368.537,368.537,368.537,368.537,368.537,368.537,368.537,368.537,368.537,368.537,368.537,368.537,368.537,368.537,368.537,368.537,368.537,368.537,368.537,368.537,368.537
2010-07-01,281.0,281.0,381.2,381.2,381.2,381.2,381.2,381.2,381.2,381.2,381.2,381.2,381.2,381.2,381.2,381.2,381.2,381.2,381.2,381.244,381.244,381.244,381.244,381.244,381.244,375.512,375.512,375.512,375.512,375.512,375.512,375.512,375.512,375.512,375.512,375.512,375.512,375.512,375.512,375.512,375.512,375.512,375.512,375.512,375.512,375.512,375.512,375.512
2010-10-01,294.5,294.5,395.1,395.1,395.1,395.1,395.1,395.1,395.1,395.1,395.1,395.1,395.1,395.1,395.1,395.1,395.1,395.1,395.1,395.08,395.08,395.08,395.08,395.08,395.08,404.191,404.191,404.191,404.191,404.191,404.191,404.191,404.191,404.191,404.191,404.191,404.191,404.191,404.191,404.191,404.191,404.191,404.191,404.191,404.191,404.191,404.191,404.191
2011-01-01,309.3,309.3,407.6,407.6,407.6,407.6,409.3,409.3,409.3,409.3,409.3,409.3,409.3,409.3,409.3,409.3,409.3,409.3,409.3,409.312,409.312,409.312,409.312,409.312,409.312,422.396,422.396,422.396,422.396,422.396,422.396,422.396,422.396,422.396,422.396,422.396,422.396,422.396,422.396,422.396,422.396,422.396,422.396,422.396,422.396,422.396,422.396,422.396
2011-04-01,356.4,356.4,453.5,453.5,453.5,453.5,456.6,456.6,456.6,456.6,456.6,456.6,456.6,456.6,456.6,456.6,456.6,456.6,456.6,456.567,456.567,456.567,456.567,456.567,456.567,436.623,436.623,436.623,436.623,436.623,436.623,436.623,436.623,436.623,436.623,436.623,436.623,436.623,436.623,436.623,436.623,436.623,436.623,436.623,436.623,436.623,436.623,436.623
2011-07-01,320.1,320.1,417.2,417.2,417.2,417.2,421.0,421.0,421.0,421.0,421.0,421.0,421.0,421.0,421.0,421.0,421.0,421.0,421.0,420.952,420.952,420.952,420.952,420.952,420.952,417.016,417.016,417.016,417.016,417.016,417.016,417.016,417.016,417.016,417.016,417.016,417.016,417.016,417.016,417.016,417.016,417.016,417.016,417.016,417.016,417.016,417.016,417.016
2011-10-01,314.0,314.0,411.9,411.9,411.9,411.9,415.9,415.9,415.9,415.9,415.9,415.9,415.9,415.9,415.9,415.9,415.9,415.9,415.9,415.854,415.854,415.854,415.854,415.854,415.854,425.733,425.733,425.733,425.733,425.733,425.733,425.733,425.733,425.733,425.733,425.733,425.733,425.733,425.733,425.733,425.733,425.733,425.733,425.733,425.733,425.733,425.733,425.733
2012-01-01,306.7,306.7,406.4,406.4,406.4,406.4,410.0,410.0,410.0,410.0,413.1,413.1,413.1,413.1,413.1,413.1,413.1,413.1,413.1,413.073,413.073,413.073,413.073,413.073,413.073,426.918,426.918,426.918,426.918,426.918,426.918,426.918,426.918,426.918,426.918,426.918,426.918,426.918,426.918,426.918,426.918,426.918,426.918,426.918,426.918,426.918,426.918,426.918
2012-04-01,348.7,348.7,450.1,450.1,450.1,450.1,453.3,453.3,453.3,453.3,426.9,426.9,426.9,426.9,426.9,426.9,426.9,426.9,426.9,426.933,426.933,426.933,426.933,426.933,426.933,430.308,430.308,430.308,430.308,430.308,430.308,430.308,430.308,430.308,430.308,430.308,430.308,430.308,430.308,430.308,430.308,430.308,430.308,430.308,430.308,430.308,430.308,430.308
2012-07-01,288.1,288.1,391.1,391.1,391.1,391.1,394.1,394.1,394.1,394.1,395.8,395.8,395.8,395.8,395.8,395.8,395.8,395.8,395.8,395.761,395.761,395.761,395.761,395.761,395.761,387.746,387.746,387.746,387.746,387.746,387.746,387.746,387.746,387.746,387.746,387.746,387.746,387.746,387.746,387.746,387.746,387.746,387.746,387.746,387.746,387.746,387.746,387.746
2012-10-01,330.6,330.6,434.7,434.7,434.7,434.7,437.6,437.6,437.6,437.6,455.7,455.7,455.7,455.7,455.7,455.7,455.7,455.7,455.7,455.748,455.748,455.748,455.748,455.748,455.748,445.525,445.525,445.525,445.525,445.525,445.525,445.525,445.525,445.525,445.525,445.525,445.525,445.525,445.525,445.525,445.525,445.525,445.525,445.525,445.525,445.525,445.525,445.525
2013-01-01,,280.3,386.1,386.1,386.1,386.1,389.0,389.0,389.0,389.0,401.9,401.9,401.9,401.9,404.6,404.6,404.6,404.6,404.6,404.581,404.581,404.581,404.581,404.581,404.581,406.968,406.968,406.968,406.968,406.968,406.968,406.968,406.968,406.968,406.968,406.968,406.968,406.968,406.968,406.968,406.968,406.968,406.968,406.968,406.968,406.968,406.968,406.968
2013-04-01,,,438.4,438.4,438.4,438.4,441.3,441.3,441.3,441.3,414.3,414.3,414.3,414.3,415.2,415.2,415.2,415.2,415.2,415.217,415.217,415.217,415.217,415.217,415.217,415.003,415.003,415.003,415.003,415.003,415.003,415.003,415.003,415.003,415.003,415.003,415.003,415.003,415.003,415.003,415.003,415.003,415.003,415.003,415.003,415.003,415.003,415.003
2013-07-01,,,,422.7,422.7,422.7,425.8,425.8,425.8,425.8,423.3,423.3,423.3,423.3,422.2,422.2,422.2,422.2,422.2,422.199,422.199,422.199,422.199,422.199,422.199,419.074,419.074,419.074,419.074,419.074,419.074,419.074,419.074,419.074,419.074,419.074,419.074,419.074,419.074,419.074,419.074,419.074,419.074,419.074,419.074,419.074,419.074,419.074
2013-10-01,,,,,410.1,410.1,413.5,413.5,413.5,413.5,424.9,424.9,424.9,424.9,422.8,422.8,422.8,422.8,422.8,422.793,422.793,422.793,422.793,422.793,422.793,424.258,424.258,424.258,424.258,424.258,424.258,424.258,424.258,424.258,424.258,424.258,424.258,424.258,424.258,424.258,424.258,424.258,424.258,424.258,424.258,424.258,424.258,424.258
2014-01-01,,,,,,417.4,421.1,421.1,421.1,421.1,433.8,433.8,433.8,433.8,440.5,440.5,440.5,440.5,443.3,443.314,443.314,443.314,443.314,443.314,443.314,442.621,442.621,442.621,442.621,442.621,442.621,442.621,442.621,442.621,442.621,442.646,442.646,442.646,442.646,442.646,442.646,442.646,442.646,442.646,442.646,442.646,442.646,442.646
2014-04-01,,,,,,,475.9,475.9,475.9,475.9,448.2,448.2,448.2,448.2,449.0,449.0,449.0,449.0,449.3,449.336,449.336,449.336,449.336,449.336,449.336,446.985,446.985,446.985,446.985,446.985,446.985,446.985,446.985,446.985,446.985,447.727,447.727,447.727,447.727,447.727,447.727,447.727,447.727,447.727,447.727,447.727,447.727,447.727
2014-07-01,,,,,,,,447.9,447.9,447.9,445.9,445.9,445.9,445.9,441.5,441.5,441.5,441.5,437.3,437.286,437.286,437.286,437.286,437.286,437.286,438.603,438.603,438.603,438.603,438.603,438.603,438.603,438.603,438.603,438.603,438.662,438.662,438.662,438.662,438.662,438.662,438.662,438.662,438.662,438.662,438.662,438.662,438.662
2014-10-01,,,,,,,,,420.5,420.5,432.3,432.3,432.3,432.3,431.1,431.1,431.1,431.1,432.3,432.339,432.339,432.339,432.339,432.339,432.339,428.365,428.365,428.365,428.365,428.365,428.365,428.365,428.365,428.365,428.365,427.335,427.335,427.335,427.335,427.335,427.335,427.335,427.335,427.335,427.335,427.335,427.335,427.335
2015-01-01,,,,,,,,,,368.8,382.6,382.6,382.6,382.6,388.3,388.3,388.3,388.3,392.8,392.805,392.805,392.805,392.805,392.805,392.805,384.272,384.272,384.272,384.272,384.272,384.272,384.272,384.272,384.272,384.272,384.595,384.595,384.595,384.595,384.595,384.595,384.595,384.595,384.595,384.595,428.675,428.675,428.675
2015-04-01,,,,,,,,,,,457.2,457.2,457.2,457.2,455.3,455.3,455.3,455.3,455.1,455.111,455.111,455.111,455.111,455.111,455.111,445.044,445.044,445.044,445.044,445.044,445.044,445.044,445.044,445.044,445.044,447.164,447.164,447.164,447.164,447.164,447.164,447.164,447.164,447.164,447.164,425.864,425.864,425.864
2015-07-01,,,,,,,,,,,,477.6,477.6,477.6,468.5,468.5,468.5,468.5,463.4,463.369,463.369,463.369,463.369,463.369,463.369,460.615,460.615,460.615,460.615,460.615,460.615,460.615,460.615,460.615,460.615,460.118,460.118,460.118,460.118,460.118,460.118,460.118,460.118,460.118,460.118,427.882,427.882,427.882
2015-10-01,,,,,,,,,,,,,443.2,443.2,440.7,440.7,440.7,440.7,442.5,442.479,442.479,442.479,442.479,442.479,442.479,427.223,427.223,427.223,427.223,427.223,427.223,427.223,427.223,427.223,427.223,425.252,425.252,425.252,425.252,425.252,425.252,425.252,425.252,425.252,425.252,434.708,434.708,434.708
2016-01-01,,,,,,,,,,,,,,448.7,454.2,454.2,454.2,454.2,460.2,460.231,460.231,460.231,460.231,460.231,460.231,437.799,437.799,437.799,437.799,437.799,437.799,437.799,437.799,437.799,437.799,439.375,439.375,439.375,439.375,439.375,439.375,439.375,439.375,439.375,439.375,446.247,446.247,446.247
2016-04-01,,,,,,,,,,,,,,,471.7,471.7,471.7,471.7,472.1,472.094,472.094,472.094,472.094,472.094,472.094,449.375,449.375,449.375,449.375,449.375,449.375,449.375,449.375,449.375,449.375,452.833,452.833,452.833,452.833,452.833,452.833,452.833,452.833,452.833,452.833,453.212,453.212,453.212
2016-07-01,,,,,,,,,,,,,,,,476.1,476.1,476.1,471.1,471.147,471.147,471.147,471.147,471.147,471.147,461.107,461.107,461.107,461.107,461.107,461.107,461.107,461.107,461.107,461.107,458.569,458.569,458.569,458.569,458.569,458.569,458.569,458.569,458.569,458.569,457.235,457.235,457.235
2016-10-01,,,,,,,,,,,,,,,,,494.2,494.2,497.0,496.993,496.993,496.993,496.993,496.993,496.993,471.655,471.655,471.655,471.655,471.655,471.655,471.655,471.655,471.655,471.655,465.508,465.508,465.508,465.508,465.508,465.508,465.508,465.508,465.508,465.508,459.603,459.603,459.603
2017-01-01,,,,,,,,,,,,,,,,,,508.9,512.7,512.679,512.679,512.679,512.679,512.679,512.679,481.51,481.51,481.51,481.51,481.51,481.51,481.51,481.51,481.51,481.51,479.92,479.92,479.92,479.92,479.92,479.92,479.92,479.92,479.92,479.92,459.614,459.614,459.614
2017-04-01,,,,,,,,,,,,,,,,,,,482.3,482.278,482.278,482.278,482.278,482.278,482.278,455.996,455.996,455.996,455.996,455.996,455.996,455.996,455.996,455.996,455.996,455.221,455.221,455.221,455.221,455.221,455.221,455.221,455.221,455.221,455.221,470.02,470.02,470.02
2017-07-01,,,,,,,,,,,,,,,,,,,,475.262,475.263,475.263,475.263,475.263,475.263,467.036,467.036,467.036,467.036,467.036,467.036,467.036,467.036,467.036,467.036,458.687,458.687,458.687,458.687,458.687,458.687,458.687,458.687,458.687,458.687,480.635,480.635,480.635
2017-10-01,,,,,,,,,,,,,,,,,,,,,,549.534,549.534,549.534,549.534,521.096,521.096,521.096,521.096,521.096,521.096,521.096,521.096,521.096,521.096,509.903,509.903,509.903,509.903,509.903,509.903,509.903,509.903,509.903,509.903,493.502,493.502,493.502
2018-01-01,,,,,,,,,,,,,,,,,,,,,,,558.222,557.669,557.67,525.517,525.517,525.517,525.517,525.517,525.517,525.517,525.517,525.517,525.517,521.056,521.056,521.056,521.056,521.056,521.056,521.056,521.056,521.056,521.056,508.767,508.767,508.767
2018-04-01,,,,,,,,,,,,,,,,,,,,,,,,,,537.767,534.533,534.533,534.533,534.533,534.533,534.533,534.533,534.533,534.533,530.643,530.643,530.643,530.643,530.643,530.643,530.643,530.643,530.643,530.643,532.965,532.965,532.965
2018-07-01,,,,,,,,,,,,,,,,,,,,,,,,,,,,555.82,555.575,554.354,554.354,554.354,554.354,554.354,554.354,549.509,549.509,549.509,549.509,549.509,549.509,549.509,549.509,549.509,549.509,551.823,551.823,551.823
2018-10-01,,,,,,,,,,,,,,,,,,,,,,,,,,,,,,,565.775,566.681,566.681,566.681,566.681,561.448,561.448,561.448,561.448,561.448,561.448,561.448,561.448,561.448,561.448,568.611,568.611,568.611
2019-01-01,,,,,,,,,,,,,,,,,,,,,,,,,,,,,,,,,550.055,546.979,545.478,543.359,543.359,543.359,543.359,543.359,543.359,543.359,543.359,543.359,543.359,574.461,574.461,574.461
2019-04-01,,,,,,,,,,,,,,,,,,,,,,,,,,,,,,,,,,,,604.053,604.423,605.116,605.116,605.116,605.116,605.116,605.116,605.116,605.116,583.573,583.573,583.573
2019-07-01,,,,,,,,,,,,,,,,,,,,,,,,,,,,,,,,,,,,,,,584.066,584.94,584.829,584.829,584.829,584.829,584.829,583.924,583.924,583.924
2019-10-01,,,,,,,,,,,,,,,,,,,,,,,,,,,,,,,,,,,,,,,,,,579.257,579.783,580.03,580.03,584.496,584.496,584.496
2020-01-01,,,,,,,,,,,,,,,,,,,,,,,,,,,,,,,,,,,,,,,,,,,,,587.172,581.674,581.674,581.674
2020-04-01,,,,,,,,,,,,,,,,,,,,,,,,,,,,,,,,,,,,,,,,,,,,,,559.112,559.112,559.112
2020-07-01,,,,,,,,,,,,,,,,,,,,,,,,,,,,,,,,,,,,,,,,,,,,,,,546.541,546.541
2020-10-01,,,,,,,,,,,,,,,,,,,,,,,,,,,,,,,,,,,,,,,,,,,,,,,,538.454
