observation_date,AD08RC1Q027SBEA_20130228,AD08RC1Q027SBEA_20130426,AD08RC1Q027SBEA_20130731,AD08RC1Q027SBEA_20131107,AD08RC1Q027SBEA_20140130,AD08RC1Q027SBEA_20140228,AD08RC1Q027SBEA_20140327,AD08RC1Q027SBEA_20140430,AD08RC1Q027SBEA_20140730,AD08RC1Q027SBEA_20141030,AD08RC1Q027SBEA_20150130,AD08RC1Q027SBEA_20150227,AD08RC1Q027SBEA_20150429,AD08RC1Q027SBEA_20150730,AD08RC1Q027SBEA_20151029,AD08RC1Q027SBEA_20160129,AD08RC1Q027SBEA_20160226,AD08RC1Q027SBEA_20160428,AD08RC1Q027SBEA_20160729,AD08RC1Q027SBEA_20161028,AD08RC1Q027SBEA_20170127,AD08RC1Q027SBEA_20170428,AD08RC1Q027SBEA_20170728,AD08RC1Q027SBEA_20171027,AD08RC1Q027SBEA_20180126,AD08RC1Q027SBEA_20180427,AD08RC1Q027SBEA_20180727,AD08RC1Q027SBEA_20181026,AD08RC1Q027SBEA_20190228,AD08RC1Q027SBEA_20190328,AD08RC1Q027SBEA_20190426,AD08RC1Q027SBEA_20190726,AD08RC1Q027SBEA_20191030,AD08RC1Q027SBEA_20200130,AD08RC1Q027SBEA_20200227,AD08RC1Q027SBEA_20200429,AD08RC1Q027SBEA_20200730,AD08RC1Q027SBEA_20201029,AD08RC1Q027SBEA_20210128
1960-01-01,0.3,0.3,0.3,0.3,0.3,0.3,0.3,0.3,0.3,0.3,0.3,0.3,0.3,0.3,0.3,0.3,0.3,0.3,0.3,0.3,0.3,0.3,0.3,0.291,0.291,0.291,0.291,0.291,0.291,0.291,0.291,0.291,0.291,0.291,0.291,0.291,0.291,0.291,0.291
1960-04-01,0.5,0.5,0.5,0.5,0.5,0.5,0.5,0.5,0.5,0.5,0.5,0.5,0.5,0.5,0.5,0.5,0.5,0.5,0.5,0.5,0.5,0.5,0.5,0.519,0.519,0.519,0.519,0.519,0.519,0.519,0.519,0.519,0.519,0.519,0.519,0.519,0.519,0.519,0.519
1960-07-01,0.5,0.5,0.5,0.5,0.5,0.5,0.5,0.5,0.5,0.5,0.5,0.5,0.5,0.5,0.5,0.5,0.5,0.5,0.5,0.5,0.5,0.5,0.5,0.535,0.535,0.535,0.535,0.535,0.535,0.535,0.535,0.535,0.535,0.535,0.535,0.535,0.535,0.535,0.535
1960-10-01,0.5,0.5,0.5,0.5,0.5,0.5,0.5,0.5,0.5,0.5,0.5,0.5,0.5,0.5,0.5,0.5,0.5,0.5,0.5,0.5,0.5,0.5,0.5,0.459,0.459,0.459,0.459,0.459,0.459,0.459,0.459,0.459,0.459,0.459,0.459,0.459,0.459,0.459,0.459
1961-01-01,0.4,0.4,0.4,0.4,0.4,0.4,0.4,0.4,0.4,0.4,0.4,0.4,0.4,0.4,0.4,0.4,0.4,0.4,0.4,0.4,0.4,0.4,0.4,0.379,0.379,0.379,0.378,0.378,0.378,0.378,0.378,0.378,0.378,0.378,0.378,0.378,0.378,0.378,0.378
1961-04-01,0.6,0.6,0.6,0.6,0.6,0.6,0.6,0.6,0.6,0.6,0.6,0.6,0.6,0.6,0.6,0.6,0.6,0.6,0.6,0.6,0.6,0.6,0.6,0.558,0.558,0.558,0.558,0.558,0.558,0.558,0.558,0.558,0.558,0.558,0.558,0.558,0.558,0.558,0.558
1961-07-01,0.6,0.6,0.6,0.6,0.6,0.6,0.6,0.6,0.6,0.6,0.6,0.6,0.6,0.6,0.6,0.6,0.6,0.6,0.6,0.6,0.6,0.6,0.6,0.614,0.614,0.614,0.614,0.614,0.614,0.614,0.614,0.614,0.614,0.614,0.614,0.614,0.614,0.614,0.614
1961-10-01,0.4,0.4,0.4,0.4,0.4,0.4,0.4,0.4,0.4,0.4,0.4,0.4,0.4,0.4,0.4,0.4,0.4,0.4,0.4,0.4,0.4,0.4,0.4,0.422,0.422,0.422,0.422,0.422,0.422,0.422,0.422,0.422,0.422,0.422,0.422,0.422,0.422,0.422,0.422
1962-01-01,0.6,0.6,0.6,0.6,0.6,0.6,0.6,0.6,0.6,0.6,0.6,0.6,0.6,0.6,0.6,0.6,0.6,0.6,0.6,0.6,0.6,0.6,0.6,0.578,0.578,0.578,0.578,0.578,0.578,0.578,0.578,0.578,0.578,0.578,0.578,0.578,0.578,0.578,0.578
1962-04-01,0.7,0.7,0.7,0.7,0.7,0.7,0.7,0.7,0.7,0.7,0.7,0.7,0.7,0.7,0.7,0.7,0.7,0.7,0.7,0.7,0.7,0.7,0.7,0.706,0.706,0.706,0.706,0.706,0.706,0.706,0.706,0.706,0.706,0.706,0.706,0.706,0.706,0.706,0.706
1962-07-01,0.6,0.6,0.6,0.6,0.6,0.6,0.6,0.6,0.6,0.6,0.6,0.6,0.6,0.6,0.6,0.6,0.6,0.6,0.6,0.6,0.6,0.6,0.6,0.55,0.55,0.55,0.55,0.55,0.55,0.55,0.55,0.55,0.55,0.55,0.55,0.55,0.55,0.55,0.55
1962-10-01,0.5,0.5,0.5,0.5,0.5,0.5,0.5,0.5,0.5,0.5,0.5,0.5,0.5,0.5,0.5,0.5,0.5,0.5,0.5,0.5,0.5,0.5,0.5,0.542,0.542,0.542,0.542,0.542,0.542,0.542,0.542,0.542,0.542,0.542,0.542,0.542,0.542,0.542,0.542
1963-01-01,0.4,0.4,0.4,0.4,0.4,0.4,0.4,0.4,0.4,0.4,0.4,0.4,0.4,0.4,0.4,0.4,0.4,0.4,0.4,0.4,0.4,0.4,0.4,0.406,0.406,0.406,0.406,0.406,0.406,0.406,0.406,0.406,0.406,0.406,0.406,0.406,0.406,0.406,0.406
1963-04-01,0.7,0.7,0.7,0.7,0.7,0.7,0.7,0.7,0.7,0.7,0.7,0.7,0.7,0.7,0.7,0.7,0.7,0.7,0.7,0.7,0.7,0.7,0.7,0.698,0.698,0.698,0.698,0.698,0.698,0.698,0.698,0.698,0.698,0.698,0.698,0.698,0.698,0.698,0.698
1963-07-01,0.7,0.7,0.7,0.7,0.7,0.7,0.7,0.7,0.7,0.7,0.7,0.7,0.7,0.7,0.7,0.7,0.7,0.7,0.7,0.7,0.7,0.7,0.7,0.698,0.698,0.698,0.698,0.698,0.698,0.698,0.698,0.698,0.698,0.698,0.698,0.698,0.698,0.698,0.698
1963-10-01,0.3,0.3,0.3,0.3,0.3,0.3,0.3,0.3,0.3,0.3,0.3,0.3,0.3,0.3,0.3,0.3,0.3,0.3,0.3,0.3,0.3,0.3,0.3,0.298,0.298,0.298,0.298,0.298,0.298,0.298,0.298,0.298,0.298,0.298,0.298,0.298,0.298,0.298,0.298
1964-01-01,0.7,0.7,0.7,0.7,0.7,0.7,0.7,0.7,0.7,0.7,0.7,0.7,0.7,0.7,0.7,0.7,0.7,0.7,0.7,0.7,0.7,0.7,0.7,0.73,0.73,0.73,0.73,0.73,0.73,0.73,0.73,0.73,0.73,0.73,0.73,0.73,0.73,0.73,0.73
1964-04-01,0.9,0.9,0.9,0.9,0.9,0.9,0.9,0.9,0.9,0.9,0.9,0.9,0.9,0.9,0.9,0.9,0.9,0.9,0.9,0.9,0.9,0.9,0.9,0.938,0.938,0.938,0.938,0.938,0.938,0.938,0.938,0.938,0.938,0.938,0.938,0.938,0.938,0.938,0.938
1964-07-01,1.0,1.0,1.0,1.0,1.0,1.0,1.0,1.0,1.0,1.0,1.0,1.0,1.0,1.0,1.0,1.0,1.0,1.0,1.0,1.0,1.0,1.0,1.0,0.97,0.97,0.97,0.97,0.97,0.97,0.97,0.97,0.97,0.97,0.97,0.97,0.97,0.97,0.97,0.97
1964-10-01,-0.1,-0.1,-0.1,-0.1,-0.1,-0.1,-0.1,-0.1,-0.1,-0.1,-0.1,-0.1,-0.1,-0.1,-0.1,-0.1,-0.1,-0.1,-0.1,-0.1,-0.1,-0.1,-0.1,-0.134,-0.134,-0.134,-0.134,-0.134,-0.134,-0.134,-0.134,-0.134,-0.134,-0.134,-0.134,-0.134,-0.134,-0.134,-0.134
1965-01-01,0.6,0.6,0.6,0.6,0.6,0.6,0.6,0.6,0.6,0.6,0.6,0.6,0.6,0.6,0.6,0.6,0.6,0.6,0.6,0.6,0.6,0.6,0.6,0.594,0.594,0.594,0.594,0.594,0.594,0.594,0.594,0.594,0.594,0.594,0.594,0.594,0.594,0.594,0.594
1965-04-01,0.2,0.2,0.2,0.2,0.2,0.2,0.2,0.2,0.2,0.2,0.2,0.2,0.2,0.2,0.2,0.2,0.2,0.2,0.2,0.2,0.2,0.2,0.2,0.154,0.154,0.154,0.154,0.154,0.154,0.154,0.154,0.154,0.154,0.154,0.154,0.154,0.154,0.154,0.154
1965-07-01,0.5,0.5,0.5,0.5,0.5,0.5,0.5,0.5,0.5,0.5,0.5,0.5,0.5,0.5,0.5,0.5,0.5,0.5,0.5,0.5,0.5,0.5,0.5,0.514,0.514,0.514,0.514,0.514,0.514,0.514,0.514,0.514,0.514,0.514,0.514,0.514,0.514,0.514,0.514
1965-10-01,0.6,0.6,0.6,0.6,0.6,0.6,0.6,0.6,0.6,0.6,0.6,0.6,0.6,0.6,0.6,0.6,0.6,0.6,0.6,0.6,0.6,0.6,0.6,0.622,0.622,0.622,0.622,0.622,0.622,0.622,0.622,0.622,0.622,0.622,0.622,0.622,0.622,0.622,0.622
1966-01-01,1.0,1.0,1.0,1.0,1.0,1.0,1.0,1.0,1.0,1.0,1.0,1.0,1.0,1.0,1.0,1.0,1.0,1.0,1.0,1.0,1.0,1.0,1.0,1.014,1.014,1.014,1.014,1.014,1.014,1.014,1.014,1.014,1.014,1.014,1.014,1.014,1.014,1.014,1.014
1966-04-01,0.6,0.6,0.5,0.5,0.5,0.5,0.5,0.5,0.5,0.5,0.5,0.5,0.5,0.5,0.5,0.5,0.5,0.5,0.5,0.5,0.5,0.5,0.5,0.546,0.546,0.546,0.546,0.546,0.546,0.546,0.546,0.546,0.546,0.546,0.546,0.546,0.546,0.546,0.546
1966-07-01,0.7,0.7,0.7,0.7,0.7,0.7,0.7,0.7,0.7,0.7,0.7,0.7,0.7,0.7,0.7,0.7,0.7,0.7,0.7,0.7,0.7,0.7,0.7,0.734,0.734,0.734,0.734,0.734,0.734,0.734,0.734,0.734,0.734,0.734,0.734,0.734,0.734,0.734,0.734
1966-10-01,0.3,0.3,0.3,0.3,0.3,0.3,0.3,0.3,0.3,0.3,0.3,0.3,0.3,0.3,0.3,0.3,0.3,0.3,0.3,0.3,0.3,0.3,0.3,0.274,0.274,0.274,0.274,0.274,0.274,0.274,0.274,0.274,0.274,0.274,0.274,0.274,0.274,0.274,0.274
1967-01-01,0.1,0.1,0.1,0.1,0.1,0.1,0.1,0.1,0.1,0.1,0.1,0.1,0.1,0.1,0.1,0.1,0.1,0.1,0.1,0.1,0.1,0.1,0.1,0.05,0.05,0.05,0.05,0.05,0.05,0.05,0.05,0.05,0.05,0.05,0.05,0.05,0.05,0.05,0.05
1967-04-01,-0.5,-0.5,-0.5,-0.5,-0.5,-0.5,-0.5,-0.5,-0.5,-0.5,-0.5,-0.5,-0.5,-0.5,-0.5,-0.5,-0.5,-0.5,-0.5,-0.5,-0.5,-0.5,-0.5,-0.53,-0.53,-0.53,-0.53,-0.53,-0.53,-0.53,-0.53,-0.53,-0.53,-0.53,-0.53,-0.53,-0.53,-0.53,-0.53
1967-07-01,1.0,1.0,1.0,1.0,1.0,1.0,1.0,1.0,1.0,1.0,1.0,1.0,1.0,1.0,1.0,1.0,1.0,1.0,1.0,1.0,1.0,1.0,1.0,0.958,0.958,0.958,0.958,0.958,0.958,0.958,0.958,0.958,0.958,0.958,0.958,0.958,0.958,0.958,0.958
1967-10-01,-1.4,-1.4,-1.4,-1.4,-1.4,-1.4,-1.4,-1.4,-1.4,-1.4,-1.4,-1.4,-1.4,-1.4,-1.4,-1.4,-1.4,-1.4,-1.4,-1.4,-1.4,-1.4,-1.4,-1.402,-1.402,-1.402,-1.402,-1.402,-1.402,-1.402,-1.402,-1.402,-1.402,-1.402,-1.402,-1.402,-1.402,-1.402,-1.402
1968-01-01,-2.1,-2.1,-2.1,-2.1,-2.1,-2.1,-2.1,-2.1,-2.1,-2.1,-2.1,-2.1,-2.1,-2.1,-2.1,-2.1,-2.1,-2.1,-2.1,-2.1,-2.1,-2.1,-2.1,-2.11,-2.11,-2.11,-2.11,-2.11,-2.11,-2.11,-2.11,-2.11,-2.11,-2.11,-2.11,-2.11,-2.11,-2.11,-2.11
1968-04-01,-0.9,-0.9,-0.9,-0.9,-0.9,-0.9,-0.9,-0.9,-0.9,-0.9,-0.9,-0.9,-0.9,-0.9,-0.9,-0.9,-0.9,-0.9,-0.9,-0.9,-0.9,-0.9,-0.9,-0.898,-0.898,-0.898,-0.898,-0.898,-0.898,-0.898,-0.898,-0.898,-0.898,-0.898,-0.898,-0.898,-0.898,-0.898,-0.898
1968-07-01,-0.9,-0.9,-0.9,-0.9,-0.9,-0.9,-0.9,-0.9,-0.9,-0.9,-0.9,-0.9,-0.9,-0.9,-0.9,-0.9,-0.9,-0.9,-0.9,-0.9,-0.9,-0.9,-0.9,-0.895,-0.895,-0.895,-0.894,-0.894,-0.894,-0.894,-0.894,-0.894,-0.894,-0.894,-0.894,-0.894,-0.894,-0.894,-0.894
1968-10-01,0.3,0.3,0.2,0.2,0.2,0.2,0.2,0.2,0.2,0.2,0.2,0.2,0.2,0.2,0.2,0.2,0.2,0.2,0.2,0.2,0.2,0.2,0.2,0.245,0.245,0.245,0.246,0.246,0.246,0.246,0.246,0.246,0.246,0.246,0.246,0.246,0.246,0.246,0.246
1969-01-01,0.0,0.0,0.0,0.0,0.0,0.0,0.0,0.0,0.0,0.0,0.0,0.0,0.0,0.0,0.0,0.0,0.0,0.0,0.0,0.0,0.0,0.0,0.0,0.041,0.041,0.041,0.041,0.041,0.041,0.041,0.041,0.041,0.041,0.041,0.041,0.041,0.041,0.041,0.041
1969-04-01,0.2,0.2,0.2,0.2,0.2,0.2,0.2,0.2,0.2,0.2,0.2,0.2,0.2,0.2,0.2,0.2,0.2,0.2,0.2,0.2,0.2,0.2,0.2,0.177,0.177,0.177,0.177,0.177,0.177,0.177,0.177,0.177,0.177,0.177,0.177,0.177,0.177,0.177,0.177
1969-07-01,0.1,0.1,0.1,0.1,0.1,0.1,0.1,0.1,0.1,0.1,0.1,0.1,0.1,0.1,0.1,0.1,0.1,0.1,0.1,0.1,0.1,0.1,0.1,0.121,0.121,0.121,0.121,0.121,0.121,0.121,0.121,0.121,0.121,0.121,0.121,0.121,0.121,0.121,0.121
1969-10-01,0.1,0.1,0.1,0.1,0.1,0.1,0.1,0.1,0.1,0.1,0.1,0.1,0.1,0.1,0.1,0.1,0.1,0.1,0.1,0.1,0.1,0.1,0.1,0.077,0.077,0.077,0.077,0.077,0.077,0.077,0.077,0.077,0.077,0.077,0.077,0.077,0.077,0.077,0.077
1970-01-01,-0.1,-0.1,-0.1,-0.1,-0.1,-0.1,-0.1,-0.1,-0.1,-0.1,-0.1,-0.1,-0.1,-0.1,-0.1,-0.1,-0.1,-0.1,-0.1,-0.1,-0.1,-0.1,-0.1,-0.095,-0.095,-0.095,-0.095,-0.095,-0.095,-0.095,-0.095,-0.095,-0.095,-0.095,-0.095,-0.095,-0.095,-0.095,-0.095
1970-04-01,-0.3,-0.3,-0.3,-0.3,-0.3,-0.3,-0.3,-0.3,-0.3,-0.3,-0.3,-0.3,-0.3,-0.3,-0.3,-0.3,-0.3,-0.3,-0.3,-0.3,-0.3,-0.3,-0.3,-0.319,-0.319,-0.319,-0.319,-0.319,-0.319,-0.319,-0.319,-0.319,-0.319,-0.319,-0.319,-0.319,-0.319,-0.319,-0.319
1970-07-01,-0.1,-0.1,-0.1,-0.1,-0.1,-0.1,-0.1,-0.1,-0.1,-0.1,-0.1,-0.1,-0.1,-0.1,-0.1,-0.1,-0.1,-0.1,-0.1,-0.1,-0.1,-0.1,-0.1,-0.123,-0.123,-0.123,-0.123,-0.123,-0.123,-0.123,-0.123,-0.123,-0.123,-0.123,-0.123,-0.123,-0.123,-0.123,-0.123
1970-10-01,-0.5,-0.5,-0.5,-0.5,-0.5,-0.5,-0.5,-0.5,-0.5,-0.5,-0.5,-0.5,-0.5,-0.5,-0.5,-0.5,-0.5,-0.5,-0.5,-0.5,-0.5,-0.5,-0.5,-0.539,-0.539,-0.539,-0.539,-0.539,-0.539,-0.539,-0.539,-0.539,-0.539,-0.539,-0.539,-0.539,-0.539,-0.539,-0.539
1971-01-01,-2.3,-2.3,-2.3,-2.3,-2.3,-2.3,-2.3,-2.3,-2.3,-2.3,-2.3,-2.3,-2.3,-2.3,-2.3,-2.3,-2.3,-2.3,-2.3,-2.3,-2.3,-2.3,-2.3,-2.335,-2.335,-2.335,-2.335,-2.335,-2.335,-2.335,-2.335,-2.335,-2.335,-2.335,-2.335,-2.335,-2.335,-2.335,-2.335
1971-04-01,0.2,0.2,0.2,0.2,0.2,0.2,0.2,0.2,0.2,0.2,0.2,0.2,0.2,0.2,0.2,0.2,0.2,0.2,0.2,0.2,0.2,0.2,0.2,0.185,0.185,0.185,0.185,0.185,0.185,0.185,0.185,0.185,0.185,0.185,0.185,0.185,0.185,0.185,0.185
1971-07-01,0.2,0.2,0.2,0.2,0.2,0.2,0.2,0.2,0.2,0.2,0.2,0.2,0.2,0.2,0.2,0.2,0.2,0.2,0.2,0.2,0.2,0.2,0.2,0.233,0.233,0.233,0.233,0.233,0.233,0.233,0.233,0.233,0.233,0.233,0.233,0.233,0.233,0.233,0.233
1971-10-01,0.2,0.2,0.2,0.2,0.2,0.2,0.2,0.2,0.2,0.2,0.2,0.2,0.2,0.2,0.2,0.2,0.2,0.2,0.2,0.2,0.2,0.2,0.2,0.161,0.161,0.161,0.161,0.161,0.161,0.161,0.161,0.161,0.161,0.161,0.161,0.161,0.161,0.161,0.161
1972-01-01,0.3,0.3,0.3,0.3,0.3,0.3,0.3,0.3,0.3,0.3,0.3,0.3,0.3,0.3,0.3,0.3,0.3,0.3,0.3,0.3,0.3,0.3,0.3,0.257,0.257,0.257,0.257,0.257,0.257,0.257,0.257,0.257,0.257,0.257,0.257,0.257,0.257,0.257,0.257
1972-04-01,0.3,0.3,0.3,0.3,0.3,0.3,0.3,0.3,0.3,0.3,0.3,0.3,0.3,0.3,0.3,0.3,0.3,0.3,0.3,0.3,0.3,0.3,0.3,0.25,0.25,0.25,0.25,0.25,0.25,0.25,0.25,0.25,0.25,0.25,0.25,0.25,0.25,0.25,0.25
1972-07-01,-0.4,-0.4,-0.4,-0.4,-0.4,-0.4,-0.4,-0.4,-0.4,-0.4,-0.4,-0.4,-0.4,-0.4,-0.4,-0.4,-0.4,-0.4,-0.4,-0.4,-0.4,-0.4,-0.4,-0.366,-0.366,-0.366,-0.366,-0.366,-0.366,-0.366,-0.366,-0.366,-0.366,-0.366,-0.366,-0.366,-0.366,-0.366,-0.366
1972-10-01,-3.0,-3.0,-3.0,-3.0,-3.0,-3.0,-3.0,-3.0,-3.0,-3.0,-3.0,-3.0,-3.0,-3.0,-3.0,-3.0,-3.0,-3.0,-3.0,-3.0,-3.0,-3.0,-3.0,-2.994,-2.994,-2.994,-2.994,-2.994,-2.994,-2.994,-2.994,-2.994,-2.994,-2.994,-2.994,-2.994,-2.994,-2.994,-2.994
1973-01-01,-5.2,-5.2,-5.2,-5.2,-5.2,-5.2,-5.2,-5.2,-5.2,-5.2,-5.2,-5.2,-5.2,-5.2,-5.2,-5.2,-5.2,-5.2,-5.2,-5.2,-5.2,-5.2,-5.2,-5.231,-5.231,-5.231,-5.231,-5.231,-5.231,-5.231,-5.231,-5.231,-5.231,-5.231,-5.231,-5.231,-5.231,-5.231,-5.231
1973-04-01,-1.1,-1.1,-1.2,-1.2,-1.2,-1.2,-1.2,-1.2,-1.2,-1.2,-1.2,-1.2,-1.2,-1.2,-1.2,-1.2,-1.2,-1.2,-1.2,-1.2,-1.2,-1.2,-1.2,-1.153,-1.153,-1.153,-1.153,-1.153,-1.153,-1.153,-1.153,-1.153,-1.153,-1.153,-1.153,-1.153,-1.153,-1.153,-1.153
1973-07-01,-4.8,-4.8,-4.8,-4.8,-4.8,-4.8,-4.8,-4.8,-4.8,-4.8,-4.8,-4.8,-4.8,-4.8,-4.8,-4.8,-4.8,-4.8,-4.8,-4.8,-4.8,-4.8,-4.8,-4.803,-4.803,-4.803,-4.803,-4.803,-4.803,-4.803,-4.803,-4.803,-4.803,-4.803,-4.803,-4.803,-4.803,-4.803,-4.803
1973-10-01,-1.6,-1.6,-1.6,-1.6,-1.6,-1.6,-1.6,-1.6,-1.6,-1.6,-1.6,-1.6,-1.6,-1.6,-1.6,-1.6,-1.6,-1.6,-1.6,-1.6,-1.6,-1.6,-1.6,-1.633,-1.633,-1.633,-1.632,-1.632,-1.632,-1.632,-1.632,-1.632,-1.632,-1.632,-1.632,-1.632,-1.632,-1.632,-1.632
1974-01-01,-3.7,-3.7,-3.8,-3.8,-3.8,-3.8,-3.8,-3.8,-3.8,-3.8,-3.8,-3.8,-3.8,-3.8,-3.8,-3.8,-3.8,-3.8,-3.8,-3.8,-3.8,-3.8,-3.8,-3.762,-3.762,-3.762,-3.762,-3.762,-3.762,-3.762,-3.762,-3.762,-3.762,-3.762,-3.762,-3.762,-3.762,-3.762,-3.762
1974-04-01,-13.9,-13.9,-13.9,-13.9,-13.9,-13.9,-13.9,-13.9,-13.9,-13.9,-13.9,-13.9,-13.9,-13.9,-13.9,-13.9,-13.9,-13.9,-13.9,-13.9,-13.9,-13.9,-13.9,-13.939,-13.939,-13.939,-13.939,-13.939,-13.939,-13.939,-13.939,-13.939,-13.939,-13.939,-13.939,-13.939,-13.939,-13.939,-13.939
1974-07-01,0.2,0.2,0.2,0.2,0.2,0.2,0.2,0.2,0.2,0.2,0.2,0.2,0.2,0.2,0.2,0.2,0.2,0.2,0.2,0.2,0.2,0.2,0.2,0.216,0.216,0.216,0.216,0.216,0.216,0.216,0.216,0.216,0.216,0.216,0.216,0.216,0.216,0.216,0.216
1974-10-01,-5.2,-5.2,-5.2,-5.2,-5.2,-5.2,-5.2,-5.2,-5.2,-5.2,-5.2,-5.2,-5.2,-5.2,-5.2,-5.2,-5.2,-5.2,-5.2,-5.2,-5.2,-5.2,-5.2,-5.208,-5.208,-5.208,-5.208,-5.208,-5.208,-5.208,-5.208,-5.208,-5.208,-5.208,-5.208,-5.208,-5.208,-5.208,-5.208
1975-01-01,-0.8,-0.8,-0.8,-0.8,-0.8,-0.8,-0.8,-0.8,-0.8,-0.8,-0.8,-0.8,-0.8,-0.8,-0.8,-0.8,-0.8,-0.8,-0.8,-0.8,-0.8,-0.8,-0.8,-0.773,-0.773,-0.773,-0.773,-0.773,-0.773,-0.773,-0.773,-0.773,-0.773,-0.773,-0.773,-0.773,-0.773,-0.773,-0.773
1975-04-01,-0.6,-0.6,-0.6,-0.6,-0.6,-0.6,-0.6,-0.6,-0.6,-0.6,-0.6,-0.6,-0.6,-0.6,-0.6,-0.6,-0.6,-0.6,-0.6,-0.6,-0.6,-0.6,-0.6,-0.609,-0.609,-0.609,-0.609,-0.609,-0.609,-0.609,-0.609,-0.609,-0.609,-0.609,-0.609,-0.609,-0.609,-0.609,-0.609
1975-07-01,-0.2,-0.2,-0.3,-0.3,-0.3,-0.3,-0.3,-0.3,-0.3,-0.3,-0.3,-0.3,-0.3,-0.3,-0.3,-0.3,-0.3,-0.3,-0.3,-0.3,-0.3,-0.3,-0.3,-0.253,-0.253,-0.253,-0.253,-0.253,-0.253,-0.253,-0.253,-0.253,-0.253,-0.253,-0.253,-0.253,-0.253,-0.253,-0.253
1975-10-01,-0.1,-0.1,-0.1,-0.1,-0.1,-0.1,-0.1,-0.1,-0.1,-0.1,-0.1,-0.1,-0.1,-0.1,-0.1,-0.1,-0.1,-0.1,-0.1,-0.1,-0.1,-0.1,-0.1,-0.099,-0.099,-0.099,-0.099,-0.099,-0.099,-0.099,-0.099,-0.099,-0.099,-0.099,-0.099,-0.099,-0.099,-0.099,-0.099
1976-01-01,-0.8,-0.8,-0.8,-0.8,-0.8,-0.8,-0.8,-0.8,-0.8,-0.8,-0.8,-0.8,-0.8,-0.8,-0.8,-0.8,-0.8,-0.8,-0.8,-0.8,-0.8,-0.8,-0.8,-0.841,-0.841,-0.841,-0.841,-0.841,-0.841,-0.841,-0.841,-0.841,-0.841,-0.841,-0.841,-0.841,-0.841,-0.841,-0.841
1976-04-01,-3.0,-3.0,-3.0,-3.0,-3.0,-3.0,-3.0,-3.0,-3.0,-3.0,-3.0,-3.0,-3.0,-3.0,-3.0,-3.0,-3.0,-3.0,-3.0,-3.0,-3.0,-3.0,-3.0,-2.998,-2.998,-2.998,-2.998,-2.998,-2.998,-2.998,-2.998,-2.998,-2.998,-2.998,-2.998,-2.998,-2.998,-2.998,-2.998
1976-07-01,-4.3,-4.3,-4.3,-4.3,-4.3,-4.3,-4.3,-4.3,-4.3,-4.3,-4.3,-4.3,-4.3,-4.3,-4.3,-4.3,-4.3,-4.3,-4.3,-4.3,-4.3,-4.3,-4.3,-4.337,-4.337,-4.337,-4.337,-4.337,-4.337,-4.337,-4.337,-4.337,-4.337,-4.337,-4.337,-4.337,-4.337,-4.337,-4.337
1976-10-01,-1.4,-1.4,-1.4,-1.4,-1.4,-1.4,-1.4,-1.4,-1.4,-1.4,-1.4,-1.4,-1.4,-1.4,-1.4,-1.4,-1.4,-1.4,-1.4,-1.4,-1.4,-1.4,-1.4,-1.372,-1.372,-1.372,-1.372,-1.372,-1.372,-1.372,-1.372,-1.372,-1.372,-1.372,-1.372,-1.372,-1.372,-1.372,-1.372
1977-01-01,0.2,0.2,0.1,0.1,0.1,0.1,0.1,0.1,0.1,0.1,0.1,0.1,0.1,0.1,0.1,0.1,0.1,0.1,0.1,0.1,0.1,0.1,0.1,0.144,0.144,0.144,0.144,0.144,0.144,0.144,0.144,0.144,0.144,0.144,0.144,0.144,0.144,0.144,0.144
1977-04-01,-0.9,-0.9,-0.9,-0.9,-0.9,-0.9,-0.9,-0.9,-0.9,-0.9,-0.9,-0.9,-0.9,-0.9,-0.9,-0.9,-0.9,-0.9,-0.9,-0.9,-0.9,-0.9,-0.9,-0.937,-0.937,-0.937,-0.936,-0.936,-0.936,-0.936,-0.936,-0.936,-0.936,-0.936,-0.936,-0.936,-0.936,-0.936,-0.936
1977-07-01,-3.4,-3.4,-3.5,-3.5,-3.5,-3.5,-3.5,-3.5,-3.5,-3.5,-3.5,-3.5,-3.5,-3.5,-3.5,-3.5,-3.5,-3.5,-3.5,-3.5,-3.5,-3.5,-3.5,-3.465,-3.465,-3.465,-3.465,-3.465,-3.465,-3.465,-3.465,-3.465,-3.465,-3.465,-3.465,-3.465,-3.465,-3.465,-3.465
1977-10-01,-1.4,-1.4,-1.4,-1.4,-1.4,-1.4,-1.4,-1.4,-1.4,-1.4,-1.4,-1.4,-1.4,-1.4,-1.4,-1.4,-1.4,-1.4,-1.4,-1.4,-1.4,-1.4,-1.4,-1.426,-1.426,-1.426,-1.426,-1.426,-1.426,-1.426,-1.426,-1.426,-1.426,-1.426,-1.426,-1.426,-1.426,-1.426,-1.426
1978-01-01,0.1,0.1,0.1,0.1,0.1,0.1,0.1,0.1,0.1,0.1,0.1,0.1,0.1,0.1,0.1,0.1,0.1,0.1,0.1,0.1,0.1,0.1,0.1,0.085,0.085,0.085,0.085,0.085,0.085,0.085,0.085,0.085,0.085,0.085,0.085,0.085,0.085,0.085,0.085
1978-04-01,-3.2,-3.2,-3.2,-3.2,-3.2,-3.2,-3.2,-3.2,-3.2,-3.2,-3.2,-3.2,-3.2,-3.2,-3.2,-3.2,-3.2,-3.2,-3.2,-3.2,-3.2,-3.2,-3.2,-3.188,-3.188,-3.188,-3.188,-3.188,-3.188,-3.188,-3.188,-3.188,-3.188,-3.188,-3.188,-3.188,-3.188,-3.188,-3.188
1978-07-01,1.1,1.1,1.1,1.1,1.1,1.1,1.1,1.1,1.1,1.1,1.1,1.1,1.1,1.1,1.1,1.1,1.1,1.1,1.1,1.1,1.1,1.1,1.1,1.052,1.052,1.052,1.052,1.052,1.052,1.052,1.052,1.052,1.052,1.052,1.052,1.052,1.052,1.052,1.052
1978-10-01,-0.5,-0.5,-0.5,-0.5,-0.5,-0.5,-0.5,-0.5,-0.5,-0.5,-0.5,-0.5,-0.5,-0.5,-0.5,-0.5,-0.5,-0.5,-0.5,-0.5,-0.5,-0.5,-0.5,-0.505,-0.505,-0.505,-0.505,-0.505,-0.505,-0.505,-0.505,-0.505,-0.505,-0.505,-0.505,-0.505,-0.505,-0.505,-0.505
1979-01-01,-2.5,-2.5,-2.5,-2.5,-2.5,-2.5,-2.5,-2.5,-2.5,-2.5,-2.5,-2.5,-2.5,-2.5,-2.5,-2.5,-2.5,-2.5,-2.5,-2.5,-2.5,-2.5,-2.5,-2.542,-2.542,-2.542,-2.542,-2.542,-2.542,-2.542,-2.542,-2.542,-2.542,-2.542,-2.542,-2.542,-2.542,-2.542,-2.542
1979-04-01,-0.2,-0.2,-0.3,-0.3,-0.3,-0.3,-0.3,-0.3,-0.3,-0.3,-0.3,-0.3,-0.3,-0.3,-0.3,-0.3,-0.3,-0.3,-0.3,-0.3,-0.3,-0.3,-0.3,-0.252,-0.252,-0.252,-0.252,-0.252,-0.252,-0.252,-0.252,-0.252,-0.252,-0.252,-0.252,-0.252,-0.252,-0.252,-0.252
1979-07-01,-2.7,-2.7,-2.7,-2.7,-2.7,-2.7,-2.7,-2.7,-2.7,-2.7,-2.7,-2.7,-2.7,-2.7,-2.7,-2.7,-2.7,-2.7,-2.7,-2.7,-2.7,-2.7,-2.7,-2.73,-2.73,-2.73,-2.73,-2.73,-2.73,-2.73,-2.73,-2.73,-2.73,-2.73,-2.73,-2.73,-2.73,-2.73,-2.73
1979-10-01,-5.8,-5.8,-5.9,-5.9,-5.9,-5.9,-5.9,-5.9,-5.9,-5.9,-5.9,-5.9,-5.9,-5.9,-5.9,-5.9,-5.9,-5.9,-5.9,-5.9,-5.9,-5.9,-5.9,-5.87,-5.87,-5.87,-5.87,-5.87,-5.87,-5.87,-5.87,-5.87,-5.87,-5.87,-5.87,-5.87,-5.87,-5.87,-5.87
1980-01-01,-2.6,-2.6,-2.6,-2.6,-2.6,-2.6,-2.6,-2.6,-2.6,-2.6,-2.6,-2.6,-2.6,-2.6,-2.6,-2.6,-2.6,-2.6,-2.6,-2.6,-2.6,-2.6,-2.6,-2.632,-2.632,-2.632,-2.632,-2.632,-2.632,-2.632,-2.632,-2.632,-2.632,-2.632,-2.632,-2.632,-2.632,-2.632,-2.632
1980-04-01,0.8,0.8,0.8,0.8,0.8,0.8,0.8,0.8,0.8,0.8,0.8,0.8,0.8,0.8,0.8,0.8,0.8,0.8,0.8,0.8,0.8,0.8,0.8,0.751,0.751,0.751,0.751,0.751,0.751,0.751,0.751,0.751,0.751,0.751,0.751,0.751,0.751,0.751,0.751
1980-07-01,-1.9,-1.9,-1.9,-1.9,-1.9,-1.9,-1.9,-1.9,-1.9,-1.9,-1.9,-1.9,-1.9,-1.9,-1.9,-1.9,-1.9,-1.9,-1.9,-1.9,-1.9,-1.9,-1.9,-1.898,-1.898,-1.898,-1.898,-1.898,-1.898,-1.898,-1.898,-1.898,-1.898,-1.898,-1.898,-1.898,-1.898,-1.898,-1.898
1980-10-01,-12.5,-12.5,-12.5,-12.5,-12.5,-12.5,-12.5,-12.5,-12.5,-12.5,-12.5,-12.5,-12.5,-12.5,-12.5,-12.5,-12.5,-12.5,-12.5,-12.5,-12.5,-12.5,-12.5,-12.492,-12.492,-12.492,-12.492,-12.492,-12.492,-12.492,-12.492,-12.492,-12.492,-12.492,-12.492,-12.492,-12.492,-12.492,-12.492
1981-01-01,0.2,0.2,0.2,0.2,0.2,0.2,0.2,0.2,0.2,0.2,0.2,0.2,0.2,0.2,0.2,0.2,0.2,0.2,0.2,0.2,0.2,0.2,0.2,0.204,0.204,0.204,0.204,0.204,0.204,0.204,0.204,0.204,0.204,0.204,0.204,0.204,0.204,0.204,0.204
1981-04-01,-5.3,-5.3,-5.3,-5.3,-5.3,-5.3,-5.3,-5.3,-5.3,-5.3,-5.3,-5.3,-5.3,-5.3,-5.3,-5.3,-5.3,-5.3,-5.3,-5.3,-5.3,-5.3,-5.3,-5.32,-5.32,-5.32,-5.32,-5.32,-5.32,-5.32,-5.32,-5.32,-5.32,-5.32,-5.32,-5.32,-5.32,-5.32,-5.32
1981-07-01,-13.0,-13.0,-13.1,-13.1,-13.1,-13.1,-13.1,-13.1,-13.1,-13.1,-13.1,-13.1,-13.1,-13.1,-13.1,-13.1,-13.1,-13.1,-13.1,-13.1,-13.1,-13.1,-13.1,-13.056,-13.056,-13.056,-13.056,-13.056,-13.056,-13.056,-13.056,-13.056,-13.056,-13.056,-13.056,-13.056,-13.056,-13.056,-13.056
1981-10-01,-3.9,-3.9,-3.9,-3.9,-3.9,-3.9,-3.9,-3.9,-3.9,-3.9,-3.9,-3.9,-3.9,-3.9,-3.9,-3.9,-3.9,-3.9,-3.9,-3.9,-3.9,-3.9,-3.9,-3.932,-3.932,-3.932,-3.932,-3.932,-3.932,-3.932,-3.932,-3.932,-3.932,-3.932,-3.932,-3.932,-3.932,-3.932,-3.932
1982-01-01,-3.5,-3.5,-3.5,-3.5,-3.5,-3.5,-3.5,-3.5,-3.5,-3.5,-3.5,-3.5,-3.5,-3.5,-3.5,-3.5,-3.5,-3.5,-3.5,-3.5,-3.5,-3.5,-3.5,-3.532,-3.532,-3.532,-3.532,-3.532,-3.532,-3.532,-3.532,-3.532,-3.532,-3.532,-3.532,-3.532,-3.532,-3.532,-3.532
1982-04-01,-1.0,-1.0,-1.0,-1.0,-1.0,-1.0,-1.0,-1.0,-1.0,-1.0,-1.0,-1.0,-1.0,-1.0,-1.0,-1.0,-1.0,-1.0,-1.0,-1.0,-1.0,-1.0,-1.0,-1.028,-1.028,-1.028,-1.028,-1.028,-1.028,-1.028,-1.028,-1.028,-1.028,-1.028,-1.028,-1.028,-1.028,-1.028,-1.028
1982-07-01,-0.4,-0.4,-0.5,-0.5,-0.5,-0.5,-0.5,-0.5,-0.5,-0.5,-0.5,-0.5,-0.5,-0.5,-0.5,-0.5,-0.5,-0.5,-0.5,-0.5,-0.5,-0.5,-0.5,-0.504,-0.504,-0.504,-0.504,-0.504,-0.504,-0.504,-0.504,-0.504,-0.504,-0.504,-0.504,-0.504,-0.504,-0.504,-0.504
1982-10-01,-9.7,-9.7,-9.7,-9.7,-9.7,-9.7,-9.7,-9.7,-9.7,-9.7,-9.7,-9.7,-9.7,-9.7,-9.7,-9.7,-9.7,-9.7,-9.7,-9.7,-9.7,-9.7,-9.7,-9.704,-9.704,-9.704,-9.704,-9.704,-9.704,-9.704,-9.704,-9.704,-9.704,-9.704,-9.704,-9.704,-9.704,-9.704,-9.704
1983-01-01,0.1,0.1,0.0,0.0,0.0,0.0,0.0,0.0,0.0,0.0,0.0,0.0,0.0,0.0,0.0,0.0,0.0,0.0,0.0,0.0,0.0,0.0,0.0,0.04,0.04,0.04,0.04,0.04,0.04,0.04,0.04,0.04,0.04,0.04,0.04,0.04,0.04,0.04,0.04
1983-04-01,-14.6,-14.6,-14.6,-14.6,-14.6,-14.6,-14.6,-14.6,-14.6,-14.6,-14.6,-14.6,-14.6,-14.6,-14.6,-14.6,-14.6,-14.6,-14.6,-14.6,-14.6,-14.6,-14.6,-14.632,-14.632,-14.632,-14.632,-14.632,-14.632,-14.632,-14.632,-14.632,-14.632,-14.632,-14.632,-14.632,-14.632,-14.632,-14.632
1983-07-01,-5.1,-5.1,-5.2,-5.2,-5.2,-5.2,-5.2,-5.2,-5.2,-5.2,-5.2,-5.2,-5.2,-5.2,-5.2,-5.2,-5.2,-5.2,-5.2,-5.2,-5.2,-5.2,-5.2,-5.176,-5.176,-5.176,-5.176,-5.176,-5.176,-5.176,-5.176,-5.176,-5.176,-5.176,-5.176,-5.176,-5.176,-5.176,-5.176
1983-10-01,0.0,0.0,0.0,0.0,0.0,0.0,0.0,0.0,0.0,0.0,0.0,0.0,0.0,0.0,0.0,0.0,0.0,0.0,0.0,0.0,0.0,0.0,0.0,-0.028,-0.028,-0.028,-0.028,-0.028,-0.028,-0.028,-0.028,-0.028,-0.028,-0.028,-0.028,-0.028,-0.028,-0.028,-0.028
1984-01-01,-2.8,-2.8,-2.8,-2.8,-2.8,-2.8,-2.8,-2.8,-2.8,-2.8,-2.8,-2.8,-2.8,-2.8,-2.8,-2.8,-2.8,-2.8,-2.8,-2.8,-2.8,-2.8,-2.8,-2.824,-2.824,-2.824,-2.824,-2.824,-2.824,-2.824,-2.824,-2.824,-2.824,-2.824,-2.824,-2.824,-2.824,-2.824,-2.824
1984-04-01,-6.2,-6.2,-6.2,-6.2,-6.2,-6.2,-6.2,-6.2,-6.2,-6.2,-6.2,-6.2,-6.2,-6.2,-6.2,-6.2,-6.2,-6.2,-6.2,-6.2,-6.2,-6.2,-6.2,-6.232,-6.232,-6.232,-6.232,-6.232,-6.232,-6.232,-6.232,-6.232,-6.232,-6.232,-6.232,-6.232,-6.232,-6.232,-6.232
1984-07-01,-4.3,-4.3,-4.3,-4.3,-4.3,-4.3,-4.3,-4.3,-4.3,-4.3,-4.3,-4.3,-4.3,-4.3,-4.3,-4.3,-4.3,-4.3,-4.3,-4.3,-4.3,-4.3,-4.3,-4.316,-4.316,-4.316,-4.316,-4.316,-4.316,-4.316,-4.316,-4.316,-4.316,-4.316,-4.316,-4.316,-4.316,-4.316,-4.316
1984-10-01,-2.4,-2.4,-2.5,-2.5,-2.5,-2.5,-2.5,-2.5,-2.5,-2.5,-2.5,-2.5,-2.5,-2.5,-2.5,-2.5,-2.5,-2.5,-2.5,-2.5,-2.5,-2.5,-2.5,-2.456,-2.456,-2.456,-2.456,-2.456,-2.456,-2.456,-2.456,-2.456,-2.456,-2.456,-2.456,-2.456,-2.456,-2.456,-2.456
1985-01-01,0.2,0.2,0.2,0.2,0.2,0.2,0.2,0.2,0.2,0.2,0.2,0.2,0.2,0.2,0.2,0.2,0.2,0.2,0.2,0.2,0.2,0.2,0.2,0.188,0.188,0.188,0.188,0.188,0.188,0.188,0.188,0.188,0.188,0.188,0.188,0.188,0.188,0.188,0.188
1985-04-01,-0.1,-0.1,-0.2,-0.2,-0.2,-0.2,-0.2,-0.2,-0.2,-0.2,-0.2,-0.2,-0.2,-0.2,-0.2,-0.2,-0.2,-0.2,-0.2,-0.2,-0.2,-0.2,-0.2,-0.192,-0.192,-0.192,-0.192,-0.192,-0.192,-0.192,-0.192,-0.192,-0.192,-0.192,-0.192,-0.192,-0.192,-0.192,-0.192
1985-07-01,-4.5,-4.5,-4.5,-4.5,-4.5,-4.5,-4.5,-4.5,-4.5,-4.5,-4.5,-4.5,-4.5,-4.5,-4.5,-4.5,-4.5,-4.5,-4.5,-4.5,-4.5,-4.5,-4.5,-4.524,-4.524,-4.524,-4.524,-4.524,-4.524,-4.524,-4.524,-4.524,-4.524,-4.524,-4.524,-4.524,-4.524,-4.524,-4.524
1985-10-01,-0.2,-0.2,-0.3,-0.3,-0.3,-0.3,-0.3,-0.3,-0.3,-0.3,-0.3,-0.3,-0.3,-0.3,-0.3,-0.3,-0.3,-0.3,-0.3,-0.3,-0.3,-0.3,-0.3,-0.28,-0.28,-0.28,-0.28,-0.28,-0.28,-0.28,-0.28,-0.28,-0.28,-0.28,-0.28,-0.28,-0.28,-0.28,-0.28
1986-01-01,0.0,0.0,0.0,0.0,0.0,0.0,0.0,0.0,0.0,0.0,0.0,0.0,0.0,0.0,0.0,0.0,0.0,0.0,0.0,0.0,0.0,0.0,0.0,-0.036,-0.036,-0.036,-0.036,-0.036,-0.036,-0.036,-0.036,-0.036,-0.036,-0.036,-0.036,-0.036,-0.036,-0.036,-0.036
1986-04-01,-7.4,-7.4,-7.4,-7.4,-7.4,-7.4,-7.4,-7.4,-7.4,-7.4,-7.4,-7.4,-7.4,-7.4,-7.4,-7.4,-7.4,-7.4,-7.4,-7.4,-7.4,-7.4,-7.4,-7.432,-7.432,-7.432,-7.432,-7.432,-7.432,-7.432,-7.432,-7.432,-7.432,-7.432,-7.432,-7.432,-7.432,-7.432,-7.432
1986-07-01,0.0,0.0,0.0,0.0,0.0,0.0,0.0,0.0,0.0,0.0,0.0,0.0,0.0,0.0,0.0,0.0,0.0,0.0,0.0,0.0,0.0,0.0,0.0,-0.008,-0.008,-0.008,-0.008,-0.008,-0.008,-0.008,-0.008,-0.008,-0.008,-0.008,-0.008,-0.008,-0.008,-0.008,-0.008
1986-10-01,-4.6,-4.6,-4.6,-4.6,-4.6,-4.6,-4.6,-4.6,-4.6,-4.6,-4.6,-4.6,-4.6,-4.6,-4.6,-4.6,-4.6,-4.6,-4.6,-4.6,-4.6,-4.6,-4.6,-4.62,-4.62,-4.62,-4.62,-4.62,-4.62,-4.62,-4.62,-4.62,-4.62,-4.62,-4.62,-4.62,-4.62,-4.62,-4.62
1987-01-01,0.0,0.0,0.0,0.0,0.0,0.0,0.0,0.0,0.0,0.0,0.0,0.0,0.0,0.0,0.0,0.0,0.0,0.0,0.0,0.0,0.0,0.0,0.0,-0.004,-0.004,-0.004,-0.004,-0.004,-0.004,-0.004,-0.004,-0.004,-0.004,-0.004,-0.004,-0.004,-0.004,-0.004,-0.004
1987-04-01,-0.1,-0.1,-0.2,-0.2,-0.2,-0.2,-0.2,-0.2,-0.2,-0.2,-0.2,-0.2,-0.2,-0.2,-0.2,-0.2,-0.2,-0.2,-0.2,-0.2,-0.2,-0.2,-0.2,-0.188,-0.188,-0.188,-0.188,-0.188,-0.188,-0.188,-0.188,-0.188,-0.188,-0.188,-0.188,-0.188,-0.188,-0.188,-0.188
1987-07-01,-0.8,-0.8,-0.8,-0.8,-0.8,-0.8,-0.8,-0.8,-0.8,-0.8,-0.8,-0.8,-0.8,-0.8,-0.8,-0.8,-0.8,-0.8,-0.8,-0.8,-0.8,-0.8,-0.8,-0.824,-0.824,-0.824,-0.824,-0.824,-0.824,-0.824,-0.824,-0.824,-0.824,-0.824,-0.824,-0.824,-0.824,-0.824,-0.824
1987-10-01,-0.7,-0.7,-0.7,-0.7,-0.7,-0.7,-0.7,-0.7,-0.7,-0.7,-0.7,-0.7,-0.7,-0.7,-0.7,-0.7,-0.7,-0.7,-0.7,-0.7,-0.7,-0.7,-0.7,-0.736,-0.736,-0.736,-0.736,-0.736,-0.736,-0.736,-0.736,-0.736,-0.736,-0.736,-0.736,-0.736,-0.736,-0.736,-0.736
1988-01-01,0.2,0.2,0.2,0.2,0.2,0.2,0.2,0.2,0.2,0.2,0.2,0.2,0.2,0.2,0.2,0.2,0.2,0.2,0.2,0.2,0.2,0.2,0.2,0.18,0.18,0.18,0.18,0.18,0.18,0.18,0.18,0.18,0.18,0.18,0.18,0.18,0.18,0.18,0.18
1988-04-01,2.5,2.5,2.4,2.4,2.4,2.4,2.4,2.4,2.4,2.4,2.4,2.4,2.4,2.4,2.4,2.4,2.4,2.4,2.4,2.4,2.4,2.4,2.4,2.428,2.428,2.428,2.428,2.428,2.428,2.428,2.428,2.428,2.428,2.428,2.428,2.428,2.428,2.428,2.428
1988-07-01,-2.3,-2.3,-2.4,-2.4,-2.4,-2.4,-2.4,-2.4,-2.4,-2.4,-2.4,-2.4,-2.4,-2.4,-2.4,-2.4,-2.4,-2.4,-2.4,-2.4,-2.4,-2.4,-2.4,-2.38,-2.38,-2.38,-2.38,-2.38,-2.38,-2.38,-2.38,-2.38,-2.38,-2.38,-2.38,-2.38,-2.38,-2.38,-2.38
1988-10-01,-0.8,-0.8,-0.9,-0.9,-0.9,-0.9,-0.9,-0.9,-0.9,-0.9,-0.9,-0.9,-0.9,-0.9,-0.9,-0.9,-0.9,-0.9,-0.9,-0.9,-0.9,-0.9,-0.9,-0.852,-0.852,-0.852,-0.852,-0.852,-0.852,-0.852,-0.852,-0.852,-0.852,-0.852,-0.852,-0.852,-0.852,-0.852,-0.852
1989-01-01,0.2,0.2,0.1,0.1,0.1,0.1,0.1,0.1,0.1,0.1,0.1,0.1,0.1,0.1,0.1,0.1,0.1,0.1,0.1,0.1,0.1,0.1,0.1,0.124,0.124,0.124,0.124,0.124,0.124,0.124,0.124,0.124,0.124,0.124,0.124,0.124,0.124,0.124,0.124
1989-04-01,-1.5,-1.5,-1.5,-1.5,-1.5,-1.5,-1.5,-1.5,-1.5,-1.5,-1.5,-1.5,-1.5,-1.5,-1.5,-1.5,-1.5,-1.5,-1.5,-1.5,-1.5,-1.5,-1.5,-1.548,-1.548,-1.548,-1.548,-1.548,-1.548,-1.548,-1.548,-1.548,-1.548,-1.548,-1.548,-1.548,-1.548,-1.548,-1.548
1989-07-01,-0.7,-0.7,-0.7,-0.7,-0.7,-0.7,-0.7,-0.7,-0.7,-0.7,-0.7,-0.7,-0.7,-0.7,-0.7,-0.7,-0.7,-0.7,-0.7,-0.7,-0.7,-0.7,-0.7,-0.728,-0.728,-0.728,-0.728,-0.728,-0.728,-0.728,-0.728,-0.728,-0.728,-0.728,-0.728,-0.728,-0.728,-0.728,-0.728
1989-10-01,-0.8,-0.8,-0.8,-0.8,-0.8,-0.8,-0.8,-0.8,-0.8,-0.8,-0.8,-0.8,-0.8,-0.8,-0.8,-0.8,-0.8,-0.8,-0.8,-0.8,-0.8,-0.8,-0.8,-0.792,-0.792,-0.792,-0.792,-0.792,-0.792,-0.792,-0.792,-0.792,-0.792,-0.792,-0.792,-0.792,-0.792,-0.792,-0.792
1990-01-01,-0.4,-0.4,-0.4,-0.4,-0.4,-0.4,-0.4,-0.4,-0.4,-0.4,-0.4,-0.4,-0.4,-0.4,-0.4,-0.4,-0.4,-0.4,-0.4,-0.4,-0.4,-0.4,-0.4,-0.432,-0.432,-0.432,-0.432,-0.432,-0.432,-0.432,-0.432,-0.432,-0.432,-0.432,-0.432,-0.432,-0.432,-0.432,-0.432
1990-04-01,-1.3,-1.3,-1.4,-1.4,-1.4,-1.4,-1.4,-1.4,-1.4,-1.4,-1.4,-1.4,-1.4,-1.4,-1.4,-1.4,-1.4,-1.4,-1.4,-1.4,-1.4,-1.4,-1.4,-1.36,-1.36,-1.36,-1.36,-1.36,-1.36,-1.36,-1.36,-1.36,-1.36,-1.36,-1.36,-1.36,-1.36,-1.36,-1.36
1990-07-01,-1.4,-1.4,-1.4,-1.4,-1.4,-1.4,-1.4,-1.4,-1.4,-1.4,-1.4,-1.4,-1.4,-1.4,-1.4,-1.4,-1.4,-1.4,-1.4,-1.4,-1.4,-1.4,-1.4,-1.436,-1.436,-1.436,-1.436,-1.436,-1.436,-1.436,-1.436,-1.436,-1.436,-1.436,-1.436,-1.436,-1.436,-1.436,-1.436
1990-10-01,0.2,0.2,0.1,0.1,0.1,0.1,0.1,0.1,0.1,0.1,0.1,0.1,0.1,0.1,0.1,0.1,0.1,0.1,0.1,0.1,0.1,0.1,0.1,0.104,0.104,0.104,0.104,0.104,0.104,0.104,0.104,0.104,0.104,0.104,0.104,0.104,0.104,0.104,0.104
1991-01-01,0.2,0.2,0.2,0.2,0.2,0.2,0.2,0.2,0.2,0.2,0.2,0.2,0.2,0.2,0.2,0.2,0.2,0.2,0.2,0.2,0.2,0.2,0.2,0.152,0.152,0.152,0.152,0.152,0.152,0.152,0.152,0.152,0.152,0.152,0.152,0.152,0.152,0.152,0.152
1991-04-01,0.2,0.2,0.1,0.1,0.1,0.1,0.1,0.1,0.1,0.1,0.1,0.1,0.1,0.1,0.1,0.1,0.1,0.1,0.1,0.1,0.1,0.1,0.1,0.148,0.148,0.148,0.148,0.148,0.148,0.148,0.148,0.148,0.148,0.148,0.148,0.148,0.148,0.148,0.148
1991-07-01,0.2,0.2,0.1,0.1,0.1,0.1,0.1,0.1,0.1,0.1,0.1,0.1,0.1,0.1,0.1,0.1,0.1,0.1,0.1,0.1,0.1,0.1,0.1,0.136,0.136,0.136,0.136,0.136,0.136,0.136,0.136,0.136,0.136,0.136,0.136,0.136,0.136,0.136,0.136
1991-10-01,0.2,0.2,0.2,0.2,0.2,0.2,0.2,0.2,0.2,0.2,0.2,0.2,0.2,0.2,0.2,0.2,0.2,0.2,0.2,0.2,0.2,0.2,0.2,0.16,0.16,0.16,0.16,0.16,0.16,0.16,0.16,0.16,0.16,0.16,0.16,0.16,0.16,0.16,0.16
1992-01-01,0.3,0.3,0.2,0.2,0.2,0.2,0.2,0.2,0.2,0.2,0.2,0.2,0.2,0.2,0.2,0.2,0.2,0.2,0.2,0.2,0.2,0.2,0.2,0.208,0.208,0.208,0.208,0.208,0.208,0.208,0.208,0.208,0.208,0.208,0.208,0.208,0.208,0.208,0.208
1992-04-01,0.3,0.3,0.2,0.2,0.2,0.2,0.2,0.2,0.2,0.2,0.2,0.2,0.2,0.2,0.2,0.2,0.2,0.2,0.2,0.2,0.2,0.2,0.2,0.208,0.208,0.208,0.208,0.208,0.208,0.208,0.208,0.208,0.208,0.208,0.208,0.208,0.208,0.208,0.208
1992-07-01,0.2,0.2,0.2,0.2,0.2,0.2,0.2,0.2,0.2,0.2,0.2,0.2,0.2,0.2,0.2,0.2,0.2,0.2,0.2,0.2,0.2,0.2,0.2,0.18,0.18,0.18,0.18,0.18,0.18,0.18,0.18,0.18,0.18,0.18,0.18,0.18,0.18,0.18,0.18
1992-10-01,0.2,0.2,0.2,0.2,0.2,0.2,0.2,0.2,0.2,0.2,0.2,0.2,0.2,0.2,0.2,0.2,0.2,0.2,0.2,0.2,0.2,0.2,0.2,0.16,0.16,0.16,0.16,0.16,0.16,0.16,0.16,0.16,0.16,0.16,0.16,0.16,0.16,0.16,0.16
1993-01-01,0.3,0.3,0.2,0.2,0.2,0.2,0.2,0.2,0.2,0.2,0.2,0.2,0.2,0.2,0.2,0.2,0.2,0.2,0.2,0.2,0.2,0.2,0.2,0.224,0.224,0.224,0.224,0.224,0.224,0.224,0.224,0.224,0.224,0.224,0.224,0.224,0.224,0.224,0.224
1993-04-01,0.2,0.2,0.2,0.2,0.2,0.2,0.2,0.2,0.2,0.2,0.2,0.2,0.2,0.2,0.2,0.2,0.2,0.2,0.2,0.2,0.2,0.2,0.2,0.156,0.156,0.156,0.156,0.156,0.156,0.156,0.156,0.156,0.156,0.156,0.156,0.156,0.156,0.156,0.156
1993-07-01,0.2,0.2,0.1,0.1,0.1,0.1,0.1,0.1,0.1,0.1,0.1,0.1,0.1,0.1,0.1,0.1,0.1,0.1,0.1,0.1,0.1,0.1,0.1,0.1,0.1,0.1,0.1,0.1,0.1,0.1,0.1,0.1,0.1,0.1,0.1,0.1,0.1,0.1,0.1
1993-10-01,0.2,0.2,0.1,0.1,0.1,0.1,0.1,0.1,0.1,0.1,0.1,0.1,0.1,0.1,0.1,0.1,0.1,0.1,0.1,0.1,0.1,0.1,0.1,0.136,0.136,0.136,0.136,0.136,0.136,0.136,0.136,0.136,0.136,0.136,0.136,0.136,0.136,0.136,0.136
1994-01-01,0.0,0.0,-0.1,-0.1,-0.1,-0.1,-0.1,-0.1,-0.1,-0.1,-0.1,-0.1,-0.1,-0.1,-0.1,-0.1,-0.1,-0.1,-0.1,-0.1,-0.1,-0.1,-0.1,-0.068,-0.068,-0.068,-0.068,-0.068,-0.068,-0.068,-0.068,-0.068,-0.068,-0.068,-0.068,-0.068,-0.068,-0.068,-0.068
1994-04-01,-0.9,-0.9,-0.9,-0.9,-0.9,-0.9,-0.9,-0.9,-0.9,-0.9,-0.9,-0.9,-0.9,-0.9,-0.9,-0.9,-0.9,-0.9,-0.9,-0.9,-0.9,-0.9,-0.9,-0.936,-0.936,-0.936,-0.936,-0.936,-0.936,-0.936,-0.936,-0.936,-0.936,-0.936,-0.936,-0.936,-0.936,-0.936,-0.936
1994-07-01,1.5,1.5,1.4,1.4,1.4,1.4,1.4,1.4,1.4,1.4,1.4,1.4,1.4,1.4,1.4,1.4,1.4,1.4,1.4,1.4,1.4,1.4,1.4,1.408,1.408,1.408,1.408,1.408,1.408,1.408,1.408,1.408,1.408,1.408,1.408,1.408,1.408,1.408,1.408
1994-10-01,0.0,0.0,-0.1,-0.1,-0.1,-0.1,-0.1,-0.1,-0.1,-0.1,-0.1,-0.1,-0.1,-0.1,-0.1,-0.1,-0.1,-0.1,-0.1,-0.1,-0.1,-0.1,-0.1,-0.108,-0.108,-0.108,-0.108,-0.108,-0.108,-0.108,-0.108,-0.108,-0.108,-0.108,-0.108,-0.108,-0.108,-0.108,-0.108
1995-01-01,0.4,0.4,-0.2,-0.2,-0.2,-0.2,-0.2,-0.2,-0.2,-0.2,-0.2,-0.2,-0.2,-0.2,-0.2,-0.2,-0.2,-0.2,-0.2,-0.2,-0.2,-0.2,-0.2,-0.164,-0.164,-0.164,-0.164,-0.164,-0.164,-0.164,-0.164,-0.164,-0.164,-0.164,-0.164,-0.164,-0.164,-0.164,-0.164
1995-04-01,-2.3,-2.3,-2.8,-2.8,-2.8,-2.8,-2.8,-2.8,-2.8,-2.8,-2.8,-2.8,-2.8,-2.8,-2.8,-2.8,-2.8,-2.8,-2.8,-2.8,-2.8,-2.8,-2.8,-2.772,-2.772,-2.772,-2.772,-2.772,-2.772,-2.772,-2.772,-2.772,-2.772,-2.772,-2.772,-2.772,-2.772,-2.772,-2.772
1995-07-01,-27.6,-27.6,-28.3,-28.3,-28.3,-28.3,-28.3,-28.3,-28.3,-28.3,-28.3,-28.3,-28.3,-28.3,-28.3,-28.3,-28.3,-28.3,-28.3,-28.3,-28.3,-28.3,-28.3,-28.348,-28.348,-28.348,-28.348,-28.348,-28.348,-28.348,-28.348,-28.348,-28.348,-28.348,-28.348,-28.348,-28.348,-28.348,-28.348
1995-10-01,-0.1,-0.1,-0.4,-0.4,-0.4,-0.4,-0.4,-0.4,-0.4,-0.4,-0.4,-0.4,-0.4,-0.4,-0.4,-0.4,-0.4,-0.4,-0.4,-0.4,-0.4,-0.4,-0.4,-0.432,-0.432,-0.432,-0.432,-0.432,-0.432,-0.432,-0.432,-0.432,-0.432,-0.432,-0.432,-0.432,-0.432,-0.432,-0.432
1996-01-01,-0.8,-0.8,-1.2,-1.2,-1.2,-1.2,-1.2,-1.2,-1.2,-1.2,-1.2,-1.2,-1.2,-1.2,-1.2,-1.2,-1.2,-1.2,-1.2,-1.2,-1.2,-1.2,-1.2,-1.172,-1.172,-1.172,-1.172,-1.172,-1.172,-1.172,-1.172,-1.172,-1.172,-1.172,-1.172,-1.172,-1.172,-1.172,-1.172
1996-04-01,0.0,0.0,-0.7,-0.7,-0.7,-0.7,-0.7,-0.7,-0.7,-0.7,-0.7,-0.7,-0.7,-0.7,-0.7,-0.7,-0.7,-0.7,-0.7,-0.7,-0.7,-0.7,-0.7,-0.7,-0.7,-0.7,-0.7,-0.7,-0.7,-0.7,-0.7,-0.7,-0.7,-0.7,-0.7,-0.7,-0.7,-0.7,-0.7
1996-07-01,0.5,0.5,-1.6,-1.6,-1.6,-1.6,-1.6,-1.6,-1.6,-1.6,-1.6,-1.6,-1.6,-1.6,-1.6,-1.6,-1.6,-1.6,-1.6,-1.6,-1.6,-1.6,-1.6,-1.64,-1.64,-1.64,-1.64,-1.64,-1.64,-1.64,-1.64,-1.64,-1.64,-1.64,-1.64,-1.64,-1.64,-1.64,-1.64
1996-10-01,-14.8,-14.8,-15.6,-15.6,-15.6,-15.6,-15.6,-15.6,-15.6,-15.6,-15.6,-15.6,-15.6,-15.6,-15.6,-15.6,-15.6,-15.6,-15.6,-15.6,-15.6,-15.6,-15.6,-15.628,-15.628,-15.628,-15.628,-15.628,-15.628,-15.628,-15.628,-15.628,-15.628,-15.628,-15.628,-15.628,-15.628,-15.628,-15.628
1997-01-01,-0.7,-0.7,-1.3,-1.3,-1.3,-1.3,-1.3,-1.3,-1.3,-1.3,-1.3,-1.3,-1.3,-1.3,-1.3,-1.3,-1.3,-1.3,-1.3,-1.3,-1.3,-1.3,-1.3,-1.272,-1.272,-1.272,-1.272,-1.272,-1.272,-1.272,-1.272,-1.272,-1.272,-1.272,-1.272,-1.272,-1.272,-1.272,-1.272
1997-04-01,-26.8,-26.8,-27.6,-27.6,-27.6,-27.6,-27.6,-27.6,-27.6,-27.6,-27.6,-27.6,-27.6,-27.6,-27.6,-27.6,-27.6,-27.6,-27.6,-27.6,-27.6,-27.6,-27.6,-27.644,-27.644,-27.644,-27.644,-27.644,-27.644,-27.644,-27.644,-27.644,-27.644,-27.644,-27.644,-27.644,-27.644,-27.644,-27.644
1997-07-01,-1.5,-1.5,-4.1,-4.1,-4.1,-4.1,-4.1,-4.1,-4.1,-4.1,-4.1,-4.1,-4.1,-4.1,-4.1,-4.1,-4.1,-4.1,-4.1,-4.1,-4.1,-4.1,-4.1,-4.1,-4.1,-4.1,-4.1,-4.1,-4.1,-4.1,-4.1,-4.1,-4.1,-4.1,-4.1,-4.1,-4.1,-4.1,-4.1
1997-10-01,-1.3,-1.3,-2.2,-2.2,-2.2,-2.2,-2.2,-2.2,-2.2,-2.2,-2.2,-2.2,-2.2,-2.2,-2.2,-2.2,-2.2,-2.2,-2.2,-2.2,-2.2,-2.2,-2.2,-2.188,-2.188,-2.188,-2.188,-2.188,-2.188,-2.188,-2.188,-2.188,-2.188,-2.188,-2.188,-2.188,-2.188,-2.188,-2.188
1998-01-01,-3.6,-3.6,-3.0,-3.0,-3.0,-3.0,-3.0,-3.0,-3.0,-3.0,-3.0,-3.0,-3.0,-3.0,-3.0,-3.0,-3.0,-3.0,-3.0,-3.0,-3.0,-3.0,-3.0,-2.984,-2.984,-2.984,-2.984,-2.984,-2.984,-2.984,-2.984,-2.984,-2.984,-2.984,-2.984,-2.984,-2.984,-2.984,-2.984
1998-04-01,-11.2,-11.2,-11.2,-11.2,-11.2,-11.2,-11.2,-11.2,-11.2,-11.2,-11.2,-11.2,-11.2,-11.2,-11.2,-11.2,-11.2,-11.2,-11.2,-11.2,-11.2,-11.2,-11.2,-11.156,-11.156,-11.156,-11.156,-11.156,-11.156,-11.156,-11.156,-11.156,-11.156,-11.156,-11.156,-11.156,-11.156,-11.156,-11.156
1998-07-01,-5.1,-5.1,-8.5,-8.5,-8.5,-8.5,-8.5,-8.5,-8.5,-8.5,-8.5,-8.5,-8.5,-8.5,-8.5,-8.5,-8.5,-8.5,-8.5,-8.5,-8.5,-8.5,-8.5,-8.5,-8.5,-8.5,-8.5,-8.5,-8.5,-8.5,-8.5,-8.5,-8.5,-8.5,-8.5,-8.5,-8.5,-8.5,-8.5
1998-10-01,-3.2,-3.2,-1.5,-1.5,-1.5,-1.5,-1.5,-1.5,-1.5,-1.5,-1.5,-1.5,-1.5,-1.5,-1.5,-1.5,-1.5,-1.5,-1.5,-1.5,-1.5,-1.5,-1.5,-1.46,-1.46,-1.46,-1.46,-1.46,-1.46,-1.46,-1.46,-1.46,-1.46,-1.46,-1.46,-1.46,-1.46,-1.46,-1.46
1999-01-01,-0.6,-0.6,-0.3,-0.3,-0.3,-0.3,-0.3,-0.3,-0.3,-0.3,-0.3,-0.3,-0.3,-0.3,-0.3,-0.3,-0.3,-0.3,-0.3,-0.3,-0.3,-0.3,-0.3,-0.268,-0.268,-0.268,-0.268,-0.268,-0.268,-0.268,-0.268,-0.268,-0.268,-0.268,-0.268,-0.268,-0.268,-0.268,-0.268
1999-04-01,-0.8,-0.8,-0.8,-0.8,-0.8,-0.8,-0.8,-0.8,-0.8,-0.8,-0.8,-0.8,-0.8,-0.8,-0.8,-0.8,-0.8,-0.8,-0.8,-0.8,-0.8,-0.8,-0.8,-0.816,-0.816,-0.816,-0.816,-0.816,-0.816,-0.816,-0.816,-0.816,-0.816,-0.816,-0.816,-0.816,-0.816,-0.816,-0.816
1999-07-01,0.2,0.2,-3.4,-3.4,-3.4,-3.4,-3.4,-3.4,-3.4,-3.4,-3.4,-3.4,-3.4,-3.4,-3.4,-3.4,-3.4,-3.4,-3.4,-3.4,-3.4,-3.4,-3.4,-3.436,-3.436,-3.436,-3.436,-3.436,-3.436,-3.436,-3.436,-3.436,-3.436,-3.436,-3.436,-3.436,-3.436,-3.436,-3.436
1999-10-01,-0.3,-0.3,-0.3,-0.3,-0.3,-0.3,-0.3,-0.3,-0.3,-0.3,-0.3,-0.3,-0.3,-0.3,-0.3,-0.3,-0.3,-0.3,-0.3,-0.3,-0.3,-0.3,-0.3,-0.348,-0.348,-0.348,-0.348,-0.348,-0.348,-0.348,-0.348,-0.348,-0.348,-0.348,-0.348,-0.348,-0.348,-0.348,-0.348
2000-01-01,0.1,0.1,-0.3,-0.3,-0.3,-0.3,-0.3,-0.3,-0.3,-0.3,-0.3,-0.3,-0.3,-0.3,-0.3,-0.3,-0.3,-0.3,-0.3,-0.3,-0.3,-0.3,-0.3,-0.348,-0.348,-0.348,-0.348,-0.348,-0.348,-0.348,-0.348,-0.348,-0.348,-0.348,-0.348,-0.348,-0.348,-0.348,-0.348
2000-04-01,-1.1,-1.1,-0.5,-0.5,-0.5,-0.5,-0.5,-0.5,-0.5,-0.5,-0.5,-0.5,-0.5,-0.5,-0.5,-0.5,-0.5,-0.5,-0.5,-0.5,-0.5,-0.5,-0.5,-0.496,-0.496,-0.496,-0.496,-0.496,-0.496,-0.496,-0.496,-0.496,-0.496,-0.496,-0.496,-0.496,-0.496,-0.496,-0.496
2000-07-01,0.5,0.5,-1.2,-1.2,-1.2,-1.2,-1.2,-1.2,-1.2,-1.2,-1.2,-1.2,-1.2,-1.2,-1.2,-1.2,-1.2,-1.2,-1.2,-1.2,-1.2,-1.2,-1.2,-1.172,-1.172,-1.172,-1.172,-1.172,-1.172,-1.172,-1.172,-1.172,-1.172,-1.172,-1.172,-1.172,-1.172,-1.172,-1.172
2000-10-01,-0.5,-0.5,-0.5,-0.5,-0.5,-0.5,-0.5,-0.5,-0.5,-0.5,-0.5,-0.5,-0.5,-0.5,-0.5,-0.5,-0.5,-0.5,-0.5,-0.5,-0.5,-0.5,-0.5,-0.484,-0.484,-0.484,-0.484,-0.484,-0.484,-0.484,-0.484,-0.484,-0.484,-0.484,-0.484,-0.484,-0.484,-0.484,-0.484
2001-01-01,-3.9,-3.9,-4.7,-4.7,-4.7,-4.7,-4.7,-4.7,-4.7,-4.7,-4.7,-4.7,-4.7,-4.7,-4.7,-4.7,-4.7,-4.7,-4.7,-4.7,-4.7,-4.7,-4.7,-4.668,-4.668,-4.668,-4.668,-4.668,-4.668,-4.668,-4.668,-4.668,-4.668,-4.668,-4.668,-4.668,-4.668,-4.668,-4.668
2001-04-01,-1.3,-1.3,-0.7,-0.7,-0.7,-0.7,-0.7,-0.7,-0.7,-0.7,-0.7,-0.7,-0.7,-0.7,-0.7,-0.7,-0.7,-0.7,-0.7,-0.7,-0.7,-0.7,-0.7,-0.704,-0.704,-0.704,-0.704,-0.704,-0.704,-0.704,-0.704,-0.704,-0.704,-0.704,-0.704,-0.704,-0.704,-0.704,-0.704
2001-07-01,2.3,2.3,-0.4,-0.4,-0.4,-0.4,-0.4,-0.4,-0.4,-0.4,-0.4,-0.4,-0.4,-0.4,-0.4,-0.4,-0.4,-0.4,-0.4,-0.4,-0.4,-0.4,-0.4,-0.428,-0.428,-0.428,-0.428,-0.428,-0.428,-0.428,-0.428,-0.428,-0.428,-0.428,-0.428,-0.428,-0.428,-0.428,-0.428
2001-10-01,0.2,0.2,0.0,0.0,0.0,0.0,0.0,0.0,0.0,0.0,0.0,0.0,0.0,0.0,0.0,0.0,0.0,0.0,0.0,0.0,0.0,0.0,0.0,0.0,0.0,0.0,0.0,0.0,0.0,0.0,0.0,0.0,0.0,0.0,0.0,0.0,0.0,0.0,0.0
2002-01-01,0.3,0.3,-0.1,-0.1,-0.1,-0.1,-0.1,-0.1,-0.1,-0.1,-0.1,-0.1,-0.1,-0.1,-0.1,-0.1,-0.1,-0.1,-0.1,-0.1,-0.1,-0.1,-0.1,-0.052,-0.052,-0.052,0.079,0.079,0.079,0.079,0.079,0.079,0.079,0.079,0.079,0.079,0.079,0.079,0.079
2002-04-01,0.0,0.0,-0.1,-0.1,-0.1,-0.1,-0.1,-0.1,-0.1,-0.1,-0.1,-0.1,-0.1,-0.1,-0.1,-0.1,-0.1,-0.1,-0.1,-0.1,-0.1,-0.1,-0.1,-0.072,-0.072,-0.072,0.064,0.064,0.064,0.064,0.064,0.064,0.064,0.064,0.064,0.064,0.064,0.064,0.064
2002-07-01,0.6,0.6,-0.2,-0.2,-0.2,-0.2,-0.2,-0.2,-0.2,-0.2,-0.2,-0.2,-0.2,-0.2,-0.2,-0.2,-0.2,-0.2,-0.2,-0.2,-0.2,-0.2,-0.2,-0.18,-0.18,-0.18,-0.501,-0.501,-0.501,-0.501,-0.501,-0.501,-0.501,-0.501,-0.501,-0.501,-0.501,-0.501,-0.501
2002-10-01,0.2,0.2,-0.8,-0.8,-0.8,-0.8,-0.8,-0.8,-0.8,-0.8,-0.8,-0.8,-0.8,-0.8,-0.8,-0.8,-0.8,-0.8,-0.8,-0.8,-0.8,-0.8,-0.8,-0.76,-0.76,-0.76,-0.749,-0.749,-0.749,-0.749,-0.749,-0.749,-0.749,-0.749,-0.749,-0.749,-0.749,-0.749,-0.749
2003-01-01,-2.8,-2.8,-0.8,-0.8,-0.8,-0.8,-0.8,-0.8,-0.8,-0.8,-0.8,-0.8,-0.8,-0.8,-0.8,-0.8,-0.8,-0.8,-0.8,-0.8,-0.8,-0.8,-0.8,-0.82,-0.82,-0.82,-0.769,-0.769,-0.769,-0.769,-0.769,-0.769,-0.769,-0.769,-0.769,-0.769,-0.769,-0.769,-0.769
2003-04-01,-0.7,-0.7,-1.4,-1.4,-1.4,-1.4,-1.4,-1.4,-1.4,-1.4,-1.4,-1.4,-1.4,-1.4,-1.4,-1.4,-1.4,-1.4,-1.4,-1.4,-1.4,-1.4,-1.4,-1.364,-1.364,-1.364,-1.32,-1.32,-1.32,-1.32,-1.32,-1.32,-1.32,-1.32,-1.32,-1.32,-1.32,-1.32,-1.32
2003-07-01,3.4,3.4,-0.9,-0.9,-0.9,-0.9,-0.9,-0.9,-0.9,-0.9,-0.9,-0.9,-0.9,-0.9,-0.9,-0.9,-0.9,-0.9,-0.9,-0.9,-0.9,-0.9,-0.9,-0.912,-0.912,-0.912,-0.901,-0.901,-0.901,-0.901,-0.901,-0.901,-0.901,-0.901,-0.901,-0.901,-0.901,-0.901,-0.901
2003-10-01,-0.7,-0.7,-0.6,-0.6,-0.6,-0.6,-0.6,-0.6,-0.6,-0.6,-0.6,-0.6,-0.6,-0.6,-0.6,-0.6,-0.6,-0.6,-0.6,-0.6,-0.6,-0.6,-0.6,-0.576,-0.576,-0.576,-0.385,-0.385,-0.385,-0.385,-0.385,-0.385,-0.385,-0.385,-0.385,-0.385,-0.385,-0.385,-0.385
2004-01-01,0.0,0.0,-0.4,-0.4,-0.4,-0.4,-0.4,-0.4,-0.4,-0.4,-0.4,-0.4,-0.4,-0.4,-0.4,-0.4,-0.4,-0.4,-0.4,-0.4,-0.4,-0.4,-0.4,-0.412,-0.412,-0.412,-0.432,-0.432,-0.432,-0.432,-0.432,-0.432,-0.432,-0.432,-0.432,-0.432,-0.432,-0.432,-0.432
2004-04-01,-0.7,-0.7,-0.8,-0.8,-0.8,-0.8,-0.8,-0.8,-0.8,-0.8,-0.8,-0.8,-0.8,-0.8,-0.8,-0.8,-0.8,-0.8,-0.8,-0.8,-0.8,-0.8,-0.8,-0.844,-0.844,-0.844,-0.752,-0.752,-0.752,-0.752,-0.752,-0.752,-0.752,-0.752,-0.752,-0.752,-0.752,-0.752,-0.752
2004-07-01,1.8,1.8,-0.6,-0.6,-0.6,-0.6,-0.6,-0.6,-0.6,-0.6,-0.6,-0.6,-0.6,-0.6,-0.6,-0.6,-0.6,-0.6,-0.6,-0.6,-0.6,-0.6,-0.6,-0.592,-0.592,-0.592,-0.563,-0.563,-0.563,-0.563,-0.563,-0.563,-0.563,-0.563,-0.563,-0.563,-0.563,-0.563,-0.563
2004-10-01,-1.0,-1.0,-1.5,-1.5,-1.5,-1.5,-1.5,-1.5,-1.5,-1.5,-1.5,-1.5,-1.5,-1.5,-1.5,-1.5,-1.5,-1.5,-1.5,-1.5,-1.5,-1.5,-1.5,-1.48,-1.48,-1.48,-0.785,-0.785,-0.785,-0.785,-0.785,-0.785,-0.785,-0.785,-0.785,-0.785,-0.785,-0.785,-0.785
2005-01-01,0.3,0.3,-1.0,-1.0,-1.0,-1.0,-1.0,-1.0,-1.0,-1.0,-1.0,-1.0,-1.0,-1.0,-1.0,-1.0,-1.0,-1.0,-1.0,-1.0,-1.0,-1.0,-1.0,-1.044,-1.044,-1.044,-0.904,-0.904,-0.904,-0.904,-0.904,-0.904,-0.904,-0.904,-0.904,-0.904,-0.904,-0.904,-0.904
2005-04-01,-0.6,-0.6,-1.1,-1.1,-1.1,-1.1,-1.1,-1.1,-1.1,-1.1,-1.1,-1.1,-1.1,-1.1,-1.1,-1.1,-1.1,-1.1,-1.1,-1.1,-1.1,-1.1,-1.1,-1.096,-1.096,-1.096,-1.12,-1.12,-1.12,-1.12,-1.12,-1.12,-1.12,-1.12,-1.12,-1.12,-1.12,-1.12,-1.12
2005-07-01,-1.6,-1.6,-4.8,-4.8,-4.8,-4.8,-4.8,-4.8,-4.8,-4.8,-4.8,-4.8,-4.8,-4.8,-4.8,-4.8,-4.8,-4.8,-4.8,-4.8,-4.8,-4.8,-4.8,-4.76,-4.76,-4.76,-4.124,-4.124,-4.124,-4.124,-4.124,-4.124,-4.124,-4.124,-4.124,-4.124,-4.124,-4.124,-4.124
2005-10-01,0.0,0.0,-1.1,-1.1,-1.1,-1.1,-1.1,-1.1,-1.1,-1.1,-1.1,-1.1,-1.1,-1.1,-1.1,-1.1,-1.1,-1.1,-1.1,-1.1,-1.1,-1.1,-1.1,-1.072,-1.072,-1.072,-1.012,-1.012,-1.012,-1.012,-1.012,-1.012,-1.012,-1.012,-1.012,-1.012,-1.012,-1.012,-1.012
2006-01-01,0.2,0.2,-1.4,-1.4,-1.4,-1.4,-1.4,-1.4,-1.4,-1.4,-1.4,-1.4,-1.4,-1.4,-1.4,-1.4,-1.4,-1.4,-1.4,-1.4,-1.4,-1.4,-1.4,-1.4,-1.4,-1.4,-1.445,-1.445,-1.445,-1.445,-1.445,-1.445,-1.445,-1.445,-1.445,-1.445,-1.445,-1.445,-1.445
2006-04-01,-2.3,-2.3,-2.2,-2.2,-2.2,-2.2,-2.2,-2.2,-2.2,-2.2,-2.2,-2.2,-2.2,-2.2,-2.2,-2.2,-2.2,-2.2,-2.2,-2.2,-2.2,-2.2,-2.2,-2.22,-2.22,-2.22,-1.569,-1.569,-1.569,-1.569,-1.569,-1.569,-1.569,-1.569,-1.569,-1.569,-1.569,-1.569,-1.569
2006-07-01,0.8,0.8,-2.5,-2.5,-2.5,-2.5,-2.5,-2.5,-2.5,-2.5,-2.5,-2.5,-2.5,-2.5,-2.5,-2.5,-2.5,-2.5,-2.5,-2.5,-2.5,-2.5,-2.5,-2.516,-2.516,-2.516,-2.48,-2.48,-2.48,-2.48,-2.48,-2.48,-2.48,-2.48,-2.48,-2.48,-2.48,-2.48,-2.48
2006-10-01,-52.1,-52.1,-51.5,-51.5,-51.5,-51.5,-51.5,-51.5,-51.5,-51.5,-51.5,-51.5,-51.5,-51.5,-51.5,-51.5,-51.5,-51.5,-51.5,-51.5,-51.5,-51.5,-51.5,-51.496,-51.496,-51.496,-51.48,-51.48,-51.48,-51.48,-51.48,-51.48,-51.48,-51.48,-51.48,-51.48,-51.48,-51.48,-51.48
2007-01-01,-1.3,-1.3,-2.2,-2.2,-2.2,-2.2,-2.2,-2.2,-2.2,-2.2,-2.2,-2.2,-2.2,-2.2,-2.2,-2.2,-2.2,-2.2,-2.2,-2.2,-2.2,-2.2,-2.2,-2.196,-2.196,-2.196,-2.145,-2.145,-2.145,-2.145,-2.145,-2.145,-2.145,-2.145,-2.145,-2.145,-2.145,-2.145,-2.145
2007-04-01,-4.3,-4.3,-5.1,-5.1,-5.1,-5.1,-5.1,-5.1,-5.1,-5.1,-5.1,-5.1,-5.1,-5.1,-5.1,-5.1,-5.1,-5.1,-5.1,-5.1,-5.1,-5.1,-5.1,-5.068,-5.068,-5.068,-5.077,-5.077,-5.077,-5.077,-5.077,-5.077,-5.077,-5.077,-5.077,-5.077,-5.077,-5.077,-5.077
2007-07-01,2.2,2.2,-0.7,-0.7,-0.7,-0.7,-0.7,-0.7,-0.7,-0.7,-0.7,-0.7,-0.7,-0.7,-0.7,-0.7,-0.7,-0.7,-0.7,-0.7,-0.7,-0.7,-0.7,-0.748,-0.748,-0.748,-0.723,-0.723,-0.723,-0.723,-0.723,-0.723,-0.723,-0.723,-0.723,-0.723,-0.723,-0.723,-0.723
2007-10-01,-1.7,-1.7,-5.4,-5.4,-5.4,-5.4,-5.4,-5.4,-5.4,-5.4,-5.4,-5.4,-5.4,-5.4,-5.4,-5.4,-5.4,-5.4,-5.4,-5.4,-5.4,-5.4,-5.4,-5.384,-5.384,-5.384,-5.389,-5.389,-5.389,-5.389,-5.389,-5.389,-5.389,-5.389,-5.389,-5.389,-5.389,-5.389,-5.389
2008-01-01,-7.7,-7.7,-10.6,-10.6,-10.6,-10.6,-10.6,-10.6,-10.6,-10.6,-10.6,-10.6,-10.6,-10.6,-10.6,-10.6,-10.6,-10.6,-10.6,-10.6,-10.6,-10.6,-10.6,-10.648,-10.648,-10.648,-10.644,-10.644,-10.644,-10.644,-10.644,-10.644,-10.644,-10.644,-10.644,-10.644,-10.644,-10.644,-10.644
2008-04-01,-23.9,-23.9,-21.9,-21.9,-21.9,-21.9,-21.9,-21.9,-21.9,-21.9,-21.9,-21.9,-21.9,-21.9,-21.9,-21.9,-21.9,-21.9,-21.9,-21.9,-21.9,-21.9,-21.9,-21.852,-21.852,-21.852,-21.834,-21.834,-21.834,-21.834,-21.834,-21.834,-21.834,-21.834,-21.834,-21.834,-21.834,-21.834,-21.834
2008-07-01,-6.6,-6.6,-9.8,-9.8,-9.8,-9.8,-9.8,-9.8,-9.8,-9.8,-9.8,-9.8,-9.8,-9.8,-9.8,-9.8,-9.8,-9.8,-9.8,-9.8,-9.8,-9.8,-9.8,-9.76,-9.76,-9.76,-9.818,-9.818,-9.818,-9.818,-9.818,-9.818,-9.818,-9.818,-9.818,-9.818,-9.818,-9.818,-9.818
2008-10-01,-38.5,-38.5,-39.3,-39.3,-39.3,-39.3,-39.3,-39.3,-39.3,-39.3,-39.3,-39.3,-39.3,-39.3,-39.3,-39.3,-39.3,-39.3,-39.3,-39.3,-39.3,-39.3,-39.3,-39.28,-39.28,-39.28,-39.277,-39.277,-39.277,-39.277,-39.277,-39.277,-39.277,-39.277,-39.277,-39.277,-39.277,-39.277,-39.277
2009-01-01,-27.0,-27.0,-27.8,-27.8,-27.8,-27.8,-27.8,-27.8,-27.8,-27.8,-27.8,-27.8,-27.8,-27.8,-27.8,-27.8,-27.8,-27.8,-27.8,-27.8,-27.8,-27.8,-27.8,-27.824,-27.824,-27.824,-27.76,-27.76,-27.76,-27.76,-27.76,-27.76,-27.76,-27.76,-27.76,-27.76,-27.76,-27.76,-27.76
2009-04-01,-2.7,-2.7,-4.9,-4.9,-4.9,-4.9,-4.9,-4.9,-4.9,-4.9,-4.9,-4.9,-4.9,-4.9,-4.9,-4.9,-4.9,-4.9,-4.9,-4.9,-4.9,-4.9,-4.9,-4.86,-4.86,-4.86,-4.848,-4.848,-4.848,-4.848,-4.848,-4.848,-4.848,-4.848,-4.848,-4.848,-4.848,-4.848,-4.848
2009-07-01,1.8,1.8,-1.6,-1.6,-1.6,-1.6,-1.6,-1.6,-1.6,-1.6,-1.6,-1.6,-1.6,-1.6,-1.6,-1.6,-1.6,-1.6,-1.6,-1.6,-1.6,-1.6,-1.6,-1.576,-1.576,-1.576,-1.626,-1.626,-1.626,-1.626,-1.626,-1.626,-1.626,-1.626,-1.626,-1.626,-1.626,-1.626,-1.626
2009-10-01,-0.5,-0.5,-1.2,-1.2,-1.2,-1.2,-1.2,-1.2,-1.2,-1.2,-1.2,-1.2,-1.2,-1.2,-1.2,-1.2,-1.2,-1.2,-1.2,-1.2,-1.2,-1.2,-1.2,-1.248,-1.248,-1.248,-1.229,-1.229,-1.229,-1.229,-1.229,-1.229,-1.229,-1.229,-1.229,-1.229,-1.229,-1.229,-1.229
2010-01-01,-0.2,-0.2,-0.8,-0.8,-0.8,-0.8,-0.8,-0.8,-0.8,-0.8,-0.8,-0.8,-0.8,-0.8,-0.8,-0.8,-0.8,-0.8,-0.8,-0.8,-0.8,-0.8,-0.8,-0.784,-0.784,-0.784,-0.774,-0.774,-0.774,-0.774,-0.774,-0.774,-0.774,-0.774,-0.774,-0.774,-0.774,-0.774,-0.774
2010-04-01,-0.8,-0.8,-1.7,-1.7,-1.7,-1.7,-1.7,-1.7,-1.7,-1.7,-1.7,-1.7,-1.7,-1.7,-1.7,-1.7,-1.7,-1.7,-1.7,-1.7,-1.7,-1.7,-1.7,-1.72,-1.72,-1.72,-1.729,-1.729,-1.729,-1.729,-1.729,-1.729,-1.729,-1.729,-1.729,-1.729,-1.729,-1.729,-1.729
2010-07-01,1.8,1.8,-1.1,-1.1,-1.1,-1.1,-1.1,-1.1,-1.1,-1.1,-1.1,-1.1,-1.1,-1.1,-1.1,-1.1,-1.1,-1.1,-1.1,-1.1,-1.1,-1.1,-1.1,-1.136,-1.136,-1.136,-1.129,-1.129,-1.129,-1.129,-1.129,-1.129,-1.129,-1.129,-1.129,-1.129,-1.129,-1.129,-1.129
2010-10-01,0.1,0.1,-0.2,-0.2,-0.2,-0.2,-0.2,-0.2,-0.2,-0.2,-0.2,-0.2,-0.2,-0.2,-0.2,-0.2,-0.2,-0.2,-0.2,-0.2,-0.2,-0.2,-0.2,-0.248,-0.248,-0.248,-0.171,-0.171,-0.171,-0.171,-0.171,-0.171,-0.171,-0.171,-0.171,-0.171,-0.171,-0.171,-0.171
2011-01-01,0.3,0.3,-0.2,-0.2,-0.2,-0.2,-0.2,-0.2,-0.2,-0.2,-0.2,-0.2,-0.2,-0.2,-0.2,-0.2,-0.2,-0.2,-0.2,-0.2,-0.2,-0.2,-0.2,-0.212,-0.212,-0.212,-0.202,-0.202,-0.202,-0.202,-0.202,-0.202,-0.202,-0.202,-0.202,-0.202,-0.202,-0.202,-0.202
2011-04-01,-0.2,-0.2,-0.7,-0.7,-0.7,-0.7,-0.7,-0.7,-0.7,-0.7,-0.7,-0.7,-0.7,-0.7,-0.7,-0.7,-0.7,-0.7,-0.7,-0.7,-0.7,-0.7,-0.7,-0.68,-0.68,-0.68,-0.67,-0.67,-0.67,-0.67,-0.67,-0.67,-0.67,-0.67,-0.67,-0.67,-0.67,-0.67,-0.67
2011-07-01,-0.6,-0.6,-1.6,-1.6,-1.6,-1.6,-1.6,-1.6,-1.6,-1.6,-1.6,-1.6,-1.6,-1.6,-1.6,-1.6,-1.6,-1.6,-1.6,-1.6,-1.6,-1.6,-1.6,-1.624,-1.624,-1.624,-1.604,-1.604,-1.604,-1.604,-1.604,-1.604,-1.604,-1.604,-1.604,-1.604,-1.604,-1.604,-1.604
2011-10-01,0.2,0.2,-1.0,-1.0,-1.0,-1.0,-1.0,-1.0,-1.0,-1.0,-1.0,-1.0,-1.0,-1.0,-1.0,-1.0,-1.0,-1.0,-1.0,-1.0,-1.0,-1.0,-1.0,-1.032,-1.032,-1.032,-1.065,-1.065,-1.065,-1.065,-1.065,-1.065,-1.065,-1.065,-1.065,-1.065,-1.065,-1.065,-1.065
2012-01-01,-0.5,-0.5,-1.4,-1.4,-1.4,-1.4,-1.4,-1.4,-1.4,-1.4,-1.4,-1.4,-1.4,-1.4,-1.4,-1.4,-1.4,-1.4,-1.4,-1.4,-1.4,-1.4,-1.4,-1.406,-1.406,-1.406,-1.344,-1.344,-1.344,-1.344,-1.344,-1.344,-1.344,-1.344,-1.344,-1.344,-1.344,-1.344,-1.344
2012-04-01,-0.2,-0.2,-1.3,-1.3,-1.3,-1.3,-1.3,-1.3,-1.3,-1.3,-1.3,-1.3,-1.3,-1.3,-1.3,-1.3,-1.3,-1.3,-1.3,-1.3,-1.3,-1.3,-1.3,-1.306,-1.306,-1.306,-1.264,-1.264,-1.264,-1.264,-1.264,-1.264,-1.264,-1.264,-1.264,-1.264,-1.264,-1.264,-1.264
2012-07-01,1.9,1.9,-1.4,-1.4,-1.4,-1.4,-1.4,-1.4,-1.4,-1.4,-1.4,-1.4,-1.4,-1.4,-1.4,-1.4,-1.4,-1.4,-1.4,-1.4,-1.4,-1.4,-1.4,-1.407,-1.407,-1.407,-1.371,-1.371,-1.371,-1.371,-1.371,-1.371,-1.371,-1.371,-1.371,-1.371,-1.371,-1.371,-1.371
2012-10-01,1.6,1.6,-1.4,-1.4,-1.4,-1.4,-1.4,-1.4,-3.7,-3.7,-3.7,-3.7,-3.7,-3.8,-3.8,-3.8,-3.8,-3.8,-3.8,-3.8,-3.8,-3.8,-3.8,-3.79,-3.79,-3.79,-3.876,-3.876,-3.876,-3.876,-3.876,-3.876,-3.876,-3.876,-3.876,-3.876,-3.876,-3.876,-3.876
2013-01-01,,1.7,-0.6,-0.6,-0.6,-0.6,-0.6,-0.6,-1.9,-1.9,-1.9,-1.9,-1.9,-1.9,-1.9,-1.9,-1.9,-1.9,-1.9,-1.9,-1.9,-1.9,-1.9,-1.904,-1.904,-1.904,-1.949,-1.949,-1.949,-1.949,-1.949,-1.949,-1.949,-1.949,-1.949,-1.949,-1.949,-1.949,-1.949
2013-04-01,,,-0.8,-0.8,-0.8,-0.8,-0.8,-0.8,-2.8,-2.8,-2.8,-2.8,-2.8,-2.9,-2.9,-2.9,-2.9,-2.9,-2.9,-2.9,-2.9,-2.9,-2.9,-2.862,-2.862,-2.862,-2.99,-2.99,-2.99,-2.99,-2.99,-2.99,-2.99,-2.99,-2.99,-2.99,-2.99,-2.99,-2.99
2013-07-01,,,,-1.1,-1.1,-1.1,-1.1,-1.1,-3.7,-3.7,-3.7,-3.7,-3.7,-3.7,-3.7,-3.7,-3.7,-3.7,-3.7,-3.7,-3.7,-3.7,-3.7,-3.735,-3.735,-3.735,-3.615,-3.615,-3.615,-3.615,-3.615,-3.615,-3.615,-3.615,-3.615,-3.615,-3.615,-3.615,-3.615
2013-10-01,,,,,-0.5,-0.3,-1.3,-1.3,-1.3,-1.3,-1.3,-1.3,-1.3,-1.3,-1.3,-1.3,-1.3,-1.3,-1.3,-1.3,-1.3,-1.3,-1.3,-1.274,-1.274,-1.274,-1.358,-1.358,-1.358,-1.358,-1.358,-1.358,-1.358,-1.358,-1.358,-1.358,-1.358,-1.358,-1.358
2014-01-01,,,,,,,,-1.3,-1.3,-1.3,-1.3,-1.3,-1.3,-1.2,-1.2,-1.2,-1.2,-1.2,-1.2,-1.2,-1.2,-1.2,-1.2,-1.229,-1.229,-1.229,-1.3,-1.3,-1.3,-1.3,-1.3,-1.3,-1.3,-1.3,-1.3,-1.3,-1.3,-1.3,-1.3
2014-04-01,,,,,,,,,-1.9,-1.9,-1.9,-1.9,-1.9,-1.8,-1.8,-1.8,-1.8,-1.8,-1.8,-1.8,-1.8,-1.8,-1.8,-1.772,-1.772,-1.772,-1.776,-1.776,-1.776,-1.776,-1.776,-1.776,-1.776,-1.776,-1.776,-1.776,-1.776,-1.776,-1.776
2014-07-01,,,,,,,,,,-6.5,-6.5,-6.5,-6.5,-6.5,-6.5,-6.5,-6.5,-6.5,-6.5,-6.5,-6.5,-6.5,-6.5,-6.467,-6.467,-6.467,-6.336,-6.336,-6.336,-6.336,-6.336,-6.336,-6.336,-6.336,-6.336,-6.336,-6.336,-6.336,-6.336
2014-10-01,,,,,,,,,,,-1.3,-1.6,-1.6,-1.3,-1.3,-1.3,-1.3,-1.3,-1.3,-1.3,-1.3,-1.3,-1.1,-1.107,-1.107,-1.107,-1.0,-1.0,-1.0,-1.0,-1.0,-1.0,-1.0,-1.0,-1.0,-1.0,-1.0,-1.0,-1.0
2015-01-01,,,,,,,,,,,,,-1.0,-0.7,-0.7,-0.7,-0.7,-0.7,-0.6,-0.6,-0.6,-0.6,-0.6,-0.594,-0.594,-0.594,-0.695,-0.695,-0.695,-0.695,-0.695,-0.695,-0.695,-0.695,-0.695,-0.695,-0.761,-0.761,-0.761
2015-04-01,,,,,,,,,,,,,,-121.6,-121.6,-121.6,-121.6,-121.6,-121.5,-121.5,-121.5,-121.5,-121.4,-121.424,-121.424,-121.424,-121.549,-121.549,-121.549,-121.549,-121.549,-121.549,-121.549,-121.549,-121.549,-121.549,-121.614,-121.614,-121.614
2015-07-01,,,,,,,,,,,,,,,-0.8,-0.8,-0.8,-0.8,-0.7,-0.7,-0.7,-0.7,-0.7,-0.708,-0.708,-0.708,-0.641,-0.641,-0.641,-0.641,-0.641,-0.641,-0.641,-0.641,-0.641,-0.641,-0.734,-0.734,-0.734
2015-10-01,,,,,,,,,,,,,,,,-1.1,-0.7,-0.7,-0.6,-0.6,-0.6,-0.6,-0.2,-0.158,-0.158,-0.158,-0.142,-0.142,-0.142,-0.142,-0.142,-0.142,-0.142,-0.142,-0.142,-0.142,-0.489,-0.489,-0.489
2016-01-01,,,,,,,,,,,,,,,,,,-0.4,-0.4,-0.4,-0.4,-0.4,0.0,-0.02,-0.02,-0.02,-0.065,-0.065,-0.065,-0.065,-0.065,-0.065,-0.065,-0.065,-0.065,-0.065,-0.422,-0.422,-0.422
2016-04-01,,,,,,,,,,,,,,,,,,,-33.1,-33.1,-33.1,-33.1,-32.6,-32.584,-32.584,-32.584,-32.584,-32.584,-32.584,-32.584,-32.584,-32.584,-32.584,-32.584,-32.584,-32.584,-32.948,-32.948,-32.948
2016-07-01,,,,,,,,,,,,,,,,,,,,-2.1,-2.1,-2.1,-1.5,-1.499,-1.499,-1.499,-1.49,-1.49,-1.49,-1.49,-1.49,-1.49,-1.49,-1.49,-1.49,-1.49,-1.846,-1.846,-1.846
2016-10-01,,,,,,,,,,,,,,,,,,,,,-0.5,-0.5,-0.2,-0.244,-0.244,-0.244,-0.315,-0.315,-0.315,-0.315,-0.315,-0.316,-0.316,-0.316,-0.316,-0.316,-0.362,-0.362,-0.362
2017-01-01,,,,,,,,,,,,,,,,,,,,,,-0.6,-0.4,-0.428,-0.428,-0.428,-0.526,-0.526,-0.526,-0.526,-0.526,-0.531,-0.531,-0.531,-0.531,-0.531,-0.625,-0.625,-0.625
2017-04-01,,,,,,,,,,,,,,,,,,,,,,,-0.6,-0.588,-0.588,-0.588,-0.515,-0.515,-0.515,-0.515,-0.515,-0.52,-0.52,-0.52,-0.52,-0.52,-0.575,-0.575,-0.575
2017-07-01,,,,,,,,,,,,,,,,,,,,,,,,-0.261,-0.261,-0.261,-7.289,-7.289,-7.289,-7.289,-7.289,-7.305,-7.305,-7.305,-7.305,-7.305,-7.351,-7.351,-7.351
2017-10-01,,,,,,,,,,,,,,,,,,,,,,,,,-0.679,-0.679,-0.61,-0.61,-0.61,-0.61,-0.61,-0.341,-0.341,-0.341,-0.341,-0.341,-0.363,-0.363,-0.363
2018-01-01,,,,,,,,,,,,,,,,,,,,,,,,,,-0.523,-0.523,-0.523,-0.523,-0.523,-0.523,-0.277,-0.277,-0.277,-0.277,-0.277,-0.301,-0.301,-0.301
2018-04-01,,,,,,,,,,,,,,,,,,,,,,,,,,,-0.713,-0.713,-0.713,-0.713,-0.713,-0.405,-0.405,-0.405,-0.405,-0.405,-0.421,-0.421,-0.421
2018-07-01,,,,,,,,,,,,,,,,,,,,,,,,,,,,-0.605,-0.605,-0.605,-0.605,-0.349,-0.349,-0.349,-0.349,-0.349,-0.406,-0.406,-0.406
2018-10-01,,,,,,,,,,,,,,,,,,,,,,,,,,,,,-0.812,-3.35,-3.35,-2.389,-2.389,-2.389,-2.389,-2.389,-2.073,-2.073,-2.073
2019-01-01,,,,,,,,,,,,,,,,,,,,,,,,,,,,,,,-6.849,-6.849,-6.849,-6.849,-6.849,-6.849,-6.378,-6.378,-6.378
2019-04-01,,,,,,,,,,,,,,,,,,,,,,,,,,,,,,,,-2.29,-2.29,-2.29,-2.29,-2.29,-1.861,-1.861,-1.861
2019-07-01,,,,,,,,,,,,,,,,,,,,,,,,,,,,,,,,,-2.191,-2.191,-2.191,-2.191,-1.753,-1.753,-1.753
2019-10-01,,,,,,,,,,,,,,,,,,,,,,,,,,,,,,,,,,-1.156,-0.927,-0.927,-0.927,-0.927,-0.927
2020-01-01,,,,,,,,,,,,,,,,,,,,,,,,,,,,,,,,,,,,-0.834,-0.451,-0.451,-0.451
2020-04-01,,,,,,,,,,,,,,,,,,,,,,,,,,,,,,,,,,,,,-0.127,-0.127,-0.127
2020-07-01,,,,,,,,,,,,,,,,,,,,,,,,,,,,,,,,,,,,,,-11.14,-11.14
2020-10-01,,,,,,,,,,,,,,,,,,,,,,,,,,,,,,,,,,,,,,,-0.238
