observation_date,B096RC1Q027SBEA_20130228,B096RC1Q027SBEA_20130328,B096RC1Q027SBEA_20130426,B096RC1Q027SBEA_20130731,B096RC1Q027SBEA_20130926,B096RC1Q027SBEA_20131107,B096RC1Q027SBEA_20140130,B096RC1Q027SBEA_20140228,B096RC1Q027SBEA_20140327,B096RC1Q027SBEA_20140430,B096RC1Q027SBEA_20140529,B096RC1Q027SBEA_20140730,B096RC1Q027SBEA_20140926,B096RC1Q027SBEA_20141030,B096RC1Q027SBEA_20150130,B096RC1Q027SBEA_20150227,B096RC1Q027SBEA_20150327,B096RC1Q027SBEA_20150429,B096RC1Q027SBEA_20150730,B096RC1Q027SBEA_20150925,B096RC1Q027SBEA_20151029,B096RC1Q027SBEA_20151222,B096RC1Q027SBEA_20160129,B096RC1Q027SBEA_20160226,B096RC1Q027SBEA_20160325,B096RC1Q027SBEA_20160428,B096RC1Q027SBEA_20160729,B096RC1Q027SBEA_20160929,B096RC1Q027SBEA_20161028,B096RC1Q027SBEA_20161222,B096RC1Q027SBEA_20170127,B096RC1Q027SBEA_20170228,B096RC1Q027SBEA_20170428,B096RC1Q027SBEA_20170526,B096RC1Q027SBEA_20170728,B096RC1Q027SBEA_20170830,B096RC1Q027SBEA_20170928,B096RC1Q027SBEA_20171027,B096RC1Q027SBEA_20171221,B096RC1Q027SBEA_20180126,B096RC1Q027SBEA_20180228,B096RC1Q027SBEA_20180328,B096RC1Q027SBEA_20180427,B096RC1Q027SBEA_20180727,B096RC1Q027SBEA_20180927,B096RC1Q027SBEA_20181026,B096RC1Q027SBEA_20181221,B096RC1Q027SBEA_20190228,B096RC1Q027SBEA_20190426,B096RC1Q027SBEA_20190726,B096RC1Q027SBEA_20190829,B096RC1Q027SBEA_20190926,B096RC1Q027SBEA_20191030,B096RC1Q027SBEA_20191220,B096RC1Q027SBEA_20200130,B096RC1Q027SBEA_20200227,B096RC1Q027SBEA_20200429,B096RC1Q027SBEA_20200730,B096RC1Q027SBEA_20200827,B096RC1Q027SBEA_20200930,B096RC1Q027SBEA_20201029,B096RC1Q027SBEA_20201125,B096RC1Q027SBEA_20201222,B096RC1Q027SBEA_20210128,B096RC1Q027SBEA_20210225
1960-01-01,1.0,1.0,1.0,1.0,1.0,1.0,1.0,1.0,1.0,1.0,1.0,1.0,1.0,1.0,1.0,1.0,1.0,1.0,1.0,1.0,1.0,1.0,1.0,1.0,1.0,1.0,1.0,1.0,1.0,1.0,1.0,1.0,1.0,1.0,1.0,1.0,1.0,1.024,1.024,1.024,1.024,1.024,1.024,1.024,1.024,1.024,1.024,1.024,1.024,1.024,1.024,1.024,1.024,1.024,1.024,1.024,1.024,1.024,1.024,1.024,1.024,1.024,1.024,1.024,1.024
1960-04-01,1.3,1.3,1.3,1.3,1.3,1.3,1.3,1.3,1.3,1.3,1.3,1.3,1.3,1.3,1.3,1.3,1.3,1.3,1.3,1.3,1.3,1.3,1.3,1.3,1.3,1.3,1.3,1.3,1.3,1.3,1.3,1.3,1.3,1.3,1.3,1.3,1.3,1.28,1.28,1.28,1.28,1.28,1.28,1.28,1.28,1.28,1.28,1.28,1.28,1.28,1.28,1.28,1.28,1.28,1.28,1.28,1.28,1.28,1.28,1.28,1.28,1.28,1.28,1.28,1.28
1960-07-01,1.0,1.0,1.0,1.0,1.0,1.0,1.0,1.0,1.0,1.0,1.0,1.0,1.0,1.0,1.0,1.0,1.0,1.0,1.0,1.0,1.0,1.0,1.0,1.0,1.0,1.0,1.0,1.0,1.0,1.0,1.0,1.0,1.0,1.0,1.0,1.0,1.0,1.048,1.048,1.048,1.048,1.048,1.048,1.048,1.048,1.048,1.048,1.048,1.048,1.048,1.048,1.048,1.048,1.048,1.048,1.048,1.048,1.048,1.048,1.048,1.048,1.048,1.048,1.048,1.048
1960-10-01,1.2,1.2,1.2,1.2,1.2,1.2,1.2,1.2,1.2,1.2,1.2,1.2,1.2,1.2,1.2,1.2,1.2,1.2,1.2,1.2,1.2,1.2,1.2,1.2,1.2,1.2,1.2,1.2,1.2,1.2,1.2,1.2,1.2,1.2,1.2,1.2,1.2,1.232,1.232,1.232,1.232,1.232,1.232,1.232,1.232,1.232,1.232,1.232,1.232,1.232,1.232,1.232,1.232,1.232,1.232,1.232,1.232,1.232,1.232,1.232,1.232,1.232,1.232,1.232,1.232
1961-01-01,1.6,1.6,1.6,1.6,1.6,1.6,1.6,1.6,1.6,1.6,1.6,1.6,1.6,1.6,1.6,1.6,1.6,1.6,1.6,1.6,1.6,1.6,1.6,1.6,1.6,1.6,1.6,1.6,1.6,1.6,1.6,1.6,1.6,1.6,1.6,1.6,1.6,1.572,1.572,1.572,1.572,1.572,1.572,1.572,1.572,1.572,1.572,1.572,1.572,1.572,1.572,1.572,1.572,1.572,1.572,1.572,1.572,1.572,1.572,1.572,1.572,1.572,1.572,1.572,1.572
1961-04-01,2.0,2.0,2.0,2.0,2.0,2.0,2.0,2.0,2.0,2.0,2.0,2.0,2.0,2.0,2.0,2.0,2.0,2.0,2.0,2.0,2.0,2.0,2.0,2.0,2.0,2.0,2.0,2.0,2.0,2.0,2.0,2.0,2.0,2.0,2.0,2.0,2.0,2.008,2.008,2.008,2.008,2.008,2.008,2.008,2.008,2.008,2.008,2.008,2.008,2.008,2.008,2.008,2.008,2.008,2.008,2.008,2.008,2.008,2.008,2.008,2.008,2.008,2.008,2.008,2.008
1961-07-01,2.2,2.2,2.2,2.2,2.2,2.2,2.2,2.2,2.2,2.2,2.2,2.2,2.2,2.2,2.2,2.2,2.2,2.2,2.2,2.2,2.2,2.2,2.2,2.2,2.2,2.2,2.2,2.2,2.2,2.2,2.2,2.2,2.2,2.2,2.2,2.2,2.2,2.172,2.172,2.172,2.172,2.172,2.172,2.172,2.172,2.172,2.172,2.172,2.172,2.172,2.172,2.172,2.172,2.172,2.172,2.172,2.172,2.172,2.172,2.172,2.172,2.172,2.172,2.172,2.172
1961-10-01,2.3,2.3,2.3,2.3,2.3,2.3,2.3,2.3,2.3,2.3,2.3,2.3,2.3,2.3,2.3,2.3,2.3,2.3,2.3,2.3,2.3,2.3,2.3,2.3,2.3,2.3,2.3,2.3,2.3,2.3,2.3,2.3,2.3,2.3,2.3,2.3,2.3,2.304,2.304,2.304,2.304,2.304,2.304,2.304,2.304,2.304,2.304,2.304,2.304,2.304,2.304,2.304,2.304,2.304,2.304,2.304,2.304,2.304,2.304,2.304,2.304,2.304,2.304,2.304,2.304
1962-01-01,2.3,2.3,2.3,2.3,2.3,2.3,2.3,2.3,2.3,2.3,2.3,2.3,2.3,2.3,2.3,2.3,2.3,2.3,2.3,2.3,2.3,2.3,2.3,2.3,2.3,2.3,2.3,2.3,2.3,2.3,2.3,2.3,2.3,2.3,2.3,2.3,2.3,2.284,2.284,2.284,2.284,2.284,2.284,2.284,2.284,2.284,2.284,2.284,2.284,2.284,2.284,2.284,2.284,2.284,2.284,2.284,2.284,2.284,2.284,2.284,2.284,2.284,2.284,2.284,2.284
1962-04-01,2.4,2.4,2.4,2.4,2.4,2.4,2.4,2.4,2.4,2.4,2.4,2.4,2.4,2.4,2.4,2.4,2.4,2.4,2.4,2.4,2.4,2.4,2.4,2.4,2.4,2.4,2.4,2.4,2.4,2.4,2.4,2.4,2.4,2.4,2.4,2.4,2.4,2.384,2.384,2.384,2.384,2.384,2.384,2.384,2.384,2.384,2.384,2.384,2.384,2.384,2.384,2.384,2.384,2.384,2.384,2.384,2.384,2.384,2.384,2.384,2.384,2.384,2.384,2.384,2.384
1962-07-01,2.2,2.2,2.2,2.2,2.2,2.2,2.2,2.2,2.2,2.2,2.2,2.2,2.2,2.2,2.2,2.2,2.2,2.2,2.2,2.2,2.2,2.2,2.2,2.2,2.2,2.2,2.2,2.2,2.2,2.2,2.2,2.2,2.2,2.2,2.2,2.2,2.2,2.216,2.216,2.216,2.216,2.216,2.216,2.216,2.216,2.216,2.216,2.216,2.216,2.216,2.216,2.216,2.216,2.216,2.216,2.216,2.216,2.216,2.216,2.216,2.216,2.216,2.216,2.216,2.216
1962-10-01,2.2,2.2,2.2,2.2,2.2,2.2,2.2,2.2,2.2,2.2,2.2,2.2,2.2,2.2,2.2,2.2,2.2,2.2,2.2,2.2,2.2,2.2,2.2,2.2,2.2,2.2,2.2,2.2,2.2,2.2,2.2,2.2,2.2,2.2,2.2,2.2,2.2,2.208,2.208,2.208,2.208,2.208,2.208,2.208,2.208,2.208,2.208,2.208,2.208,2.208,2.208,2.208,2.208,2.208,2.208,2.208,2.208,2.208,2.208,2.208,2.208,2.208,2.208,2.208,2.208
1963-01-01,2.0,2.0,2.0,2.0,2.0,2.0,2.0,2.0,2.0,2.0,2.0,2.0,2.0,2.0,2.0,2.0,2.0,2.0,2.0,2.0,2.0,2.0,2.0,2.0,2.0,2.0,2.0,2.0,2.0,2.0,2.0,2.0,2.0,2.0,2.0,2.0,2.0,2.024,2.024,2.024,2.024,2.024,2.024,2.024,2.024,2.024,2.024,2.024,2.024,2.024,2.024,2.024,2.024,2.024,2.024,2.024,2.024,2.024,2.024,2.024,2.024,2.024,2.024,2.024,2.024
1963-04-01,2.2,2.2,2.2,2.2,2.2,2.2,2.2,2.2,2.2,2.2,2.2,2.2,2.2,2.2,2.2,2.2,2.2,2.2,2.2,2.2,2.2,2.2,2.2,2.2,2.2,2.2,2.2,2.2,2.2,2.2,2.2,2.2,2.2,2.2,2.2,2.2,2.2,2.164,2.164,2.164,2.164,2.164,2.164,2.164,2.164,2.164,2.164,2.164,2.164,2.164,2.164,2.164,2.164,2.164,2.164,2.164,2.164,2.164,2.164,2.164,2.164,2.164,2.164,2.164,2.164
1963-07-01,2.3,2.3,2.3,2.3,2.3,2.3,2.3,2.3,2.3,2.3,2.3,2.3,2.3,2.3,2.3,2.3,2.3,2.3,2.3,2.3,2.3,2.3,2.3,2.3,2.3,2.3,2.3,2.3,2.3,2.3,2.3,2.3,2.3,2.3,2.3,2.3,2.3,2.284,2.284,2.284,2.284,2.284,2.284,2.284,2.284,2.284,2.284,2.284,2.284,2.284,2.284,2.284,2.284,2.284,2.284,2.284,2.284,2.284,2.284,2.284,2.284,2.284,2.284,2.284,2.284
1963-10-01,2.4,2.4,2.4,2.4,2.4,2.4,2.4,2.4,2.4,2.4,2.4,2.4,2.4,2.4,2.4,2.4,2.4,2.4,2.4,2.4,2.4,2.4,2.4,2.4,2.4,2.4,2.4,2.4,2.4,2.4,2.4,2.4,2.4,2.4,2.4,2.4,2.4,2.416,2.416,2.416,2.416,2.416,2.416,2.416,2.416,2.416,2.416,2.416,2.416,2.416,2.416,2.416,2.416,2.416,2.416,2.416,2.416,2.416,2.416,2.416,2.416,2.416,2.416,2.416,2.416
1964-01-01,2.7,2.7,2.7,2.7,2.7,2.7,2.7,2.7,2.7,2.7,2.7,2.7,2.7,2.7,2.7,2.7,2.7,2.7,2.7,2.7,2.7,2.7,2.7,2.7,2.7,2.7,2.7,2.7,2.7,2.7,2.7,2.7,2.7,2.7,2.7,2.7,2.7,2.716,2.716,2.716,2.716,2.716,2.716,2.716,2.716,2.716,2.716,2.716,2.716,2.716,2.716,2.716,2.716,2.716,2.716,2.716,2.716,2.716,2.716,2.716,2.716,2.716,2.716,2.716,2.716
1964-04-01,2.9,2.9,2.9,2.9,2.9,2.9,2.9,2.9,2.9,2.9,2.9,2.9,2.9,2.9,2.9,2.9,2.9,2.9,2.9,2.9,2.9,2.9,2.9,2.9,2.9,2.9,2.9,2.9,2.9,2.9,2.9,2.9,2.9,2.9,2.9,2.9,2.9,2.868,2.868,2.868,2.868,2.868,2.868,2.868,2.868,2.868,2.868,2.868,2.868,2.868,2.868,2.868,2.868,2.868,2.868,2.868,2.868,2.868,2.868,2.868,2.868,2.868,2.868,2.868,2.868
1964-07-01,2.6,2.6,2.6,2.6,2.6,2.6,2.6,2.6,2.6,2.6,2.6,2.6,2.6,2.6,2.6,2.6,2.6,2.6,2.6,2.6,2.6,2.6,2.6,2.6,2.6,2.6,2.6,2.6,2.6,2.6,2.6,2.6,2.6,2.6,2.6,2.6,2.6,2.64,2.64,2.64,2.64,2.64,2.64,2.64,2.64,2.64,2.64,2.64,2.64,2.64,2.64,2.64,2.64,2.64,2.64,2.64,2.64,2.64,2.64,2.64,2.64,2.64,2.64,2.64,2.64
1964-10-01,2.7,2.7,2.7,2.7,2.7,2.7,2.7,2.7,2.7,2.7,2.7,2.7,2.7,2.7,2.7,2.7,2.7,2.7,2.7,2.7,2.7,2.7,2.7,2.7,2.7,2.7,2.7,2.7,2.7,2.7,2.7,2.7,2.7,2.7,2.7,2.7,2.7,2.652,2.652,2.652,2.652,2.652,2.652,2.652,2.652,2.652,2.652,2.652,2.652,2.652,2.652,2.652,2.652,2.652,2.652,2.652,2.652,2.652,2.652,2.652,2.652,2.652,2.652,2.652,2.652
1965-01-01,2.9,2.9,2.9,2.9,2.9,2.9,2.9,2.9,2.9,2.9,2.9,2.9,2.9,2.9,2.9,2.9,2.9,2.9,2.9,2.9,2.9,2.9,2.9,2.9,2.9,2.9,2.9,2.9,2.9,2.9,2.9,2.9,2.9,2.9,2.9,2.9,2.9,2.916,2.916,2.916,2.916,2.916,2.916,2.916,2.916,2.916,2.916,2.916,2.916,2.916,2.916,2.916,2.916,2.916,2.916,2.916,2.916,2.916,2.916,2.916,2.916,2.916,2.916,2.916,2.916
1965-04-01,3.0,3.0,3.0,3.0,3.0,3.0,3.0,3.0,3.0,3.0,3.0,3.0,3.0,3.0,3.0,3.0,3.0,3.0,3.0,3.0,3.0,3.0,3.0,3.0,3.0,3.0,3.0,3.0,3.0,3.0,3.0,3.0,3.0,3.0,3.0,3.0,3.0,2.956,2.956,2.956,2.956,2.956,2.956,2.956,2.956,2.956,2.956,2.956,2.956,2.956,2.956,2.956,2.956,2.956,2.956,2.956,2.956,2.956,2.956,2.956,2.956,2.956,2.956,2.956,2.956
1965-07-01,3.0,3.0,3.0,3.0,3.0,3.0,3.0,3.0,3.0,3.0,3.0,3.0,3.0,3.0,3.0,3.0,3.0,3.0,3.0,3.0,3.0,3.0,3.0,3.0,3.0,3.0,3.0,3.0,3.0,3.0,3.0,3.0,3.0,3.0,3.0,3.0,3.0,2.968,2.968,2.968,2.968,2.968,2.968,2.968,2.968,2.968,2.968,2.968,2.968,2.968,2.968,2.968,2.968,2.968,2.968,2.968,2.968,2.968,2.968,2.968,2.968,2.968,2.968,2.968,2.968
1965-10-01,3.1,3.1,3.1,3.1,3.1,3.1,3.1,3.1,3.1,3.1,3.1,3.1,3.1,3.1,3.1,3.1,3.1,3.1,3.1,3.1,3.1,3.1,3.1,3.1,3.1,3.1,3.1,3.1,3.1,3.1,3.1,3.1,3.1,3.1,3.1,3.1,3.1,3.116,3.116,3.116,3.116,3.116,3.116,3.116,3.116,3.116,3.116,3.116,3.116,3.116,3.116,3.116,3.116,3.116,3.116,3.116,3.116,3.116,3.116,3.116,3.116,3.116,3.116,3.116,3.116
1966-01-01,3.5,3.5,3.5,3.5,3.5,3.5,3.5,3.5,3.5,3.5,3.5,3.5,3.5,3.5,3.5,3.5,3.5,3.5,3.5,3.5,3.5,3.5,3.5,3.5,3.5,3.5,3.5,3.5,3.5,3.5,3.5,3.5,3.5,3.5,3.5,3.5,3.5,3.536,3.536,3.536,3.536,3.536,3.536,3.536,3.536,3.536,3.536,3.536,3.536,3.536,3.536,3.536,3.536,3.536,3.536,3.536,3.536,3.536,3.536,3.536,3.536,3.536,3.536,3.536,3.536
1966-04-01,3.9,3.9,3.9,3.9,3.9,3.9,3.9,3.9,3.9,3.9,3.9,3.9,3.9,3.9,3.9,3.9,3.9,3.9,3.9,3.9,3.9,3.9,3.9,3.9,3.9,3.9,3.9,3.9,3.9,3.9,3.9,3.9,3.9,3.9,3.9,3.9,3.9,3.904,3.904,3.904,3.904,3.904,3.904,3.904,3.904,3.904,3.904,3.904,3.904,3.904,3.904,3.904,3.904,3.904,3.904,3.904,3.904,3.904,3.904,3.904,3.904,3.904,3.904,3.904,3.904
1966-07-01,4.0,4.0,4.0,4.0,4.0,4.0,4.0,4.0,4.0,4.0,4.0,4.0,4.0,4.0,4.0,4.0,4.0,4.0,4.0,4.0,4.0,4.0,4.0,4.0,4.0,4.0,4.0,4.0,4.0,4.0,4.0,4.0,4.0,4.0,4.0,4.0,4.0,4.04,4.04,4.04,4.04,4.04,4.04,4.04,4.04,4.04,4.04,4.04,4.04,4.04,4.04,4.04,4.04,4.04,4.04,4.04,4.04,4.04,4.04,4.04,4.04,4.04,4.04,4.04,4.04
1966-10-01,4.2,4.2,4.2,4.2,4.2,4.2,4.2,4.2,4.2,4.2,4.2,4.2,4.2,4.2,4.2,4.2,4.2,4.2,4.2,4.2,4.2,4.2,4.2,4.2,4.2,4.2,4.2,4.2,4.2,4.2,4.2,4.2,4.2,4.2,4.2,4.2,4.2,4.22,4.22,4.22,4.22,4.22,4.22,4.22,4.22,4.22,4.22,4.22,4.22,4.22,4.22,4.22,4.22,4.22,4.22,4.22,4.22,4.22,4.22,4.22,4.22,4.22,4.22,4.22,4.22
1967-01-01,4.0,4.0,4.0,4.0,4.0,4.0,4.0,4.0,4.0,4.0,4.0,4.0,4.0,4.0,4.0,4.0,4.0,4.0,4.0,4.0,4.0,4.0,4.0,4.0,4.0,4.0,4.0,4.0,4.0,4.0,4.0,4.0,4.0,4.0,4.0,4.0,4.0,3.968,3.968,3.968,3.968,3.968,3.968,3.968,3.968,3.968,3.968,3.968,3.968,3.968,3.968,3.968,3.968,3.968,3.968,3.968,3.968,3.968,3.968,3.968,3.968,3.968,3.968,3.968,3.968
1967-04-01,3.8,3.8,3.8,3.8,3.8,3.8,3.8,3.8,3.8,3.8,3.8,3.8,3.8,3.8,3.8,3.8,3.8,3.8,3.8,3.8,3.8,3.8,3.8,3.8,3.8,3.8,3.8,3.8,3.8,3.8,3.8,3.8,3.8,3.8,3.8,3.8,3.8,3.848,3.848,3.848,3.848,3.848,3.848,3.848,3.848,3.848,3.848,3.848,3.848,3.848,3.848,3.848,3.848,3.848,3.848,3.848,3.848,3.848,3.848,3.848,3.848,3.848,3.848,3.848,3.848
1967-07-01,3.7,3.7,3.7,3.7,3.7,3.7,3.7,3.7,3.7,3.7,3.7,3.7,3.7,3.7,3.7,3.7,3.7,3.7,3.7,3.7,3.7,3.7,3.7,3.7,3.7,3.7,3.7,3.7,3.7,3.7,3.7,3.7,3.7,3.7,3.7,3.7,3.7,3.656,3.656,3.656,3.656,3.656,3.656,3.656,3.656,3.656,3.656,3.656,3.656,3.656,3.656,3.656,3.656,3.656,3.656,3.656,3.656,3.656,3.656,3.656,3.656,3.656,3.656,3.656,3.656
1967-10-01,3.7,3.7,3.7,3.7,3.7,3.7,3.7,3.7,3.7,3.7,3.7,3.7,3.7,3.7,3.7,3.7,3.7,3.7,3.7,3.7,3.7,3.7,3.7,3.7,3.7,3.7,3.7,3.7,3.7,3.7,3.7,3.7,3.7,3.7,3.7,3.7,3.7,3.668,3.668,3.668,3.668,3.668,3.668,3.668,3.668,3.668,3.668,3.668,3.668,3.668,3.668,3.668,3.668,3.668,3.668,3.668,3.668,3.668,3.668,3.668,3.668,3.668,3.668,3.668,3.668
1968-01-01,4.0,4.0,4.0,4.0,4.0,4.0,4.0,4.0,4.0,4.0,4.0,4.0,4.0,4.0,4.0,4.0,4.0,4.0,4.0,4.0,4.0,4.0,4.0,4.0,4.0,4.0,4.0,4.0,4.0,4.0,4.0,4.0,4.0,4.0,4.0,4.0,4.0,4.008,4.008,4.008,4.008,4.008,4.008,4.008,4.008,4.008,4.008,4.008,4.008,4.008,4.008,4.008,4.008,4.008,4.008,4.008,4.008,4.008,4.008,4.008,4.008,4.008,4.008,4.008,4.008
1968-04-01,4.2,4.2,4.2,4.2,4.2,4.2,4.2,4.2,4.2,4.2,4.2,4.2,4.2,4.2,4.2,4.2,4.2,4.2,4.2,4.2,4.2,4.2,4.2,4.2,4.2,4.2,4.2,4.2,4.2,4.2,4.2,4.2,4.2,4.2,4.2,4.2,4.2,4.176,4.176,4.176,4.176,4.176,4.176,4.176,4.176,4.176,4.176,4.176,4.176,4.176,4.176,4.176,4.176,4.176,4.176,4.176,4.176,4.176,4.176,4.176,4.176,4.176,4.176,4.176,4.176
1968-07-01,4.2,4.2,4.2,4.2,4.2,4.2,4.2,4.2,4.2,4.2,4.2,4.2,4.2,4.2,4.2,4.2,4.2,4.2,4.2,4.2,4.2,4.2,4.2,4.2,4.2,4.2,4.2,4.2,4.2,4.2,4.2,4.2,4.2,4.2,4.2,4.2,4.2,4.192,4.192,4.192,4.192,4.192,4.192,4.192,4.192,4.192,4.192,4.192,4.192,4.192,4.192,4.192,4.192,4.192,4.192,4.192,4.192,4.192,4.192,4.192,4.192,4.192,4.192,4.192,4.192
1968-10-01,4.2,4.2,4.2,4.2,4.2,4.2,4.2,4.2,4.2,4.2,4.2,4.2,4.2,4.2,4.2,4.2,4.2,4.2,4.2,4.2,4.2,4.2,4.2,4.2,4.2,4.2,4.2,4.2,4.2,4.2,4.2,4.2,4.2,4.2,4.2,4.2,4.2,4.212,4.212,4.212,4.212,4.212,4.212,4.212,4.212,4.212,4.212,4.212,4.212,4.212,4.212,4.212,4.212,4.212,4.212,4.212,4.212,4.212,4.212,4.212,4.212,4.212,4.212,4.212,4.212
1969-01-01,4.3,4.3,4.3,4.3,4.3,4.3,4.3,4.3,4.3,4.3,4.3,4.3,4.3,4.3,4.3,4.3,4.3,4.3,4.3,4.3,4.3,4.3,4.3,4.3,4.3,4.3,4.3,4.3,4.3,4.3,4.3,4.3,4.3,4.3,4.3,4.3,4.3,4.316,4.316,4.316,4.316,4.316,4.316,4.316,4.316,4.316,4.316,4.316,4.316,4.316,4.316,4.316,4.316,4.316,4.316,4.316,4.316,4.316,4.316,4.316,4.316,4.316,4.316,4.316,4.316
1969-04-01,4.4,4.4,4.4,4.4,4.4,4.4,4.4,4.4,4.4,4.4,4.4,4.4,4.4,4.4,4.4,4.4,4.4,4.4,4.4,4.4,4.4,4.4,4.4,4.4,4.4,4.4,4.4,4.4,4.4,4.4,4.4,4.4,4.4,4.4,4.4,4.4,4.4,4.44,4.44,4.44,4.44,4.44,4.44,4.44,4.44,4.44,4.44,4.44,4.44,4.44,4.44,4.44,4.44,4.44,4.44,4.44,4.44,4.44,4.44,4.44,4.44,4.44,4.44,4.44,4.44
1969-07-01,4.6,4.6,4.6,4.6,4.6,4.6,4.6,4.6,4.6,4.6,4.6,4.6,4.6,4.6,4.6,4.6,4.6,4.6,4.6,4.6,4.6,4.6,4.6,4.6,4.6,4.6,4.6,4.6,4.6,4.6,4.6,4.6,4.6,4.6,4.6,4.6,4.6,4.644,4.644,4.644,4.644,4.644,4.644,4.644,4.644,4.644,4.644,4.644,4.644,4.644,4.644,4.644,4.644,4.644,4.644,4.644,4.644,4.644,4.644,4.644,4.644,4.644,4.644,4.644,4.644
1969-10-01,4.6,4.6,4.6,4.6,4.6,4.6,4.6,4.6,4.6,4.6,4.6,4.6,4.6,4.6,4.6,4.6,4.6,4.6,4.6,4.6,4.6,4.6,4.6,4.6,4.6,4.6,4.6,4.6,4.6,4.6,4.6,4.6,4.6,4.6,4.6,4.6,4.6,4.636,4.636,4.636,4.636,4.636,4.636,4.636,4.636,4.636,4.636,4.636,4.636,4.636,4.636,4.636,4.636,4.636,4.636,4.636,4.636,4.636,4.636,4.636,4.636,4.636,4.636,4.636,4.636
1970-01-01,4.7,4.7,4.7,4.7,4.7,4.7,4.7,4.7,4.7,4.7,4.7,4.7,4.7,4.7,4.7,4.7,4.7,4.7,4.7,4.7,4.7,4.7,4.7,4.7,4.7,4.7,4.7,4.7,4.7,4.7,4.7,4.7,4.7,4.7,4.7,4.7,4.7,4.712,4.712,4.712,4.712,4.712,4.712,4.712,4.712,4.712,4.712,4.712,4.712,4.712,4.712,4.712,4.712,4.712,4.712,4.712,4.712,4.712,4.712,4.712,4.712,4.712,4.712,4.712,4.712
1970-04-01,4.8,4.8,4.8,4.8,4.8,4.8,4.8,4.8,4.8,4.8,4.8,4.8,4.8,4.8,4.8,4.8,4.8,4.8,4.8,4.8,4.8,4.8,4.8,4.8,4.8,4.8,4.8,4.8,4.8,4.8,4.8,4.8,4.8,4.8,4.8,4.8,4.8,4.796,4.796,4.796,4.796,4.796,4.796,4.796,4.796,4.796,4.796,4.796,4.796,4.796,4.796,4.796,4.796,4.796,4.796,4.796,4.796,4.796,4.796,4.796,4.796,4.796,4.796,4.796,4.796
1970-07-01,4.7,4.7,4.7,4.7,4.7,4.7,4.7,4.7,4.7,4.7,4.7,4.7,4.7,4.7,4.7,4.7,4.7,4.7,4.7,4.7,4.7,4.7,4.7,4.7,4.7,4.7,4.7,4.7,4.7,4.7,4.7,4.7,4.7,4.7,4.7,4.7,4.7,4.716,4.716,4.716,4.716,4.716,4.716,4.716,4.716,4.716,4.716,4.716,4.716,4.716,4.716,4.716,4.716,4.716,4.716,4.716,4.716,4.716,4.716,4.716,4.716,4.716,4.716,4.716,4.716
1970-10-01,4.8,4.8,4.8,4.8,4.8,4.8,4.8,4.8,4.8,4.8,4.8,4.8,4.8,4.8,4.8,4.8,4.8,4.8,4.8,4.8,4.8,4.8,4.8,4.8,4.8,4.8,4.8,4.8,4.8,4.8,4.8,4.8,4.8,4.8,4.8,4.8,4.8,4.788,4.788,4.788,4.788,4.788,4.788,4.788,4.788,4.788,4.788,4.788,4.788,4.788,4.788,4.788,4.788,4.788,4.788,4.788,4.788,4.788,4.788,4.788,4.788,4.788,4.788,4.788,4.788
1971-01-01,4.7,4.7,4.7,4.7,4.7,4.7,4.7,4.7,4.7,4.7,4.7,4.7,4.7,4.7,4.7,4.7,4.7,4.7,4.7,4.7,4.7,4.7,4.7,4.7,4.7,4.7,4.7,4.7,4.7,4.7,4.7,4.7,4.7,4.7,4.7,4.7,4.7,4.736,4.736,4.736,4.736,4.736,4.736,4.736,4.736,4.736,4.736,4.736,4.736,4.736,4.736,4.736,4.736,4.736,4.736,4.736,4.736,4.736,4.736,4.736,4.736,4.736,4.736,4.736,4.736
1971-04-01,4.8,4.8,4.8,4.8,4.8,4.8,4.8,4.8,4.8,4.8,4.8,4.8,4.8,4.8,4.8,4.8,4.8,4.8,4.8,4.8,4.8,4.8,4.8,4.8,4.8,4.8,4.8,4.8,4.8,4.8,4.8,4.8,4.8,4.8,4.8,4.8,4.8,4.78,4.78,4.78,4.78,4.78,4.78,4.78,4.78,4.78,4.78,4.78,4.78,4.78,4.78,4.78,4.78,4.78,4.78,4.78,4.78,4.78,4.78,4.78,4.78,4.78,4.78,4.78,4.78
1971-07-01,4.5,4.5,4.5,4.5,4.5,4.5,4.5,4.5,4.5,4.5,4.5,4.5,4.5,4.5,4.5,4.5,4.5,4.5,4.5,4.5,4.5,4.5,4.5,4.5,4.5,4.5,4.5,4.5,4.5,4.5,4.5,4.5,4.5,4.5,4.5,4.5,4.5,4.476,4.476,4.476,4.476,4.476,4.476,4.476,4.476,4.476,4.476,4.476,4.476,4.476,4.476,4.476,4.476,4.476,4.476,4.476,4.476,4.476,4.476,4.476,4.476,4.476,4.476,4.476,4.476
1971-10-01,4.6,4.6,4.6,4.6,4.6,4.6,4.6,4.6,4.6,4.6,4.6,4.6,4.6,4.6,4.6,4.6,4.6,4.6,4.6,4.6,4.6,4.6,4.6,4.6,4.6,4.6,4.6,4.6,4.6,4.6,4.6,4.6,4.6,4.6,4.6,4.6,4.6,4.572,4.572,4.572,4.572,4.572,4.572,4.572,4.572,4.572,4.572,4.572,4.572,4.572,4.572,4.572,4.572,4.572,4.572,4.572,4.572,4.572,4.572,4.572,4.572,4.572,4.572,4.572,4.572
1972-01-01,6.1,6.1,6.1,6.1,6.1,6.1,6.1,6.1,6.1,6.1,6.1,6.1,6.1,6.1,6.1,6.1,6.1,6.1,6.1,6.1,6.1,6.1,6.1,6.1,6.1,6.1,6.1,6.1,6.1,6.1,6.1,6.1,6.1,6.1,6.1,6.1,6.1,6.056,6.056,6.056,6.056,6.056,6.056,6.056,6.056,6.056,6.056,6.056,6.056,6.056,6.056,6.056,6.056,6.056,6.056,6.056,6.056,6.056,6.056,6.056,6.056,6.056,6.056,6.056,6.056
1972-04-01,6.2,6.2,6.2,6.2,6.2,6.2,6.2,6.2,6.2,6.2,6.2,6.2,6.2,6.2,6.2,6.2,6.2,6.2,6.2,6.2,6.2,6.2,6.2,6.2,6.2,6.2,6.2,6.2,6.2,6.2,6.2,6.2,6.2,6.2,6.2,6.2,6.2,6.152,6.152,6.152,6.152,6.152,6.152,6.152,6.152,6.152,6.152,6.152,6.152,6.152,6.152,6.152,6.152,6.152,6.152,6.152,6.152,6.152,6.152,6.152,6.152,6.152,6.152,6.152,6.152
1972-07-01,7.1,7.1,7.1,7.1,7.1,7.1,7.1,7.1,7.1,7.1,7.1,7.1,7.1,7.1,7.1,7.1,7.1,7.1,7.1,7.1,7.1,7.1,7.1,7.1,7.1,7.1,7.1,7.1,7.1,7.1,7.1,7.1,7.1,7.1,7.1,7.1,7.1,7.12,7.12,7.12,7.12,7.12,7.12,7.12,7.12,7.12,7.12,7.12,7.12,7.12,7.12,7.12,7.12,7.12,7.12,7.12,7.12,7.12,7.12,7.12,7.12,7.12,7.12,7.12,7.12
1972-10-01,7.0,7.0,7.0,7.0,7.0,7.0,7.0,7.0,7.0,7.0,7.0,7.0,7.0,7.0,7.0,7.0,7.0,7.0,7.0,7.0,7.0,7.0,7.0,7.0,7.0,7.0,7.0,7.0,7.0,7.0,7.0,7.0,7.0,7.0,7.0,7.0,7.0,7.004,7.004,7.004,7.004,7.004,7.004,7.004,7.004,7.004,7.004,7.004,7.004,7.004,7.004,7.004,7.004,7.004,7.004,7.004,7.004,7.004,7.004,7.004,7.004,7.004,7.004,7.004,7.004
1973-01-01,5.9,5.9,5.9,5.9,5.9,5.9,5.9,5.9,5.9,5.9,5.9,5.9,5.9,5.9,5.9,5.9,5.9,5.9,5.9,5.9,5.9,5.9,5.9,5.9,5.9,5.9,5.9,5.9,5.9,5.9,5.9,5.9,5.9,5.9,5.9,5.9,5.9,5.876,5.876,5.876,5.876,5.876,5.876,5.876,5.876,5.876,5.876,5.876,5.876,5.876,5.876,5.876,5.876,5.876,5.876,5.876,5.876,5.876,5.876,5.876,5.876,5.876,5.876,5.876,5.876
1973-04-01,5.6,5.6,5.6,5.6,5.6,5.6,5.6,5.6,5.6,5.6,5.6,5.6,5.6,5.6,5.6,5.6,5.6,5.6,5.6,5.6,5.6,5.6,5.6,5.6,5.6,5.6,5.6,5.6,5.6,5.6,5.6,5.6,5.6,5.6,5.6,5.6,5.6,5.628,5.628,5.628,5.628,5.628,5.628,5.628,5.628,5.628,5.628,5.628,5.628,5.628,5.628,5.628,5.628,5.628,5.628,5.628,5.628,5.628,5.628,5.628,5.628,5.628,5.628,5.628,5.628
1973-07-01,4.6,4.6,4.6,4.6,4.6,4.6,4.6,4.6,4.6,4.6,4.6,4.6,4.6,4.6,4.6,4.6,4.6,4.6,4.6,4.6,4.6,4.6,4.6,4.6,4.6,4.6,4.6,4.6,4.6,4.6,4.6,4.6,4.6,4.6,4.6,4.6,4.6,4.632,4.632,4.632,4.632,4.632,4.632,4.632,4.632,4.632,4.632,4.632,4.632,4.632,4.632,4.632,4.632,4.632,4.632,4.632,4.632,4.632,4.632,4.632,4.632,4.632,4.632,4.632,4.632
1973-10-01,4.5,4.5,4.5,4.5,4.5,4.5,4.5,4.5,4.5,4.5,4.5,4.5,4.5,4.5,4.5,4.5,4.5,4.5,4.5,4.5,4.5,4.5,4.5,4.5,4.5,4.5,4.5,4.5,4.5,4.5,4.5,4.5,4.5,4.5,4.5,4.5,4.5,4.46,4.46,4.46,4.46,4.46,4.46,4.46,4.46,4.46,4.46,4.46,4.46,4.46,4.46,4.46,4.46,4.46,4.46,4.46,4.46,4.46,4.46,4.46,4.46,4.46,4.46,4.46,4.46
1974-01-01,3.5,3.5,3.5,3.5,3.5,3.5,3.5,3.5,3.5,3.5,3.5,3.5,3.5,3.5,3.5,3.5,3.5,3.5,3.5,3.5,3.5,3.5,3.5,3.5,3.5,3.5,3.5,3.5,3.5,3.5,3.5,3.5,3.5,3.5,3.5,3.5,3.5,3.452,3.452,3.452,3.452,3.452,3.452,3.452,3.452,3.452,3.452,3.452,3.452,3.452,3.452,3.452,3.452,3.452,3.452,3.452,3.452,3.452,3.452,3.452,3.452,3.452,3.452,3.452,3.452
1974-04-01,2.8,2.8,2.8,2.8,2.8,2.8,2.8,2.8,2.8,2.8,2.8,2.8,2.8,2.8,2.8,2.8,2.8,2.8,2.8,2.8,2.8,2.8,2.8,2.8,2.8,2.8,2.8,2.8,2.8,2.8,2.8,2.8,2.8,2.8,2.8,2.8,2.8,2.78,2.78,2.78,2.78,2.78,2.78,2.78,2.78,2.78,2.78,2.78,2.78,2.78,2.78,2.78,2.78,2.78,2.78,2.78,2.78,2.78,2.78,2.78,2.78,2.78,2.78,2.78,2.78
1974-07-01,3.1,3.1,3.1,3.1,3.1,3.1,3.1,3.1,3.1,3.1,3.1,3.1,3.1,3.1,3.1,3.1,3.1,3.1,3.1,3.1,3.1,3.1,3.1,3.1,3.1,3.1,3.1,3.1,3.1,3.1,3.1,3.1,3.1,3.1,3.1,3.1,3.1,3.052,3.052,3.052,3.052,3.052,3.052,3.052,3.052,3.052,3.052,3.052,3.052,3.052,3.052,3.052,3.052,3.052,3.052,3.052,3.052,3.052,3.052,3.052,3.052,3.052,3.052,3.052,3.052
1974-10-01,3.5,3.5,3.5,3.5,3.5,3.5,3.5,3.5,3.5,3.5,3.5,3.5,3.5,3.5,3.5,3.5,3.5,3.5,3.5,3.5,3.5,3.5,3.5,3.5,3.5,3.5,3.5,3.5,3.5,3.5,3.5,3.5,3.5,3.5,3.5,3.5,3.5,3.48,3.48,3.48,3.48,3.48,3.48,3.48,3.48,3.48,3.48,3.48,3.48,3.48,3.48,3.48,3.48,3.48,3.48,3.48,3.48,3.48,3.48,3.48,3.48,3.48,3.48,3.48,3.48
1975-01-01,4.1,4.1,4.1,4.1,4.1,4.1,4.1,4.1,4.1,4.1,4.1,4.1,4.1,4.1,4.1,4.1,4.1,4.1,4.1,4.1,4.1,4.1,4.1,4.1,4.1,4.1,4.1,4.1,4.1,4.1,4.1,4.1,4.1,4.1,4.1,4.1,4.1,4.08,4.08,4.08,4.08,4.08,4.08,4.08,4.08,4.08,4.08,4.08,4.08,4.08,4.08,4.08,4.08,4.08,4.08,4.08,4.08,4.08,4.08,4.08,4.08,4.08,4.08,4.08,4.08
1975-04-01,4.1,4.1,4.1,4.1,4.1,4.1,4.1,4.1,4.1,4.1,4.1,4.1,4.1,4.1,4.1,4.1,4.1,4.1,4.1,4.1,4.1,4.1,4.1,4.1,4.1,4.1,4.1,4.1,4.1,4.1,4.1,4.1,4.1,4.1,4.1,4.1,4.1,4.112,4.112,4.112,4.112,4.112,4.112,4.112,4.112,4.112,4.112,4.112,4.112,4.112,4.112,4.112,4.112,4.112,4.112,4.112,4.112,4.112,4.112,4.112,4.112,4.112,4.112,4.112,4.112
1975-07-01,4.4,4.4,4.4,4.4,4.4,4.4,4.4,4.4,4.4,4.4,4.4,4.4,4.4,4.4,4.4,4.4,4.4,4.4,4.4,4.4,4.4,4.4,4.4,4.4,4.4,4.4,4.4,4.4,4.4,4.4,4.4,4.4,4.4,4.4,4.4,4.4,4.4,4.4,4.4,4.4,4.4,4.4,4.4,4.4,4.4,4.4,4.4,4.4,4.4,4.4,4.4,4.4,4.4,4.4,4.4,4.4,4.4,4.4,4.4,4.4,4.4,4.4,4.4,4.4,4.4
1975-10-01,4.8,4.8,4.8,4.8,4.8,4.8,4.8,4.8,4.8,4.8,4.8,4.8,4.8,4.8,4.8,4.8,4.8,4.8,4.8,4.8,4.8,4.8,4.8,4.8,4.8,4.8,4.8,4.8,4.8,4.8,4.8,4.8,4.8,4.8,4.8,4.8,4.8,4.752,4.752,4.752,4.752,4.752,4.752,4.752,4.752,4.752,4.752,4.752,4.752,4.752,4.752,4.752,4.752,4.752,4.752,4.752,4.752,4.752,4.752,4.752,4.752,4.752,4.752,4.752,4.752
1976-01-01,5.0,5.0,5.0,5.0,5.0,5.0,5.0,5.0,5.0,5.0,5.0,5.0,5.0,5.0,5.0,5.0,5.0,5.0,5.0,5.0,5.0,5.0,5.0,5.0,5.0,5.0,5.0,5.0,5.0,5.0,5.0,5.0,5.0,5.0,5.0,5.0,5.0,4.956,4.956,4.956,4.956,4.956,4.956,4.956,4.956,4.956,4.956,4.956,4.956,4.956,4.956,4.956,4.956,4.956,4.956,4.956,4.956,4.956,4.956,4.956,4.956,4.956,4.956,4.956,4.956
1976-04-01,4.7,4.7,4.7,4.7,4.7,4.7,4.7,4.7,4.7,4.7,4.7,4.7,4.7,4.7,4.7,4.7,4.7,4.7,4.7,4.7,4.7,4.7,4.7,4.7,4.7,4.7,4.7,4.7,4.7,4.7,4.7,4.7,4.7,4.7,4.7,4.7,4.7,4.652,4.652,4.652,4.652,4.652,4.652,4.652,4.652,4.652,4.652,4.652,4.652,4.652,4.652,4.652,4.652,4.652,4.652,4.652,4.652,4.652,4.652,4.652,4.652,4.652,4.652,4.652,4.652
1976-07-01,4.9,4.9,4.9,4.9,4.9,4.9,4.9,4.9,4.9,4.9,4.9,4.9,4.9,4.9,4.9,4.9,4.9,4.9,4.9,4.9,4.9,4.9,4.9,4.9,4.9,4.9,4.9,4.9,4.9,4.9,4.9,4.9,4.9,4.9,4.9,4.9,4.9,4.872,4.872,4.872,4.872,4.872,4.872,4.872,4.872,4.872,4.872,4.872,4.872,4.872,4.872,4.872,4.872,4.872,4.872,4.872,4.872,4.872,4.872,4.872,4.872,4.872,4.872,4.872,4.872
1976-10-01,5.3,5.3,5.3,5.3,5.3,5.3,5.3,5.3,5.3,5.3,5.3,5.3,5.3,5.3,5.3,5.3,5.3,5.3,5.3,5.3,5.3,5.3,5.3,5.3,5.3,5.3,5.3,5.3,5.3,5.3,5.3,5.3,5.3,5.3,5.3,5.3,5.3,5.264,5.264,5.264,5.264,5.264,5.264,5.264,5.264,5.264,5.264,5.264,5.264,5.264,5.264,5.264,5.264,5.264,5.264,5.264,5.264,5.264,5.264,5.264,5.264,5.264,5.264,5.264,5.264
1977-01-01,5.6,5.6,5.6,5.6,5.6,5.6,5.6,5.6,5.6,5.6,5.6,5.6,5.6,5.6,5.6,5.6,5.6,5.6,5.6,5.6,5.6,5.6,5.6,5.6,5.6,5.6,5.6,5.6,5.6,5.6,5.6,5.6,5.6,5.6,5.6,5.6,5.6,5.612,5.612,5.612,5.612,5.612,5.612,5.612,5.612,5.612,5.612,5.612,5.612,5.612,5.612,5.612,5.612,5.612,5.612,5.612,5.612,5.612,5.612,5.612,5.612,5.612,5.612,5.612,5.612
1977-04-01,5.7,5.7,5.7,5.7,5.7,5.7,5.7,5.7,5.7,5.7,5.7,5.7,5.7,5.7,5.7,5.7,5.7,5.7,5.7,5.7,5.7,5.7,5.7,5.7,5.7,5.7,5.7,5.7,5.7,5.7,5.7,5.7,5.7,5.7,5.7,5.7,5.7,5.652,5.652,5.652,5.652,5.652,5.652,5.652,5.652,5.652,5.652,5.652,5.652,5.652,5.652,5.652,5.652,5.652,5.652,5.652,5.652,5.652,5.652,5.652,5.652,5.652,5.652,5.652,5.652
1977-07-01,6.2,6.2,6.2,6.2,6.2,6.2,6.2,6.2,6.2,6.2,6.2,6.2,6.2,6.2,6.2,6.2,6.2,6.2,6.2,6.2,6.2,6.2,6.2,6.2,6.2,6.2,6.2,6.2,6.2,6.2,6.2,6.2,6.2,6.2,6.2,6.2,6.2,6.208,6.208,6.208,6.208,6.208,6.208,6.208,6.208,6.208,6.208,6.208,6.208,6.208,6.208,6.208,6.208,6.208,6.208,6.208,6.208,6.208,6.208,6.208,6.208,6.208,6.208,6.208,6.208
1977-10-01,10.1,10.1,10.1,10.1,10.1,10.1,10.1,10.1,10.1,10.1,10.1,10.1,10.1,10.1,10.1,10.1,10.1,10.1,10.1,10.1,10.1,10.1,10.1,10.1,10.1,10.1,10.1,10.1,10.1,10.1,10.1,10.1,10.1,10.1,10.1,10.1,10.1,10.088,10.088,10.088,10.088,10.088,10.088,10.088,10.088,10.088,10.088,10.088,10.088,10.088,10.088,10.088,10.088,10.088,10.088,10.088,10.088,10.088,10.088,10.088,10.088,10.088,10.088,10.088,10.088
1978-01-01,8.5,8.5,8.5,8.5,8.5,8.5,8.5,8.5,8.5,8.5,8.5,8.5,8.5,8.5,8.5,8.5,8.5,8.5,8.5,8.5,8.5,8.5,8.5,8.5,8.5,8.5,8.5,8.5,8.5,8.5,8.5,8.5,8.5,8.5,8.5,8.5,8.5,8.46,8.46,8.46,8.46,8.46,8.46,8.46,8.46,8.46,8.46,8.46,8.46,8.46,8.46,8.46,8.46,8.46,8.46,8.46,8.46,8.46,8.46,8.46,8.46,8.46,8.46,8.46,8.46
1978-04-01,8.1,8.1,8.1,8.1,8.1,8.1,8.1,8.1,8.1,8.1,8.1,8.1,8.1,8.1,8.1,8.1,8.1,8.1,8.1,8.1,8.1,8.1,8.1,8.1,8.1,8.1,8.1,8.1,8.1,8.1,8.1,8.1,8.1,8.1,8.1,8.1,8.1,8.14,8.14,8.14,8.14,8.14,8.14,8.14,8.14,8.14,8.14,8.14,8.14,8.14,8.14,8.14,8.14,8.14,8.14,8.14,8.14,8.14,8.14,8.14,8.14,8.14,8.14,8.14,8.14
1978-07-01,8.0,8.0,8.0,8.0,8.0,8.0,8.0,8.0,8.0,8.0,8.0,8.0,8.0,8.0,8.0,8.0,8.0,8.0,8.0,8.0,8.0,8.0,8.0,8.0,8.0,8.0,8.0,8.0,8.0,8.0,8.0,8.0,8.0,8.0,8.0,8.0,8.0,8.048,8.048,8.048,8.048,8.048,8.048,8.048,8.048,8.048,8.048,8.048,8.048,8.048,8.048,8.048,8.048,8.048,8.048,8.048,8.048,8.048,8.048,8.048,8.048,8.048,8.048,8.048,8.048
1978-10-01,10.1,10.1,10.1,10.1,10.1,10.1,10.1,10.1,10.1,10.1,10.1,10.1,10.1,10.1,10.1,10.1,10.1,10.1,10.1,10.1,10.1,10.1,10.1,10.1,10.1,10.1,10.1,10.1,10.1,10.1,10.1,10.1,10.1,10.1,10.1,10.1,10.1,10.14,10.14,10.14,10.14,10.14,10.14,10.14,10.14,10.14,10.14,10.14,10.14,10.14,10.14,10.14,10.14,10.14,10.14,10.14,10.14,10.14,10.14,10.14,10.14,10.14,10.14,10.14,10.14
1979-01-01,8.1,8.1,8.1,8.1,8.1,8.1,8.1,8.1,8.1,8.1,8.1,8.1,8.1,8.1,8.1,8.1,8.1,8.1,8.1,8.1,8.1,8.1,8.1,8.1,8.1,8.1,8.1,8.1,8.1,8.1,8.1,8.1,8.1,8.1,8.1,8.1,8.1,8.052,8.052,8.052,8.052,8.052,8.052,8.052,8.052,8.052,8.052,8.052,8.052,8.052,8.052,8.052,8.052,8.052,8.052,8.052,8.052,8.052,8.052,8.052,8.052,8.052,8.052,8.052,8.052
1979-04-01,8.5,8.5,8.5,8.5,8.5,8.5,8.5,8.5,8.5,8.5,8.5,8.5,8.5,8.5,8.5,8.5,8.5,8.5,8.5,8.5,8.5,8.5,8.5,8.5,8.5,8.5,8.5,8.5,8.5,8.5,8.5,8.5,8.5,8.5,8.5,8.5,8.5,8.452,8.452,8.452,8.452,8.452,8.452,8.452,8.452,8.452,8.452,8.452,8.452,8.452,8.452,8.452,8.452,8.452,8.452,8.452,8.452,8.452,8.452,8.452,8.452,8.452,8.452,8.452,8.452
1979-07-01,7.8,7.8,7.8,7.8,7.8,7.8,7.8,7.8,7.8,7.8,7.8,7.8,7.8,7.8,7.8,7.8,7.8,7.8,7.8,7.8,7.8,7.8,7.8,7.8,7.8,7.8,7.8,7.8,7.8,7.8,7.8,7.8,7.8,7.8,7.8,7.8,7.8,7.792,7.792,7.792,7.792,7.792,7.792,7.792,7.792,7.792,7.792,7.792,7.792,7.792,7.792,7.792,7.792,7.792,7.792,7.792,7.792,7.792,7.792,7.792,7.792,7.792,7.792,7.792,7.792
1979-10-01,8.5,8.5,8.5,8.5,8.5,8.5,8.5,8.5,8.5,8.5,8.5,8.5,8.5,8.5,8.5,8.5,8.5,8.5,8.5,8.5,8.5,8.5,8.5,8.5,8.5,8.5,8.5,8.5,8.5,8.5,8.5,8.5,8.5,8.5,8.5,8.5,8.5,8.52,8.52,8.52,8.52,8.52,8.52,8.52,8.52,8.52,8.52,8.52,8.52,8.52,8.52,8.52,8.52,8.52,8.52,8.52,8.52,8.52,8.52,8.52,8.52,8.52,8.52,8.52,8.52
1980-01-01,8.9,8.9,8.9,8.9,8.9,8.9,8.9,8.9,8.9,8.9,8.9,8.9,8.9,8.9,8.9,8.9,8.9,8.9,8.9,8.9,8.9,8.9,8.9,8.9,8.9,8.9,8.9,8.9,8.9,8.9,8.9,8.9,8.9,8.9,8.9,8.9,8.9,8.852,8.852,8.852,8.852,8.852,8.852,8.852,8.852,8.852,8.852,8.852,8.852,8.852,8.852,8.852,8.852,8.852,8.852,8.852,8.852,8.852,8.852,8.852,8.852,8.852,8.852,8.852,8.852
1980-04-01,9.3,9.3,9.3,9.3,9.3,9.3,9.3,9.3,9.3,9.3,9.3,9.3,9.3,9.3,9.3,9.3,9.3,9.3,9.3,9.3,9.3,9.3,9.3,9.3,9.3,9.3,9.3,9.3,9.3,9.3,9.3,9.3,9.3,9.3,9.3,9.3,9.3,9.276,9.276,9.276,9.276,9.276,9.276,9.276,9.276,9.276,9.276,9.276,9.276,9.276,9.276,9.276,9.276,9.276,9.276,9.276,9.276,9.276,9.276,9.276,9.276,9.276,9.276,9.276,9.276
1980-07-01,9.7,9.7,9.7,9.7,9.7,9.7,9.7,9.7,9.7,9.7,9.7,9.7,9.7,9.7,9.7,9.7,9.7,9.7,9.7,9.7,9.7,9.7,9.7,9.7,9.7,9.7,9.7,9.7,9.7,9.7,9.7,9.7,9.7,9.7,9.7,9.7,9.7,9.716,9.716,9.716,9.716,9.716,9.716,9.716,9.716,9.716,9.716,9.716,9.716,9.716,9.716,9.716,9.716,9.716,9.716,9.716,9.716,9.716,9.716,9.716,9.716,9.716,9.716,9.716,9.716
1980-10-01,9.9,9.9,9.9,9.9,9.9,9.9,9.9,9.9,9.9,9.9,9.9,9.9,9.9,9.9,9.9,9.9,9.9,9.9,9.9,9.9,9.9,9.9,9.9,9.9,9.9,9.9,9.9,9.9,9.9,9.9,9.9,9.9,9.9,9.9,9.9,9.9,9.9,9.94,9.94,9.94,9.94,9.94,9.94,9.94,9.94,9.94,9.94,9.94,9.94,9.94,9.94,9.94,9.94,9.94,9.94,9.94,9.94,9.94,9.94,9.94,9.94,9.94,9.94,9.94,9.94
1981-01-01,10.2,10.2,10.2,10.2,10.2,10.2,10.2,10.2,10.2,10.2,10.2,10.2,10.2,10.2,10.2,10.2,10.2,10.2,10.2,10.2,10.2,10.2,10.2,10.2,10.2,10.2,10.2,10.2,10.2,10.2,10.2,10.2,10.2,10.2,10.2,10.2,10.2,10.176,10.176,10.176,10.176,10.176,10.176,10.176,10.176,10.176,10.176,10.176,10.176,10.176,10.176,10.176,10.176,10.176,10.176,10.176,10.176,10.176,10.176,10.176,10.176,10.176,10.176,10.176,10.176
1981-04-01,10.3,10.3,10.3,10.3,10.3,10.3,10.3,10.3,10.3,10.3,10.3,10.3,10.3,10.3,10.3,10.3,10.3,10.3,10.3,10.3,10.3,10.3,10.3,10.3,10.3,10.3,10.3,10.3,10.3,10.3,10.3,10.3,10.3,10.3,10.3,10.3,10.3,10.308,10.308,10.308,10.308,10.308,10.308,10.308,10.308,10.308,10.308,10.308,10.308,10.308,10.308,10.308,10.308,10.308,10.308,10.308,10.308,10.308,10.308,10.308,10.308,10.308,10.308,10.308,10.308
1981-07-01,10.7,10.7,10.7,10.7,10.7,10.7,10.7,10.7,10.7,10.7,10.7,10.7,10.7,10.7,10.7,10.7,10.7,10.7,10.7,10.7,10.7,10.7,10.7,10.7,10.7,10.7,10.7,10.7,10.7,10.7,10.7,10.7,10.7,10.7,10.7,10.7,10.7,10.712,10.712,10.712,10.712,10.712,10.712,10.712,10.712,10.712,10.712,10.712,10.712,10.712,10.712,10.712,10.712,10.712,10.712,10.712,10.712,10.712,10.712,10.712,10.712,10.712,10.712,10.712,10.712
1981-10-01,13.1,13.1,13.1,13.1,13.1,13.1,13.1,13.1,13.1,13.1,13.1,13.1,13.1,13.1,13.1,13.1,13.1,13.1,13.1,13.1,13.1,13.1,13.1,13.1,13.1,13.1,13.1,13.1,13.1,13.1,13.1,13.1,13.1,13.1,13.1,13.1,13.1,13.088,13.088,13.088,13.088,13.088,13.088,13.088,13.088,13.088,13.088,13.088,13.088,13.088,13.088,13.088,13.088,13.088,13.088,13.088,13.088,13.088,13.088,13.088,13.088,13.088,13.088,13.088,13.088
1982-01-01,13.6,13.6,13.6,13.6,13.6,13.6,13.6,13.6,13.6,13.6,13.6,13.6,13.6,13.6,13.6,13.6,13.6,13.6,13.6,13.6,13.6,13.6,13.6,13.6,13.6,13.6,13.6,13.6,13.6,13.6,13.6,13.6,13.6,13.6,13.6,13.6,13.6,13.552,13.552,13.552,13.552,13.552,13.552,13.552,13.552,13.552,13.552,13.552,13.552,13.552,13.552,13.552,13.552,13.552,13.552,13.552,13.552,13.552,13.552,13.552,13.552,13.552,13.552,13.552,13.552
1982-04-01,13.2,13.2,13.2,13.2,13.2,13.2,13.2,13.2,13.2,13.2,13.2,13.2,13.2,13.2,13.2,13.2,13.2,13.2,13.2,13.2,13.2,13.2,13.2,13.2,13.2,13.2,13.2,13.2,13.2,13.2,13.2,13.2,13.2,13.2,13.2,13.2,13.2,13.152,13.152,13.152,13.152,13.152,13.152,13.152,13.152,13.152,13.152,13.152,13.152,13.152,13.152,13.152,13.152,13.152,13.152,13.152,13.152,13.152,13.152,13.152,13.152,13.152,13.152,13.152,13.152
1982-07-01,12.6,12.6,12.6,12.6,12.6,12.6,12.6,12.6,12.6,12.6,12.6,12.6,12.6,12.6,12.6,12.6,12.6,12.6,12.6,12.6,12.6,12.6,12.6,12.6,12.6,12.6,12.6,12.6,12.6,12.6,12.6,12.6,12.6,12.6,12.6,12.6,12.6,12.58,12.58,12.58,12.58,12.58,12.58,12.58,12.58,12.58,12.58,12.58,12.58,12.58,12.58,12.58,12.58,12.58,12.58,12.58,12.58,12.58,12.58,12.58,12.58,12.58,12.58,12.58,12.58
1982-10-01,19.0,19.0,19.0,19.0,19.0,19.0,19.0,19.0,19.0,19.0,19.0,19.0,19.0,19.0,19.0,19.0,19.0,19.0,19.0,19.0,19.0,19.0,19.0,19.0,19.0,19.0,19.0,19.0,19.0,19.0,19.0,19.0,19.0,19.0,19.0,19.0,19.0,18.968,18.968,18.968,18.968,18.968,18.968,18.968,18.968,18.968,18.968,18.968,18.968,18.968,18.968,18.968,18.968,18.968,18.968,18.968,18.968,18.968,18.968,18.968,18.968,18.968,18.968,18.968,18.968
1983-01-01,19.4,19.4,19.4,19.4,19.4,19.4,19.4,19.4,19.4,19.4,19.4,19.4,19.4,19.4,19.4,19.4,19.4,19.4,19.4,19.4,19.4,19.4,19.4,19.4,19.4,19.4,19.4,19.4,19.4,19.4,19.4,19.4,19.4,19.4,19.4,19.4,19.4,19.444,19.444,19.444,19.444,19.444,19.444,19.444,19.444,19.444,19.444,19.444,19.444,19.444,19.444,19.444,19.444,19.444,19.444,19.444,19.444,19.444,19.444,19.444,19.444,19.444,19.444,19.444,19.444
1983-04-01,21.1,21.1,21.1,21.1,21.1,21.1,21.1,21.1,21.1,21.1,21.1,21.1,21.1,21.1,21.1,21.1,21.1,21.1,21.1,21.1,21.1,21.1,21.1,21.1,21.1,21.1,21.1,21.1,21.1,21.1,21.1,21.1,21.1,21.1,21.1,21.1,21.1,21.136,21.136,21.136,21.136,21.136,21.136,21.136,21.136,21.136,21.136,21.136,21.136,21.136,21.136,21.136,21.136,21.136,21.136,21.136,21.136,21.136,21.136,21.136,21.136,21.136,21.136,21.136,21.136
1983-07-01,21.8,21.8,21.8,21.8,21.8,21.8,21.8,21.8,21.8,21.8,21.8,21.8,21.8,21.8,21.8,21.8,21.8,21.8,21.8,21.8,21.8,21.8,21.8,21.8,21.8,21.8,21.8,21.8,21.8,21.8,21.8,21.8,21.8,21.8,21.8,21.8,21.8,21.756,21.756,21.756,21.756,21.756,21.756,21.756,21.756,21.756,21.756,21.756,21.756,21.756,21.756,21.756,21.756,21.756,21.756,21.756,21.756,21.756,21.756,21.756,21.756,21.756,21.756,21.756,21.756
1983-10-01,21.1,21.1,21.1,21.1,21.1,21.1,21.1,21.1,21.1,21.1,21.1,21.1,21.1,21.1,21.1,21.1,21.1,21.1,21.1,21.1,21.1,21.1,21.1,21.1,21.1,21.1,21.1,21.1,21.1,21.1,21.1,21.1,21.1,21.1,21.1,21.1,21.1,21.112,21.112,21.112,21.112,21.112,21.112,21.112,21.112,21.112,21.112,21.112,21.112,21.112,21.112,21.112,21.112,21.112,21.112,21.112,21.112,21.112,21.112,21.112,21.112,21.112,21.112,21.112,21.112
1984-01-01,20.8,20.8,20.8,20.8,20.8,20.8,20.8,20.8,20.8,20.8,20.8,20.8,20.8,20.8,20.8,20.8,20.8,20.8,20.8,20.8,20.8,20.8,20.8,20.8,20.8,20.8,20.8,20.8,20.8,20.8,20.8,20.8,20.8,20.8,20.8,20.8,20.8,20.812,20.812,20.812,20.812,20.812,20.812,20.812,20.812,20.812,20.812,20.812,20.812,20.812,20.812,20.812,20.812,20.812,20.812,20.812,20.812,20.812,20.812,20.812,20.812,20.812,20.812,20.812,20.812
1984-04-01,20.6,20.6,20.6,20.6,20.6,20.6,20.6,20.6,20.6,20.6,20.6,20.6,20.6,20.6,20.6,20.6,20.6,20.6,20.6,20.6,20.6,20.6,20.6,20.6,20.6,20.6,20.6,20.6,20.6,20.6,20.6,20.6,20.6,20.6,20.6,20.6,20.6,20.604,20.604,20.604,20.604,20.604,20.604,20.604,20.604,20.604,20.604,20.604,20.604,20.604,20.604,20.604,20.604,20.604,20.604,20.604,20.604,20.604,20.604,20.604,20.604,20.604,20.604,20.604,20.604
1984-07-01,20.5,20.5,20.5,20.5,20.5,20.5,20.5,20.5,20.5,20.5,20.5,20.5,20.5,20.5,20.5,20.5,20.5,20.5,20.5,20.5,20.5,20.5,20.5,20.5,20.5,20.5,20.5,20.5,20.5,20.5,20.5,20.5,20.5,20.5,20.5,20.5,20.5,20.504,20.504,20.504,20.504,20.504,20.504,20.504,20.504,20.504,20.504,20.504,20.504,20.504,20.504,20.504,20.504,20.504,20.504,20.504,20.504,20.504,20.504,20.504,20.504,20.504,20.504,20.504,20.504
1984-10-01,20.8,20.8,20.8,20.8,20.8,20.8,20.8,20.8,20.8,20.8,20.8,20.8,20.8,20.8,20.8,20.8,20.8,20.8,20.8,20.8,20.8,20.8,20.8,20.8,20.8,20.8,20.8,20.8,20.8,20.8,20.8,20.8,20.8,20.8,20.8,20.8,20.8,20.8,20.8,20.8,20.8,20.8,20.8,20.8,20.8,20.8,20.8,20.8,20.8,20.8,20.8,20.8,20.8,20.8,20.8,20.8,20.8,20.8,20.8,20.8,20.8,20.8,20.8,20.8,20.8
1985-01-01,20.8,20.8,20.8,20.8,20.8,20.8,20.8,20.8,20.8,20.8,20.8,20.8,20.8,20.8,20.8,20.8,20.8,20.8,20.8,20.8,20.8,20.8,20.8,20.8,20.8,20.8,20.8,20.8,20.8,20.8,20.8,20.8,20.8,20.8,20.8,20.8,20.8,20.776,20.776,20.776,20.776,20.776,20.776,20.776,20.776,20.776,20.776,20.776,20.776,20.776,20.776,20.776,20.776,20.776,20.776,20.776,20.776,20.776,20.776,20.776,20.776,20.776,20.776,20.776,20.776
1985-04-01,20.7,20.7,20.7,20.7,20.7,20.7,20.7,20.7,20.7,20.7,20.7,20.7,20.7,20.7,20.7,20.7,20.7,20.7,20.7,20.7,20.7,20.7,20.7,20.7,20.7,20.7,20.7,20.7,20.7,20.7,20.7,20.7,20.7,20.7,20.7,20.7,20.7,20.664,20.664,20.664,20.664,20.664,20.664,20.664,20.664,20.664,20.664,20.664,20.664,20.664,20.664,20.664,20.664,20.664,20.664,20.664,20.664,20.664,20.664,20.664,20.664,20.664,20.664,20.664,20.664
1985-07-01,21.0,21.0,21.0,21.0,21.0,21.0,21.0,21.0,21.0,21.0,21.0,21.0,21.0,21.0,21.0,21.0,21.0,21.0,21.0,21.0,21.0,21.0,21.0,21.0,21.0,21.0,21.0,21.0,21.0,21.0,21.0,21.0,21.0,21.0,21.0,21.0,21.0,21.012,21.012,21.012,21.012,21.012,21.012,21.012,21.012,21.012,21.012,21.012,21.012,21.012,21.012,21.012,21.012,21.012,21.012,21.012,21.012,21.012,21.012,21.012,21.012,21.012,21.012,21.012,21.012
1985-10-01,21.7,21.7,21.7,21.7,21.7,21.7,21.7,21.7,21.7,21.7,21.7,21.7,21.7,21.7,21.7,21.7,21.7,21.7,21.7,21.7,21.7,21.7,21.7,21.7,21.7,21.7,21.7,21.7,21.7,21.7,21.7,21.7,21.7,21.7,21.7,21.7,21.7,21.68,21.68,21.68,21.68,21.68,21.68,21.68,21.68,21.68,21.68,21.68,21.68,21.68,21.68,21.68,21.68,21.68,21.68,21.68,21.68,21.68,21.68,21.68,21.68,21.68,21.68,21.68,21.68
1986-01-01,22.8,22.8,22.8,22.8,22.8,22.8,22.8,22.8,22.8,22.8,22.8,22.8,22.8,22.8,22.8,22.8,22.8,22.8,22.8,22.8,22.8,22.8,22.8,22.8,22.8,22.8,22.8,22.8,22.8,22.8,22.8,22.8,22.8,22.8,22.8,22.8,22.8,22.788,22.788,22.788,22.788,22.788,22.788,22.788,22.788,22.788,22.788,22.788,22.788,22.788,22.788,22.788,22.788,22.788,22.788,22.788,22.788,22.788,22.788,22.788,22.788,22.788,22.788,22.788,22.788
1986-04-01,23.9,23.9,23.9,23.9,23.9,23.9,23.9,23.9,23.9,23.9,23.9,23.9,23.9,23.9,23.9,23.9,23.9,23.9,23.9,23.9,23.9,23.9,23.9,23.9,23.9,23.9,23.9,23.9,23.9,23.9,23.9,23.9,23.9,23.9,23.9,23.9,23.9,23.876,23.876,23.876,23.876,23.876,23.876,23.876,23.876,23.876,23.876,23.876,23.876,23.876,23.876,23.876,23.876,23.876,23.876,23.876,23.876,23.876,23.876,23.876,23.876,23.876,23.876,23.876,23.876
1986-07-01,25.1,25.1,25.1,25.1,25.1,25.1,25.1,25.1,25.1,25.1,25.1,25.1,25.1,25.1,25.1,25.1,25.1,25.1,25.1,25.1,25.1,25.1,25.1,25.1,25.1,25.1,25.1,25.1,25.1,25.1,25.1,25.1,25.1,25.1,25.1,25.1,25.1,25.148,25.148,25.148,25.148,25.148,25.148,25.148,25.148,25.148,25.148,25.148,25.148,25.148,25.148,25.148,25.148,25.148,25.148,25.148,25.148,25.148,25.148,25.148,25.148,25.148,25.148,25.148,25.148
1986-10-01,26.5,26.5,26.5,26.5,26.5,26.5,26.5,26.5,26.5,26.5,26.5,26.5,26.5,26.5,26.5,26.5,26.5,26.5,26.5,26.5,26.5,26.5,26.5,26.5,26.5,26.5,26.5,26.5,26.5,26.5,26.5,26.5,26.5,26.5,26.5,26.5,26.5,26.544,26.544,26.544,26.544,26.544,26.544,26.544,26.544,26.544,26.544,26.544,26.544,26.544,26.544,26.544,26.544,26.544,26.544,26.544,26.544,26.544,26.544,26.544,26.544,26.544,26.544,26.544,26.544
1987-01-01,28.0,28.0,28.0,28.0,28.0,28.0,28.0,28.0,28.0,28.0,28.0,28.0,28.0,28.0,28.0,28.0,28.0,28.0,28.0,28.0,28.0,28.0,28.0,28.0,28.0,28.0,28.0,28.0,28.0,28.0,28.0,28.0,28.0,28.0,28.0,28.0,28.0,28.012,28.012,28.012,28.012,28.012,28.012,28.012,28.012,28.012,28.012,28.012,28.012,28.012,28.012,28.012,28.012,28.012,28.012,28.012,28.012,28.012,28.012,28.012,28.012,28.012,28.012,28.012,28.012
1987-04-01,30.2,30.2,30.2,30.2,30.2,30.2,30.2,30.2,30.2,30.2,30.2,30.2,30.2,30.2,30.2,30.2,30.2,30.2,30.2,30.2,30.2,30.2,30.2,30.2,30.2,30.2,30.2,30.2,30.2,30.2,30.2,30.2,30.2,30.2,30.2,30.2,30.2,30.176,30.176,30.176,30.176,30.176,30.176,30.176,30.176,30.176,30.176,30.176,30.176,30.176,30.176,30.176,30.176,30.176,30.176,30.176,30.176,30.176,30.176,30.176,30.176,30.176,30.176,30.176,30.176
1987-07-01,31.0,31.0,31.0,31.0,31.0,31.0,31.0,31.0,31.0,31.0,31.0,31.0,31.0,31.0,31.0,31.0,31.0,31.0,31.0,31.0,31.0,31.0,31.0,31.0,31.0,31.0,31.0,31.0,31.0,31.0,31.0,31.0,31.0,31.0,31.0,31.0,31.0,31.032,31.032,31.032,31.032,31.032,31.032,31.032,31.032,31.032,31.032,31.032,31.032,31.032,31.032,31.032,31.032,31.032,31.032,31.032,31.032,31.032,31.032,31.032,31.032,31.032,31.032,31.032,31.032
1987-10-01,30.8,30.8,30.8,30.8,30.8,30.8,30.8,30.8,30.8,30.8,30.8,30.8,30.8,30.8,30.8,30.8,30.8,30.8,30.8,30.8,30.8,30.8,30.8,30.8,30.8,30.8,30.8,30.8,30.8,30.8,30.8,30.8,30.8,30.8,30.8,30.8,30.8,30.808,30.808,30.808,30.808,30.808,30.808,30.808,30.808,30.808,30.808,30.808,30.808,30.808,30.808,30.808,30.808,30.808,30.808,30.808,30.808,30.808,30.808,30.808,30.808,30.808,30.808,30.808,30.808
1988-01-01,30.0,30.0,30.0,30.0,30.0,30.0,30.0,30.0,30.0,30.0,30.0,30.0,30.0,30.0,30.0,30.0,30.0,30.0,30.0,30.0,30.0,30.0,30.0,30.0,30.0,30.0,30.0,30.0,30.0,30.0,30.0,30.0,30.0,30.0,30.0,30.0,30.0,30.044,30.044,30.044,30.044,30.044,30.044,30.044,30.044,30.044,30.044,30.044,30.044,30.044,30.044,30.044,30.044,30.044,30.044,30.044,30.044,30.044,30.044,30.044,30.044,30.044,30.044,30.044,30.044
1988-04-01,29.5,29.5,29.5,29.5,29.5,29.5,29.5,29.5,29.5,29.5,29.5,29.5,29.5,29.5,29.5,29.5,29.5,29.5,29.5,29.5,29.5,29.5,29.5,29.5,29.5,29.5,29.5,29.5,29.5,29.5,29.5,29.5,29.5,29.5,29.5,29.5,29.5,29.496,29.496,29.496,29.496,29.496,29.496,29.496,29.496,29.496,29.496,29.496,29.496,29.496,29.496,29.496,29.496,29.496,29.496,29.496,29.496,29.496,29.496,29.496,29.496,29.496,29.496,29.496,29.496
1988-07-01,28.9,28.9,28.9,28.9,28.9,28.9,28.9,28.9,28.9,28.9,28.9,28.9,28.9,28.9,28.9,28.9,28.9,28.9,28.9,28.9,28.9,28.9,28.9,28.9,28.9,28.9,28.9,28.9,28.9,28.9,28.9,28.9,28.9,28.9,28.9,28.9,28.9,28.872,28.872,28.872,28.872,28.872,28.872,28.872,28.872,28.872,28.872,28.872,28.872,28.872,28.872,28.872,28.872,28.872,28.872,28.872,28.872,28.872,28.872,28.872,28.872,28.872,28.872,28.872,28.872
1988-10-01,28.2,28.2,28.2,28.2,28.2,28.2,28.2,28.2,28.2,28.2,28.2,28.2,28.2,28.2,28.2,28.2,28.2,28.2,28.2,28.2,28.2,28.2,28.2,28.2,28.2,28.2,28.2,28.2,28.2,28.2,28.2,28.2,28.2,28.2,28.2,28.2,28.2,28.188,28.188,28.188,28.188,28.188,28.188,28.188,28.188,28.188,28.188,28.188,28.188,28.188,28.188,28.188,28.188,28.188,28.188,28.188,28.188,28.188,28.188,28.188,28.188,28.188,28.188,28.188,28.188
1989-01-01,27.6,27.6,27.6,27.6,27.6,27.6,27.6,27.6,27.6,27.6,27.6,27.6,27.6,27.6,27.6,27.6,27.6,27.6,27.6,27.6,27.6,27.6,27.6,27.6,27.6,27.6,27.6,27.6,27.6,27.6,27.6,27.6,27.6,27.6,27.6,27.6,27.6,27.576,27.576,27.576,27.576,27.576,27.576,27.576,27.576,27.576,27.576,27.576,27.576,27.576,27.576,27.576,27.576,27.576,27.576,27.576,27.576,27.576,27.576,27.576,27.576,27.576,27.576,27.576,27.576
1989-04-01,27.0,27.0,27.0,27.0,27.0,27.0,27.0,27.0,27.0,27.0,27.0,27.0,27.0,27.0,27.0,27.0,27.0,27.0,27.0,27.0,27.0,27.0,27.0,27.0,27.0,27.0,27.0,27.0,27.0,27.0,27.0,27.0,27.0,27.0,27.0,27.0,27.0,27.012,27.012,27.012,27.012,27.012,27.012,27.012,27.012,27.012,27.012,27.012,27.012,27.012,27.012,27.012,27.012,27.012,27.012,27.012,27.012,27.012,27.012,27.012,27.012,27.012,27.012,27.012,27.012
1989-07-01,26.7,26.7,26.7,26.7,26.7,26.7,26.7,26.7,26.7,26.7,26.7,26.7,26.7,26.7,26.7,26.7,26.7,26.7,26.7,26.7,26.7,26.7,26.7,26.7,26.7,26.7,26.7,26.7,26.7,26.7,26.7,26.7,26.7,26.7,26.7,26.7,26.7,26.72,26.72,26.72,26.72,26.72,26.72,26.72,26.72,26.72,26.72,26.72,26.72,26.72,26.72,26.72,26.72,26.72,26.72,26.72,26.72,26.72,26.72,26.72,26.72,26.72,26.72,26.72,26.72
1989-10-01,26.9,26.9,26.9,26.9,26.9,26.9,26.9,26.9,26.9,26.9,26.9,26.9,26.9,26.9,26.9,26.9,26.9,26.9,26.9,26.9,26.9,26.9,26.9,26.9,26.9,26.9,26.9,26.9,26.9,26.9,26.9,26.9,26.9,26.9,26.9,26.9,26.9,26.9,26.9,26.9,26.9,26.9,26.9,26.9,26.9,26.9,26.9,26.9,26.9,26.9,26.9,26.9,26.9,26.9,26.9,26.9,26.9,26.9,26.9,26.9,26.9,26.9,26.9,26.9,26.9
1990-01-01,26.8,26.8,26.8,26.8,26.8,26.8,26.8,26.8,26.8,26.8,26.8,26.8,26.8,26.8,26.8,26.8,26.8,26.8,26.8,26.8,26.8,26.8,26.8,26.8,26.8,26.8,26.8,26.8,26.8,26.8,26.8,26.8,26.8,26.8,26.8,26.8,26.8,26.756,26.756,26.756,26.756,26.756,26.756,26.756,26.756,26.756,26.756,26.756,26.756,26.756,26.756,26.756,26.756,26.756,26.756,26.756,26.756,26.756,26.756,26.756,26.756,26.756,26.756,26.756,26.756
1990-04-01,26.6,26.6,26.6,26.6,26.6,26.6,26.6,26.6,26.6,26.6,26.6,26.6,26.6,26.6,26.6,26.6,26.6,26.6,26.6,26.6,26.6,26.6,26.6,26.6,26.6,26.6,26.6,26.6,26.6,26.6,26.6,26.6,26.6,26.6,26.6,26.6,26.6,26.58,26.58,26.58,26.58,26.58,26.58,26.58,26.58,26.58,26.58,26.58,26.58,26.58,26.58,26.58,26.58,26.58,26.58,26.58,26.58,26.58,26.58,26.58,26.58,26.58,26.58,26.58,26.58
1990-07-01,26.6,26.6,26.6,26.6,26.6,26.6,26.6,26.6,26.6,26.6,26.6,26.6,26.6,26.6,26.6,26.6,26.6,26.6,26.6,26.6,26.6,26.6,26.6,26.6,26.6,26.6,26.6,26.6,26.6,26.6,26.6,26.6,26.6,26.6,26.6,26.6,26.6,26.556,26.556,26.556,26.556,26.556,26.556,26.556,26.556,26.556,26.556,26.556,26.556,26.556,26.556,26.556,26.556,26.556,26.556,26.556,26.556,26.556,26.556,26.556,26.556,26.556,26.556,26.556,26.556
1990-10-01,26.6,26.6,26.6,26.6,26.6,26.6,26.6,26.6,26.6,26.6,26.6,26.6,26.6,26.6,26.6,26.6,26.6,26.6,26.6,26.6,26.6,26.6,26.6,26.6,26.6,26.6,26.6,26.6,26.6,26.6,26.6,26.6,26.6,26.6,26.6,26.6,26.6,26.584,26.584,26.584,26.584,26.584,26.584,26.584,26.584,26.584,26.584,26.584,26.584,26.584,26.584,26.584,26.584,26.584,26.584,26.584,26.584,26.584,26.584,26.584,26.584,26.584,26.584,26.584,26.584
1991-01-01,26.7,26.7,26.7,26.7,26.7,26.7,26.7,26.7,26.7,26.7,26.7,26.7,26.7,26.7,26.7,26.7,26.7,26.7,26.7,26.7,26.7,26.7,26.7,26.7,26.7,26.7,26.7,26.7,26.7,26.7,26.7,26.7,26.7,26.7,26.7,26.7,26.7,26.732,26.732,26.732,26.732,26.732,26.732,26.732,26.732,26.732,26.732,26.732,26.732,26.732,26.732,26.732,26.732,26.732,26.732,26.732,26.732,26.732,26.732,26.732,26.732,26.732,26.732,26.732,26.732
1991-04-01,26.8,26.8,26.8,26.8,26.8,26.8,26.8,26.8,26.8,26.8,26.8,26.8,26.8,26.8,26.8,26.8,26.8,26.8,26.8,26.8,26.8,26.8,26.8,26.8,26.8,26.8,26.8,26.8,26.8,26.8,26.8,26.8,26.8,26.8,26.8,26.8,26.8,26.8,26.8,26.8,26.8,26.8,26.8,26.8,26.8,26.8,26.8,26.8,26.8,26.8,26.8,26.8,26.8,26.8,26.8,26.8,26.8,26.8,26.8,26.8,26.8,26.8,26.8,26.8,26.8
1991-07-01,27.1,27.1,27.1,27.1,27.1,27.1,27.1,27.1,27.1,27.1,27.1,27.1,27.1,27.1,27.1,27.1,27.1,27.1,27.1,27.1,27.1,27.1,27.1,27.1,27.1,27.1,27.1,27.1,27.1,27.1,27.1,27.1,27.1,27.1,27.1,27.1,27.1,27.088,27.088,27.088,27.088,27.088,27.088,27.088,27.088,27.088,27.088,27.088,27.088,27.088,27.088,27.088,27.088,27.088,27.088,27.088,27.088,27.088,27.088,27.088,27.088,27.088,27.088,27.088,27.088
1991-10-01,27.7,27.7,27.7,27.7,27.7,27.7,27.7,27.7,27.7,27.7,27.7,27.7,27.7,27.7,27.7,27.7,27.7,27.7,27.7,27.7,27.7,27.7,27.7,27.7,27.7,27.7,27.7,27.7,27.7,27.7,27.7,27.7,27.7,27.7,27.7,27.7,27.7,27.684,27.684,27.684,27.684,27.684,27.684,27.684,27.684,27.684,27.684,27.684,27.684,27.684,27.684,27.684,27.684,27.684,27.684,27.684,27.684,27.684,27.684,27.684,27.684,27.684,27.684,27.684,27.684
1992-01-01,28.2,28.2,28.2,28.2,28.2,28.2,28.2,28.2,28.2,28.2,28.2,28.2,28.2,28.2,28.2,28.2,28.2,28.2,28.2,28.2,28.2,28.2,28.2,28.2,28.2,28.2,28.2,28.2,28.2,28.2,28.2,28.2,28.2,28.2,28.2,28.2,28.2,28.176,28.176,28.176,28.176,28.176,28.176,28.176,28.176,28.176,28.176,28.176,28.176,28.176,28.176,28.176,28.176,28.176,28.176,28.176,28.176,28.176,28.176,28.176,28.176,28.176,28.176,28.176,28.176
1992-04-01,28.8,28.8,28.8,28.8,28.8,28.8,28.8,28.8,28.8,28.8,28.8,28.8,28.8,28.8,28.8,28.8,28.8,28.8,28.8,28.8,28.8,28.8,28.8,28.8,28.8,28.8,28.8,28.8,28.8,28.8,28.8,28.8,28.8,28.8,28.8,28.8,28.8,28.832,28.832,28.832,28.832,28.832,28.832,28.832,28.832,28.832,28.832,28.832,28.832,28.832,28.832,28.832,28.832,28.832,28.832,28.832,28.832,28.832,28.832,28.832,28.832,28.832,28.832,28.832,28.832
1992-07-01,30.0,30.0,30.0,30.0,30.0,30.0,30.0,30.0,30.0,30.0,30.0,30.0,30.0,30.0,30.0,30.0,30.0,30.0,30.0,30.0,30.0,30.0,30.0,30.0,30.0,30.0,30.0,30.0,30.0,30.0,30.0,30.0,30.0,30.0,30.0,30.0,30.0,30.008,30.008,30.008,30.008,30.008,30.008,30.008,30.008,30.008,30.008,30.008,30.008,30.008,30.008,30.008,30.008,30.008,30.008,30.008,30.008,30.008,30.008,30.008,30.008,30.008,30.008,30.008,30.008
1992-10-01,31.8,31.8,31.8,31.8,31.8,31.8,31.8,31.8,31.8,31.8,31.8,31.8,31.8,31.8,31.8,31.8,31.8,31.8,31.8,31.8,31.8,31.8,31.8,31.8,31.8,31.8,31.8,31.8,31.8,31.8,31.8,31.8,31.8,31.8,31.8,31.8,31.8,31.784,31.784,31.784,31.784,31.784,31.784,31.784,31.784,31.784,31.784,31.784,31.784,31.784,31.784,31.784,31.784,31.784,31.784,31.784,31.784,31.784,31.784,31.784,31.784,31.784,31.784,31.784,31.784
1993-01-01,35.1,35.1,35.1,35.1,35.1,35.1,35.1,35.1,35.1,35.1,35.1,35.1,35.1,35.1,35.1,35.1,35.1,35.1,35.1,35.1,35.1,35.1,35.1,35.1,35.1,35.1,35.1,35.1,35.1,35.1,35.1,35.1,35.1,35.1,35.1,35.1,35.1,35.096,35.096,35.096,35.096,35.096,35.096,35.096,35.096,35.096,35.096,35.096,35.096,35.096,35.096,35.096,35.096,35.096,35.096,35.096,35.096,35.096,35.096,35.096,35.096,35.096,35.096,35.096,35.096
1993-04-01,37.2,37.2,37.2,37.2,37.2,37.2,37.2,37.2,37.2,37.2,37.2,37.2,37.2,37.2,37.2,37.2,37.2,37.2,37.2,37.2,37.2,37.2,37.2,37.2,37.2,37.2,37.2,37.2,37.2,37.2,37.2,37.2,37.2,37.2,37.2,37.2,37.2,37.192,37.192,37.192,37.192,37.192,37.192,37.192,37.192,37.192,37.192,37.192,37.192,37.192,37.192,37.192,37.192,37.192,37.192,37.192,37.192,37.192,37.192,37.192,37.192,37.192,37.192,37.192,37.192
1993-07-01,37.3,37.3,37.3,37.3,37.3,37.3,37.3,37.3,37.3,37.3,37.3,37.3,37.3,37.3,37.3,37.3,37.3,37.3,37.3,37.3,37.3,37.3,37.3,37.3,37.3,37.3,37.3,37.3,37.3,37.3,37.3,37.3,37.3,37.3,37.3,37.3,37.3,37.328,37.328,37.328,37.328,37.328,37.328,37.328,37.328,37.328,37.328,37.328,37.328,37.328,37.328,37.328,37.328,37.328,37.328,37.328,37.328,37.328,37.328,37.328,37.328,37.328,37.328,37.328,37.328
1993-10-01,35.7,35.7,35.7,35.7,35.7,35.7,35.7,35.7,35.7,35.7,35.7,35.7,35.7,35.7,35.7,35.7,35.7,35.7,35.7,35.7,35.7,35.7,35.7,35.7,35.7,35.7,35.7,35.7,35.7,35.7,35.7,35.7,35.7,35.7,35.7,35.7,35.7,35.656,35.656,35.656,35.656,35.656,35.656,35.656,35.656,35.656,35.656,35.656,35.656,35.656,35.656,35.656,35.656,35.656,35.656,35.656,35.656,35.656,35.656,35.656,35.656,35.656,35.656,35.656,35.656
1994-01-01,33.2,33.2,33.2,33.2,33.2,33.2,33.2,33.2,33.2,33.2,33.2,33.2,33.2,33.2,33.2,33.2,33.2,33.2,33.2,33.2,33.2,33.2,33.2,33.2,33.2,33.2,33.2,33.2,33.2,33.2,33.2,33.2,33.2,33.2,33.2,33.2,33.2,33.216,33.216,33.216,33.216,33.216,33.216,33.216,33.216,33.216,33.216,33.216,33.216,33.216,33.216,33.216,33.216,33.216,33.216,33.216,33.216,33.216,33.216,33.216,33.216,33.216,33.216,33.216,33.216
1994-04-01,32.0,32.0,32.0,32.0,32.0,32.0,32.0,32.0,32.0,32.0,32.0,32.0,32.0,32.0,32.0,32.0,32.0,32.0,32.0,32.0,32.0,32.0,32.0,32.0,32.0,32.0,32.0,32.0,32.0,32.0,32.0,32.0,32.0,32.0,32.0,32.0,32.0,32.032,32.032,32.032,32.032,32.032,32.032,32.032,32.032,32.032,32.032,32.032,32.032,32.032,32.032,32.032,32.032,32.032,32.032,32.032,32.032,32.032,32.032,32.032,32.032,32.032,32.032,32.032,32.032
1994-07-01,31.6,31.6,31.6,31.6,31.6,31.6,31.6,31.6,31.6,31.6,31.6,31.6,31.6,31.6,31.6,31.6,31.6,31.6,31.6,31.6,31.6,31.6,31.6,31.6,31.6,31.6,31.6,31.6,31.6,31.6,31.6,31.6,31.6,31.6,31.6,31.6,31.6,31.608,31.608,31.608,31.608,31.608,31.608,31.608,31.608,31.608,31.608,31.608,31.608,31.608,31.608,31.608,31.608,31.608,31.608,31.608,31.608,31.608,31.608,31.608,31.608,31.608,31.608,31.608,31.608
1994-10-01,31.9,31.9,31.9,31.9,31.9,31.9,31.9,31.9,31.9,31.9,31.9,31.9,31.9,31.9,31.9,31.9,31.9,31.9,31.9,31.9,31.9,31.9,31.9,31.9,31.9,31.9,31.9,31.9,31.9,31.9,31.9,31.9,31.9,31.9,31.9,31.9,31.9,31.876,31.876,31.876,31.876,31.876,31.876,31.876,31.876,31.876,31.876,31.876,31.876,31.876,31.876,31.876,31.876,31.876,31.876,31.876,31.876,31.876,31.876,31.876,31.876,31.876,31.876,31.876,31.876
1995-01-01,33.6,33.6,33.6,33.6,33.6,33.6,33.6,33.6,33.6,33.6,33.6,33.6,33.6,33.6,33.6,33.6,33.6,33.6,33.6,33.6,33.6,33.6,33.6,33.6,33.6,33.6,33.6,33.6,33.6,33.6,33.6,33.6,33.6,33.6,33.6,33.6,33.6,33.648,33.648,33.648,33.648,33.648,33.648,33.648,33.648,33.648,33.648,33.648,33.648,33.648,33.648,33.648,33.648,33.648,33.648,33.648,33.648,33.648,33.648,33.648,33.648,33.648,33.648,33.648,33.648
1995-04-01,34.3,34.3,34.3,34.3,34.3,34.3,34.3,34.3,34.3,34.3,34.3,34.3,34.3,34.3,34.3,34.3,34.3,34.3,34.3,34.3,34.3,34.3,34.3,34.3,34.3,34.3,34.3,34.3,34.3,34.3,34.3,34.3,34.3,34.3,34.3,34.3,34.3,34.304,34.304,34.304,34.304,34.304,34.304,34.304,34.304,34.304,34.304,34.304,34.304,34.304,34.304,34.304,34.304,34.304,34.304,34.304,34.304,34.304,34.304,34.304,34.304,34.304,34.304,34.304,34.304
1995-07-01,34.8,34.8,34.8,34.8,34.8,34.8,34.8,34.8,34.8,34.8,34.8,34.8,34.8,34.8,34.8,34.8,34.8,34.8,34.8,34.8,34.8,34.8,34.8,34.8,34.8,34.8,34.8,34.8,34.8,34.8,34.8,34.8,34.8,34.8,34.8,34.8,34.8,34.84,34.84,34.84,34.84,34.84,34.84,34.84,34.84,34.84,34.84,34.84,34.84,34.84,34.84,34.84,34.84,34.84,34.84,34.84,34.84,34.84,34.84,34.84,34.84,34.84,34.84,34.84,34.84
1995-10-01,35.2,35.2,35.2,35.2,35.2,35.2,35.2,35.2,35.2,35.2,35.2,35.2,35.2,35.2,35.2,35.2,35.2,35.2,35.2,35.2,35.2,35.2,35.2,35.2,35.2,35.2,35.2,35.2,35.2,35.2,35.2,35.2,35.2,35.2,35.2,35.2,35.2,35.216,35.216,35.216,35.216,35.216,35.216,35.216,35.216,35.216,35.216,35.216,35.216,35.216,35.216,35.216,35.216,35.216,35.216,35.216,35.216,35.216,35.216,35.216,35.216,35.216,35.216,35.216,35.216
1996-01-01,35.2,35.2,35.2,35.2,35.2,35.2,35.2,35.2,35.2,35.2,35.2,35.2,35.2,35.2,35.2,35.2,35.2,35.2,35.2,35.2,35.2,35.2,35.2,35.2,35.2,35.2,35.2,35.2,35.2,35.2,35.2,35.2,35.2,35.2,35.2,35.2,35.2,35.196,35.196,35.196,35.196,35.196,35.196,35.196,35.196,35.196,35.196,35.196,35.196,35.196,35.196,35.196,35.196,35.196,35.196,35.196,35.196,35.196,35.196,35.196,35.196,35.196,35.196,35.196,35.196
1996-04-01,35.1,35.1,35.1,35.1,35.1,35.1,35.1,35.1,35.1,35.1,35.1,35.1,35.1,35.1,35.1,35.1,35.1,35.1,35.1,35.1,35.1,35.1,35.1,35.1,35.1,35.1,35.1,35.1,35.1,35.1,35.1,35.1,35.1,35.1,35.1,35.1,35.1,35.116,35.116,35.116,35.116,35.116,35.116,35.116,35.116,35.116,35.116,35.116,35.116,35.116,35.116,35.116,35.116,35.116,35.116,35.116,35.116,35.116,35.116,35.116,35.116,35.116,35.116,35.116,35.116
1996-07-01,34.9,34.9,34.9,34.9,34.9,34.9,34.9,34.9,34.9,34.9,34.9,34.9,34.9,34.9,34.9,34.9,34.9,34.9,34.9,34.9,34.9,34.9,34.9,34.9,34.9,34.9,34.9,34.9,34.9,34.9,34.9,34.9,34.9,34.9,34.9,34.9,34.9,34.856,34.856,34.856,34.856,34.856,34.856,34.856,34.856,34.856,34.856,34.856,34.856,34.856,34.856,34.856,34.856,34.856,34.856,34.856,34.856,34.856,34.856,34.856,34.856,34.856,34.856,34.856,34.856
1996-10-01,34.4,34.4,34.4,34.4,34.4,34.4,34.4,34.4,34.4,34.4,34.4,34.4,34.4,34.4,34.4,34.4,34.4,34.4,34.4,34.4,34.4,34.4,34.4,34.4,34.4,34.4,34.4,34.4,34.4,34.4,34.4,34.4,34.4,34.4,34.4,34.4,34.4,34.444,34.444,34.444,34.444,34.444,34.444,34.444,34.444,34.444,34.444,34.444,34.444,34.444,34.444,34.444,34.444,34.444,34.444,34.444,34.444,34.444,34.444,34.444,34.444,34.444,34.444,34.444,34.444
1997-01-01,34.0,34.0,34.0,34.0,34.0,34.0,34.0,34.0,34.0,34.0,34.0,34.0,34.0,34.0,34.0,34.0,34.0,34.0,34.0,34.0,34.0,34.0,34.0,34.0,34.0,34.0,34.0,34.0,34.0,34.0,34.0,34.0,34.0,34.0,34.0,34.0,34.0,33.968,33.968,33.968,33.968,33.968,33.968,33.968,33.968,33.968,33.968,33.968,33.968,33.968,33.968,33.968,33.968,33.968,33.968,33.968,33.968,33.968,33.968,33.968,33.968,33.968,33.968,33.968,33.968
1997-04-01,33.2,33.2,33.2,33.2,33.2,33.2,33.2,33.2,33.2,33.2,33.2,33.2,33.2,33.2,33.2,33.2,33.2,33.2,33.2,33.2,33.2,33.2,33.2,33.2,33.2,33.2,33.2,33.2,33.2,33.2,33.2,33.2,33.2,33.2,33.2,33.2,33.2,33.216,33.216,33.216,33.216,33.216,33.216,33.216,33.216,33.216,33.216,33.216,33.216,33.216,33.216,33.216,33.216,33.216,33.216,33.216,33.216,33.216,33.216,33.216,33.216,33.216,33.216,33.216,33.216
1997-07-01,33.0,33.0,33.0,33.0,33.0,33.0,33.0,33.0,33.0,33.0,33.0,33.0,33.0,33.0,33.0,33.0,33.0,33.0,33.0,33.0,33.0,33.0,33.0,33.0,33.0,33.0,33.0,33.0,33.0,33.0,33.0,33.0,33.0,33.0,33.0,33.0,33.0,32.984,32.984,32.984,32.984,32.984,32.984,32.984,32.984,32.984,32.984,32.984,32.984,32.984,32.984,32.984,32.984,32.984,32.984,32.984,32.984,32.984,32.984,32.984,32.984,32.984,32.984,32.984,32.984
1997-10-01,33.3,33.3,33.3,33.3,33.3,33.3,33.3,33.3,33.3,33.3,33.3,33.3,33.3,33.3,33.3,33.3,33.3,33.3,33.3,33.3,33.3,33.3,33.3,33.3,33.3,33.3,33.3,33.3,33.3,33.3,33.3,33.3,33.3,33.3,33.3,33.3,33.3,33.328,33.328,33.328,33.328,33.328,33.328,33.328,33.328,33.328,33.328,33.328,33.328,33.328,33.328,33.328,33.328,33.328,33.328,33.328,33.328,33.328,33.328,33.328,33.328,33.328,33.328,33.328,33.328
1998-01-01,33.4,33.4,33.4,33.4,33.4,33.4,33.4,33.4,33.4,33.4,33.4,33.4,33.4,33.4,33.4,33.4,33.4,33.4,33.4,33.4,33.4,33.4,33.4,33.4,33.4,33.4,33.4,33.4,33.4,33.4,33.4,33.4,33.4,33.4,33.4,33.4,33.4,33.356,33.356,33.356,33.356,33.356,33.356,33.356,33.356,33.356,33.356,33.356,33.356,33.356,33.356,33.356,33.356,33.356,33.356,33.356,33.356,33.356,33.356,33.356,33.356,33.356,33.356,33.356,33.356
1998-04-01,34.6,34.6,34.6,34.6,34.6,34.6,34.6,34.6,34.6,34.6,34.6,34.6,34.6,34.6,34.6,34.6,34.6,34.6,34.6,34.6,34.6,34.6,34.6,34.6,34.6,34.6,34.6,34.6,34.6,34.6,34.6,34.6,34.6,34.6,34.6,34.6,34.6,34.556,34.556,34.556,34.556,34.556,34.556,34.556,34.556,34.556,34.556,34.556,34.556,34.556,34.556,34.556,34.556,34.556,34.556,34.556,34.556,34.556,34.556,34.556,34.556,34.556,34.556,34.556,34.556
1998-07-01,36.3,36.3,36.3,36.3,36.3,36.3,36.3,36.3,36.3,36.3,36.3,36.3,36.3,36.3,36.3,36.3,36.3,36.3,36.3,36.3,36.3,36.3,36.3,36.3,36.3,36.3,36.3,36.3,36.3,36.3,36.3,36.3,36.3,36.3,36.3,36.3,36.3,36.34,36.34,36.34,36.34,36.34,36.34,36.34,36.34,36.34,36.34,36.34,36.34,36.34,36.34,36.34,36.34,36.34,36.34,36.34,36.34,36.34,36.34,36.34,36.34,36.34,36.34,36.34,36.34
1998-10-01,39.4,39.4,39.4,39.4,39.4,39.4,39.4,39.4,39.4,39.4,39.4,39.4,39.4,39.4,39.4,39.4,39.4,39.4,39.4,39.4,39.4,39.4,39.4,39.4,39.4,39.4,39.4,39.4,39.4,39.4,39.4,39.4,39.4,39.4,39.4,39.4,39.4,39.436,39.436,39.436,39.436,39.436,39.436,39.436,39.436,39.436,39.436,39.436,39.436,39.436,39.436,39.436,39.436,39.436,39.436,39.436,39.436,39.436,39.436,39.436,39.436,39.436,39.436,39.436,39.436
1999-01-01,42.0,42.0,42.0,42.0,42.0,42.0,42.0,42.0,42.0,42.0,42.0,42.0,42.0,42.0,42.0,42.0,42.0,42.0,42.0,42.0,42.0,42.0,42.0,42.0,42.0,42.0,42.0,42.0,42.0,42.0,42.0,42.0,42.0,42.0,42.0,42.0,42.0,42.028,42.028,42.028,42.028,42.028,42.028,42.028,42.028,42.028,42.028,42.028,42.028,42.028,42.028,42.028,42.028,42.028,42.028,42.028,42.028,42.028,42.028,42.028,42.028,42.028,42.028,42.028,42.028
1999-04-01,44.6,44.6,44.6,44.6,44.6,44.6,44.6,44.6,44.6,44.6,44.6,44.6,44.6,44.6,44.6,44.6,44.6,44.6,44.6,44.6,44.6,44.6,44.6,44.6,44.6,44.6,44.6,44.6,44.6,44.6,44.6,44.6,44.6,44.6,44.6,44.6,44.6,44.608,44.608,44.608,44.608,44.608,44.608,44.608,44.608,44.608,44.608,44.608,44.608,44.608,44.608,44.608,44.608,44.608,44.608,44.608,44.608,44.608,44.608,44.608,44.608,44.608,44.608,44.608,44.608
1999-07-01,46.0,46.0,46.0,46.0,46.0,46.0,46.0,46.0,46.0,46.0,46.0,46.0,46.0,46.0,46.0,46.0,46.0,46.0,46.0,46.0,46.0,46.0,46.0,46.0,46.0,46.0,46.0,46.0,46.0,46.0,46.0,46.0,46.0,46.0,46.0,46.0,46.0,46.02,46.02,46.02,46.02,46.02,46.02,46.02,46.02,46.02,46.02,46.02,46.02,46.02,46.02,46.02,46.02,46.02,46.02,46.02,46.02,46.02,46.02,46.02,46.02,46.02,46.02,46.02,46.02
1999-10-01,46.5,46.5,46.5,46.5,46.5,46.5,46.5,46.5,46.5,46.5,46.5,46.5,46.5,46.5,46.5,46.5,46.5,46.5,46.5,46.5,46.5,46.5,46.5,46.5,46.5,46.5,46.5,46.5,46.5,46.5,46.5,46.5,46.5,46.5,46.5,46.5,46.5,46.464,46.464,46.464,46.464,46.464,46.464,46.464,46.464,46.464,46.464,46.464,46.464,46.464,46.464,46.464,46.464,46.464,46.464,46.464,46.464,46.464,46.464,46.464,46.464,46.464,46.464,46.464,46.464
2000-01-01,44.6,44.6,44.6,44.6,44.6,44.6,44.6,44.6,44.6,44.6,44.6,44.6,44.6,44.6,44.6,44.6,44.6,44.6,44.6,44.6,44.6,44.6,44.6,44.6,44.6,44.6,44.6,44.6,44.6,44.6,44.6,44.6,44.6,44.6,44.6,44.6,44.6,44.584,44.584,44.584,44.584,44.584,44.584,44.584,44.584,44.584,44.584,44.584,44.584,44.584,44.584,44.584,44.584,44.584,44.584,44.584,44.584,44.584,44.584,44.584,44.584,44.584,44.584,44.584,44.584
2000-04-01,45.0,45.0,45.0,45.0,45.0,45.0,45.0,45.0,45.0,45.0,45.0,45.0,45.0,45.0,45.0,45.0,45.0,45.0,45.0,45.0,45.0,45.0,45.0,45.0,45.0,45.0,45.0,45.0,45.0,45.0,45.0,45.0,45.0,45.0,45.0,45.0,45.0,44.956,44.956,44.956,44.956,44.956,44.956,44.956,44.956,44.956,44.956,44.956,44.956,44.956,44.956,44.956,44.956,44.956,44.956,44.956,44.956,44.956,44.956,44.956,44.956,44.956,44.956,44.956,44.956
2000-07-01,45.3,45.3,45.3,45.3,45.3,45.3,45.3,45.3,45.3,45.3,45.3,45.3,45.3,45.3,45.3,45.3,45.3,45.3,45.3,45.3,45.3,45.3,45.3,45.3,45.3,45.3,45.3,45.3,45.3,45.3,45.3,45.3,45.3,45.3,45.3,45.3,45.3,45.268,45.268,45.268,45.268,45.268,45.268,45.268,45.268,45.268,45.268,45.268,45.268,45.268,45.268,45.268,45.268,45.268,45.268,45.268,45.268,45.268,45.268,45.268,45.268,45.268,45.268,45.268,45.268
2000-10-01,46.4,46.4,46.4,46.4,46.4,46.4,46.4,46.4,46.4,46.4,46.4,46.4,46.4,46.4,46.4,46.4,46.4,46.4,46.4,46.4,46.4,46.4,46.4,46.4,46.4,46.4,46.4,46.4,46.4,46.4,46.4,46.4,46.4,46.4,46.4,46.4,46.4,46.416,46.416,46.416,46.416,46.416,46.416,46.416,46.416,46.416,46.416,46.416,46.416,46.416,46.416,46.416,46.416,46.416,46.416,46.416,46.416,46.416,46.416,46.416,46.416,46.416,46.416,46.416,46.416
2001-01-01,47.2,47.2,47.2,47.2,47.2,47.2,47.2,47.2,47.2,47.2,47.2,47.2,47.2,47.2,47.2,47.2,47.2,47.2,47.2,47.2,47.2,47.2,47.2,47.2,47.2,47.2,47.2,47.2,47.2,47.2,47.2,47.2,47.2,47.2,47.2,47.2,47.2,47.188,47.188,47.188,47.188,47.188,47.188,47.188,47.188,47.188,47.188,47.188,47.188,47.188,47.188,47.188,47.188,47.188,47.188,47.188,47.188,47.188,47.188,47.188,47.188,47.188,47.188,47.188,47.188
2001-04-01,47.6,47.6,47.6,47.6,47.6,47.6,47.6,47.6,47.6,47.6,47.6,47.6,47.6,47.6,47.6,47.6,47.6,47.6,47.6,47.6,47.6,47.6,47.6,47.6,47.6,47.6,47.6,47.6,47.6,47.6,47.6,47.6,47.6,47.6,47.6,47.6,47.6,47.632,47.632,47.632,47.632,47.632,47.632,47.632,47.632,47.632,47.632,47.632,47.632,47.632,47.632,47.632,47.632,47.632,47.632,47.632,47.632,47.632,47.632,47.632,47.632,47.632,47.632,47.632,47.632
2001-07-01,66.3,66.3,66.3,66.3,66.3,66.3,66.3,66.3,66.3,66.3,66.3,66.3,66.3,66.3,66.3,66.3,66.3,66.3,66.3,66.3,66.3,66.3,66.3,66.3,66.3,66.3,66.3,66.3,66.3,66.3,66.3,66.3,66.3,66.3,66.3,66.3,66.3,66.328,66.328,66.328,66.328,66.328,66.328,66.328,66.328,66.328,66.328,66.328,66.328,66.328,66.328,66.328,66.328,66.328,66.328,66.328,66.328,66.328,66.328,66.328,66.328,66.328,66.328,66.328,66.328
2001-10-01,43.1,43.1,43.1,43.1,43.1,43.1,43.1,43.1,43.1,43.1,43.1,43.1,43.1,43.1,43.1,43.1,43.1,43.1,43.1,43.1,43.1,43.1,43.1,43.1,43.1,43.1,43.1,43.1,43.1,43.1,43.1,43.1,43.1,43.1,43.1,43.1,43.1,43.08,43.08,43.08,43.08,43.08,43.08,43.08,43.08,43.08,43.08,43.08,43.08,43.08,43.08,43.08,43.08,43.08,43.08,43.08,43.08,43.08,43.08,43.08,43.08,43.08,43.08,43.08,43.08
2002-01-01,40.8,40.8,40.8,40.8,40.8,40.8,40.8,40.8,40.8,40.8,40.8,40.8,40.8,40.8,40.8,40.8,40.8,40.8,40.8,40.8,40.8,40.8,40.8,40.8,40.8,40.8,40.8,40.8,40.8,40.8,40.8,40.8,40.8,40.8,40.8,40.8,40.8,40.808,40.808,40.808,40.808,40.808,40.808,40.744,40.744,40.744,40.744,40.744,40.744,40.744,40.744,40.744,40.744,40.744,40.744,40.744,40.744,40.744,40.744,40.744,40.744,40.744,40.744,40.744,40.744
2002-04-01,39.3,39.3,39.3,39.3,39.3,39.3,39.3,39.3,39.3,39.3,39.3,39.3,39.3,39.3,39.3,39.3,39.3,39.3,39.3,39.3,39.3,39.3,39.3,39.3,39.3,39.3,39.3,39.3,39.3,39.3,39.3,39.3,39.3,39.3,39.3,39.3,39.3,39.256,39.256,39.256,39.256,39.256,39.256,39.235,39.235,39.235,39.235,39.235,39.235,39.235,39.235,39.235,39.235,39.235,39.235,39.235,39.235,39.235,39.235,39.235,39.235,39.235,39.235,39.235,39.235
2002-07-01,39.7,39.7,39.7,39.7,39.7,39.7,39.7,39.7,39.7,39.7,39.7,39.7,39.7,39.7,39.7,39.7,39.7,39.7,39.7,39.7,39.7,39.7,39.7,39.7,39.7,39.7,39.7,39.7,39.7,39.7,39.7,39.7,39.7,39.7,39.7,39.7,39.7,39.688,39.688,39.688,39.688,39.688,39.688,39.654,39.654,39.654,39.654,39.654,39.654,39.654,39.654,39.654,39.654,39.654,39.654,39.654,39.654,39.654,39.654,39.654,39.654,39.654,39.654,39.654,39.654
2002-10-01,42.2,42.2,42.2,42.2,42.2,42.2,42.2,42.2,42.2,42.2,42.2,42.2,42.2,42.2,42.2,42.2,42.2,42.2,42.2,42.2,42.2,42.2,42.2,42.2,42.2,42.2,42.2,42.2,42.2,42.2,42.2,42.2,42.2,42.2,42.2,42.2,42.2,42.172,42.172,42.172,42.172,42.172,42.172,42.282,42.282,42.282,42.282,42.282,42.282,42.282,42.282,42.282,42.282,42.282,42.282,42.282,42.282,42.282,42.282,42.282,42.282,42.282,42.282,42.282,42.282
2003-01-01,44.8,44.8,44.8,44.9,44.9,44.9,44.9,44.9,44.9,44.9,44.9,44.9,44.9,44.9,44.9,44.9,44.9,44.9,44.9,44.9,44.9,44.9,44.9,44.9,44.9,44.9,44.9,44.9,44.9,44.9,44.9,44.9,44.9,44.9,44.9,44.9,44.9,44.887,44.887,44.887,44.887,44.887,44.887,47.033,47.033,47.033,47.033,47.033,47.033,47.033,47.033,47.033,47.033,47.033,47.033,47.033,47.033,47.033,47.033,47.033,47.033,47.033,47.033,47.033,47.033
2003-04-01,56.8,56.8,56.8,56.7,56.7,56.7,56.7,56.7,56.7,56.7,56.7,56.7,56.7,56.7,56.7,56.7,56.7,56.7,56.7,56.7,56.7,56.7,56.7,56.7,56.7,56.7,56.7,56.7,56.7,56.7,56.7,56.7,56.7,56.7,56.7,56.7,56.7,56.735,56.735,56.735,56.735,56.735,56.735,56.795,56.795,56.795,56.795,56.795,56.795,56.795,56.795,56.795,56.795,56.795,56.795,56.795,56.795,56.795,56.795,56.795,56.795,56.795,56.795,56.795,56.795
2003-07-01,48.0,48.0,48.0,47.9,47.9,47.9,47.9,47.9,47.9,47.9,47.9,47.9,47.9,47.9,47.9,47.9,47.9,47.9,47.9,47.9,47.9,47.9,47.9,47.9,47.9,47.9,47.9,47.9,47.9,47.9,47.9,47.9,47.9,47.9,47.9,47.9,47.9,47.949,47.949,47.949,47.949,47.949,47.949,46.922,46.922,46.922,46.922,46.922,46.922,46.922,46.922,46.922,46.922,46.922,46.922,46.922,46.922,46.922,46.922,46.922,46.922,46.922,46.922,46.922,46.922
2003-10-01,46.4,46.4,46.4,46.3,46.3,46.3,46.3,46.3,46.3,46.3,46.3,46.3,46.3,46.3,46.3,46.3,46.3,46.3,46.3,46.3,46.3,46.3,46.3,46.3,46.3,46.3,46.3,46.3,46.3,46.3,46.3,46.3,46.3,46.3,46.3,46.3,46.3,46.324,46.324,46.324,46.324,46.324,46.324,45.143,45.143,45.143,45.143,45.143,45.143,45.143,45.143,45.143,45.143,45.143,45.143,45.143,45.143,45.143,45.143,45.143,45.143,45.143,45.143,45.143,45.143
2004-01-01,44.5,44.5,44.5,44.4,44.4,44.4,44.4,44.4,44.4,44.4,44.4,44.4,44.4,44.4,44.4,44.4,44.4,44.4,44.4,44.4,44.4,44.4,44.4,44.4,44.4,44.4,44.4,44.4,44.4,44.4,44.4,44.4,44.4,44.4,44.4,44.4,44.4,44.35,44.35,44.35,44.35,44.35,44.35,43.87,43.87,43.87,43.87,43.87,43.87,43.87,43.87,43.87,43.87,43.87,43.87,43.87,43.87,43.87,43.87,43.87,43.87,43.87,43.87,43.87,43.87
2004-04-01,43.2,43.2,43.2,43.3,43.3,43.3,43.3,43.3,43.3,43.3,43.3,43.3,43.3,43.3,43.3,43.3,43.3,43.3,43.3,43.3,43.3,43.3,43.3,43.3,43.3,43.3,43.3,43.3,43.3,43.3,43.3,43.3,43.3,43.3,43.3,43.3,43.3,43.286,43.286,43.286,43.286,43.286,43.286,43.293,43.293,43.293,43.293,43.293,43.293,43.293,43.293,43.293,43.293,43.293,43.293,43.293,43.293,43.293,43.293,43.293,43.293,43.293,43.293,43.293,43.293
2004-07-01,44.6,44.6,44.6,44.8,44.8,44.8,44.8,44.8,44.8,44.8,44.8,44.8,44.8,44.8,44.8,44.8,44.8,44.8,44.8,44.8,44.8,44.8,44.8,44.8,44.8,44.8,44.8,44.8,44.8,44.8,44.8,44.8,44.8,44.8,44.8,44.8,44.8,44.753,44.753,44.753,44.753,44.753,44.753,45.011,45.011,45.011,45.011,45.011,45.011,45.011,45.011,45.011,45.011,45.011,45.011,45.011,45.011,45.011,45.011,45.011,45.011,45.011,45.011,45.011,45.011
2004-10-01,51.8,51.8,51.8,51.7,51.7,51.7,51.7,51.7,51.7,51.7,51.7,51.7,51.7,51.7,51.7,51.7,51.7,51.7,51.7,51.7,51.7,51.7,51.7,51.7,51.7,51.7,51.7,51.7,51.7,51.7,51.7,51.7,51.7,51.7,51.7,51.7,51.7,51.682,51.682,51.682,51.682,51.682,51.682,51.896,51.896,51.896,51.896,51.896,51.896,51.896,51.896,51.896,51.896,51.896,51.896,51.896,51.896,51.896,51.896,51.896,51.896,51.896,51.896,51.896,51.896
2005-01-01,56.5,56.5,56.5,56.2,56.2,56.2,56.2,56.2,56.2,56.2,56.2,56.2,56.2,56.2,56.2,56.2,56.2,56.2,56.2,56.2,56.2,56.2,56.2,56.2,56.2,56.2,56.2,56.2,56.2,56.2,56.2,56.2,56.2,56.2,56.2,56.2,56.2,56.173,56.173,56.173,56.173,56.173,56.173,56.361,56.361,56.361,56.361,56.361,56.361,56.361,56.361,56.361,56.361,56.361,56.361,56.361,56.361,56.361,56.361,56.361,56.361,56.361,56.361,56.361,56.361
2005-04-01,60.6,60.6,60.6,60.3,60.3,60.3,60.3,60.3,60.3,60.3,60.3,60.3,60.3,60.3,60.3,60.3,60.3,60.3,60.3,60.3,60.3,60.3,60.3,60.3,60.3,60.3,60.3,60.3,60.3,60.3,60.3,60.3,60.3,60.3,60.3,60.3,60.3,60.329,60.329,60.329,60.329,60.329,60.329,60.324,60.324,60.324,60.324,60.324,60.324,60.324,60.324,60.324,60.324,60.324,60.324,60.324,60.324,60.324,60.324,60.324,60.324,60.324,60.324,60.324,60.324
2005-07-01,61.7,61.7,61.7,61.7,61.7,61.7,61.7,61.7,61.7,61.7,61.7,61.7,61.7,61.7,61.7,61.7,61.7,61.7,61.7,61.7,61.7,61.7,61.7,61.7,61.7,61.7,61.7,61.7,61.7,61.7,61.7,61.7,61.7,61.7,61.7,61.7,61.7,61.736,61.736,61.736,61.736,61.736,61.736,61.613,61.613,61.613,61.613,61.613,61.613,61.613,61.613,61.613,61.613,61.613,61.613,61.613,61.613,61.613,61.613,61.613,61.613,61.613,61.613,61.613,61.613
2005-10-01,63.3,63.3,63.3,63.9,63.9,63.9,63.9,63.9,63.9,63.9,63.9,63.9,63.9,63.9,63.9,63.9,63.9,63.9,63.9,63.9,63.9,63.9,63.9,63.9,63.9,63.9,63.9,63.9,63.9,63.9,63.9,63.9,63.9,63.9,63.9,63.9,63.9,63.915,63.915,63.915,63.915,63.915,63.915,63.858,63.858,63.858,63.858,63.858,63.858,63.858,63.858,63.858,63.858,63.858,63.858,63.858,63.858,63.858,63.858,63.858,63.858,63.858,63.858,63.858,63.858
2006-01-01,55.2,55.2,55.2,55.3,55.3,55.3,55.3,55.3,55.3,55.3,55.3,55.3,55.3,55.3,55.3,55.3,55.3,55.3,55.3,55.3,55.3,55.3,55.3,55.3,55.3,55.3,55.3,55.3,55.3,55.3,55.3,55.3,55.3,55.3,55.3,55.3,55.3,55.347,55.347,55.347,55.347,55.347,55.347,55.357,55.357,55.357,55.357,55.357,55.357,55.357,55.357,55.357,55.357,55.357,55.357,55.357,55.357,55.357,55.357,55.357,55.357,55.357,55.357,55.357,55.357
2006-04-01,51.1,51.1,51.1,51.2,51.2,51.2,51.2,51.2,51.2,51.2,51.2,51.2,51.2,51.2,51.2,51.2,51.2,51.2,51.2,51.2,51.2,51.2,51.2,51.2,51.2,51.2,51.2,51.2,51.2,51.2,51.2,51.2,51.2,51.2,51.2,51.2,51.2,51.171,51.171,51.171,51.171,51.171,51.171,51.173,51.173,51.173,51.173,51.173,51.173,51.173,51.173,51.173,51.173,51.173,51.173,51.173,51.173,51.173,51.173,51.173,51.173,51.173,51.173,51.173,51.173
2006-07-01,49.4,49.4,49.4,49.6,49.6,49.6,49.6,49.6,49.6,49.6,49.6,49.6,49.6,49.6,49.6,49.6,49.6,49.6,49.6,49.6,49.6,49.6,49.6,49.6,49.6,49.6,49.6,49.6,49.6,49.6,49.6,49.6,49.6,49.6,49.6,49.6,49.6,49.556,49.556,49.556,49.556,49.556,49.556,49.513,49.513,49.513,49.513,49.513,49.513,49.513,49.513,49.513,49.513,49.513,49.513,49.513,49.513,49.513,49.513,49.513,49.513,49.513,49.513,49.513,49.513
2006-10-01,48.3,48.3,48.3,48.3,48.3,48.3,48.3,48.3,48.3,48.3,48.3,48.3,48.3,48.3,48.3,48.3,48.3,48.3,48.3,48.3,48.3,48.3,48.3,48.3,48.3,48.3,48.3,48.3,48.3,48.3,48.3,48.3,48.3,48.3,48.3,48.3,48.3,48.301,48.301,48.301,48.301,48.301,48.301,48.333,48.333,48.333,48.333,48.333,48.333,48.333,48.333,48.333,48.333,48.333,48.333,48.333,48.333,48.333,48.333,48.333,48.333,48.333,48.333,48.333,48.333
2007-01-01,48.1,48.1,48.1,47.6,47.6,47.6,47.6,47.6,47.6,47.6,47.6,47.6,47.6,47.6,47.6,47.6,47.6,47.6,47.6,47.6,47.6,47.6,47.6,47.6,47.6,47.6,47.6,47.6,47.6,47.6,47.6,47.6,47.6,47.6,47.6,47.6,47.6,47.649,47.649,47.649,47.649,47.649,47.649,47.619,47.619,47.619,47.619,47.619,47.619,47.619,47.619,47.619,47.619,47.619,47.619,47.619,47.619,47.619,47.619,47.619,47.619,47.619,47.619,47.619,47.619
2007-04-01,47.5,47.5,47.5,47.5,47.5,47.5,47.5,47.5,47.5,47.5,47.5,47.5,47.5,47.5,47.5,47.5,47.5,47.5,47.5,47.5,47.5,47.5,47.5,47.5,47.5,47.5,47.5,47.5,47.5,47.5,47.5,47.5,47.5,47.5,47.5,47.5,47.5,47.52,47.52,47.52,47.52,47.52,47.52,47.521,47.521,47.521,47.521,47.521,47.521,47.521,47.521,47.521,47.521,47.521,47.521,47.521,47.521,47.521,47.521,47.521,47.521,47.521,47.521,47.521,47.521
2007-07-01,46.9,46.9,46.9,47.2,47.2,47.2,47.2,47.2,47.2,47.2,47.2,47.2,47.2,47.2,47.2,47.2,47.2,47.2,47.2,47.2,47.2,47.2,47.2,47.2,47.2,47.2,47.2,47.2,47.2,47.2,47.2,47.2,47.2,47.2,47.2,47.2,47.2,47.188,47.188,47.188,47.188,47.188,47.188,47.163,47.163,47.163,47.163,47.163,47.163,47.163,47.163,47.163,47.163,47.163,47.163,47.163,47.163,47.163,47.163,47.163,47.163,47.163,47.163,47.163,47.163
2007-10-01,47.2,47.2,47.2,47.5,47.5,47.5,47.5,47.5,47.5,47.5,47.5,47.5,47.5,47.5,47.5,47.5,47.5,47.5,47.5,47.5,47.5,47.5,47.5,47.5,47.5,47.5,47.5,47.5,47.5,47.5,47.5,47.5,47.5,47.5,47.5,47.5,47.5,47.451,47.451,47.451,47.451,47.451,47.451,47.505,47.505,47.505,47.505,47.505,47.505,47.505,47.505,47.505,47.505,47.505,47.505,47.505,47.505,47.505,47.505,47.505,47.505,47.505,47.505,47.505,47.505
2008-01-01,47.9,47.9,47.9,47.9,47.9,47.9,47.9,47.9,47.9,47.9,47.9,47.9,47.9,47.9,47.9,47.9,47.9,47.9,47.9,47.9,47.9,47.9,47.9,47.9,47.9,47.9,47.9,47.9,47.9,47.9,47.9,47.9,47.9,47.9,47.9,47.9,47.9,47.882,47.882,47.882,47.882,47.882,47.882,47.957,47.957,47.957,47.957,47.957,47.957,47.957,47.957,47.957,47.957,47.957,47.957,47.957,47.957,47.957,47.957,47.957,47.957,47.957,47.957,47.957,47.957
2008-04-01,48.9,48.9,48.9,48.7,48.7,48.7,48.7,48.7,48.7,48.7,48.7,48.7,48.7,48.7,48.7,48.7,48.7,48.7,48.7,48.7,48.7,48.7,48.7,48.7,48.7,48.7,48.7,48.7,48.7,48.7,48.7,48.7,48.7,48.7,48.7,48.7,48.7,48.699,48.699,48.699,48.699,48.699,48.699,48.713,48.713,48.713,48.713,48.713,48.713,48.713,48.713,48.713,48.713,48.713,48.713,48.713,48.713,48.713,48.713,48.713,48.713,48.713,48.713,48.713,48.713
2008-07-01,50.4,50.4,50.4,49.9,49.9,49.9,49.9,49.9,49.9,49.9,49.9,49.9,49.9,49.9,49.9,49.9,49.9,49.9,49.9,49.9,49.9,49.9,49.9,49.9,49.9,49.9,49.9,49.9,49.9,49.9,49.9,49.9,49.9,49.9,49.9,49.9,49.9,49.905,49.905,49.905,49.905,49.905,49.905,49.849,49.849,49.849,49.849,49.849,49.849,49.849,49.849,49.849,49.849,49.849,49.849,49.849,49.849,49.849,49.849,49.849,49.849,49.849,49.849,49.849,49.849
2008-10-01,52.6,52.6,52.6,51.9,51.9,51.9,51.9,51.9,51.9,51.9,51.9,51.9,51.9,51.9,51.9,51.9,51.9,51.9,51.9,51.9,51.9,51.9,51.9,51.9,51.9,51.9,51.9,51.9,51.9,51.9,51.9,51.9,51.9,51.9,51.9,51.9,51.9,51.868,51.868,51.868,51.868,51.868,51.868,51.83,51.83,51.83,51.83,51.83,51.83,51.83,51.83,51.83,51.83,51.83,51.83,51.83,51.83,51.83,51.83,51.83,51.83,51.83,51.83,51.83,51.83
2009-01-01,54.4,54.4,54.4,53.2,53.2,53.2,53.2,53.2,53.2,53.2,53.2,53.2,53.2,53.2,53.2,53.2,53.2,53.2,53.2,53.2,53.2,53.2,53.2,53.2,53.2,53.2,53.2,53.2,53.2,53.2,53.2,53.2,53.2,53.2,53.2,53.2,53.2,53.247,53.247,53.247,53.247,53.247,53.247,53.357,53.357,53.357,53.357,53.357,53.357,53.357,53.357,53.357,53.357,53.357,53.357,53.357,53.357,53.357,53.357,53.357,53.357,53.357,53.357,53.357,53.357
2009-04-01,55.6,55.6,55.6,54.2,54.2,54.2,54.2,54.2,54.2,54.2,54.2,54.2,54.2,54.2,54.2,54.2,54.2,54.2,54.2,54.2,54.2,54.2,54.2,54.2,54.2,54.2,54.2,54.2,54.2,54.2,54.2,54.2,54.2,54.2,54.2,54.2,54.2,54.212,54.212,54.212,54.212,54.212,54.212,54.26,54.26,54.26,54.26,54.26,54.26,54.26,54.26,54.26,54.26,54.26,54.26,54.26,54.26,54.26,54.26,54.26,54.26,54.26,54.26,54.26,54.26
2009-07-01,67.3,67.3,67.3,65.8,65.8,65.8,65.8,65.8,65.8,65.8,65.8,65.8,65.8,65.8,65.8,65.8,65.8,65.8,65.8,65.8,65.8,65.8,65.8,65.8,65.8,65.8,65.8,65.8,65.8,65.8,65.8,65.8,65.8,65.8,65.8,65.8,65.8,65.845,65.845,65.845,65.845,65.845,65.845,65.86,65.86,65.86,65.86,65.86,65.86,65.86,65.86,65.86,65.86,65.86,65.86,65.86,65.86,65.86,65.86,65.86,65.86,65.86,65.86,65.86,65.86
2009-10-01,55.7,55.7,55.7,54.5,54.5,54.5,54.5,54.5,54.5,54.5,54.5,54.5,54.5,54.5,54.5,54.5,54.5,54.5,54.5,54.5,54.5,54.5,54.5,54.5,54.5,54.5,54.5,54.5,54.5,54.5,54.5,54.5,54.5,54.5,54.5,54.5,54.5,54.46,54.46,54.46,54.46,54.46,54.46,54.285,54.285,54.285,54.285,54.285,54.285,54.285,54.285,54.285,54.285,54.285,54.285,54.285,54.285,54.285,54.285,54.285,54.285,54.285,54.285,54.285,54.285
2010-01-01,54.6,54.6,54.6,53.2,53.2,53.2,53.2,53.2,53.2,53.2,53.2,53.2,53.2,53.2,53.2,53.2,53.2,53.2,53.2,53.2,53.2,53.2,53.2,53.2,53.2,53.2,53.2,53.2,53.2,53.2,53.2,53.2,53.2,53.2,53.2,53.2,53.2,53.248,53.248,53.248,53.248,53.248,53.248,53.175,53.175,53.175,53.175,53.175,53.175,53.175,53.175,53.175,53.175,53.175,53.175,53.175,53.175,53.175,53.175,53.175,53.175,53.175,53.175,53.175,53.175
2010-04-01,54.3,54.3,54.3,53.4,53.4,53.4,53.4,53.4,53.4,53.4,53.4,53.4,53.4,53.4,53.4,53.4,53.4,53.4,53.4,53.4,53.4,53.4,53.4,53.4,53.4,53.4,53.4,53.4,53.4,53.4,53.4,53.4,53.4,53.4,53.4,53.4,53.4,53.366,53.366,53.366,53.366,53.366,53.366,53.372,53.372,53.372,53.372,53.372,53.372,53.372,53.372,53.372,53.372,53.372,53.372,53.372,53.372,53.372,53.372,53.372,53.372,53.372,53.372,53.372,53.372
2010-07-01,55.1,55.1,55.1,54.6,54.6,54.6,54.6,54.6,54.6,54.6,54.6,54.6,54.6,54.6,54.6,54.6,54.6,54.6,54.6,54.6,54.6,54.6,54.6,54.6,54.6,54.6,54.6,54.6,54.6,54.6,54.6,54.6,54.6,54.6,54.6,54.6,54.6,54.62,54.62,54.62,54.62,54.62,54.62,54.425,54.425,54.425,54.425,54.425,54.425,54.425,54.425,54.425,54.425,54.425,54.425,54.425,54.425,54.425,54.425,54.425,54.425,54.425,54.425,54.425,54.425
2010-10-01,57.7,57.7,57.7,55.9,55.9,55.9,55.9,55.9,55.9,55.9,55.9,55.9,55.9,55.9,55.9,55.9,55.9,55.9,55.9,55.9,55.9,55.9,55.9,55.9,55.9,55.9,55.9,55.9,55.9,55.9,55.9,55.9,55.9,55.9,55.9,55.9,55.9,55.946,55.946,55.946,55.946,55.946,55.946,55.997,55.997,55.997,55.997,55.997,55.997,55.997,55.997,55.997,55.997,55.997,55.997,55.997,55.997,55.997,55.997,55.997,55.997,55.997,55.997,55.997,55.997
2011-01-01,58.8,58.8,58.8,57.9,57.9,57.9,57.9,57.9,57.9,57.9,57.9,57.7,57.7,57.7,57.7,57.7,57.7,57.7,57.7,57.7,57.7,57.7,57.7,57.7,57.7,57.7,57.7,57.7,57.7,57.7,57.7,57.7,57.7,57.7,57.7,57.7,57.7,57.698,57.698,57.698,57.698,57.698,57.698,58.023,58.023,58.023,58.023,58.023,58.023,58.023,58.023,58.023,58.023,58.023,58.023,58.023,58.023,58.023,58.023,58.023,58.023,58.023,58.023,58.023,58.023
2011-04-01,61.4,61.4,61.4,59.5,59.5,59.5,59.5,59.5,59.5,59.5,59.5,59.5,59.5,59.5,59.5,59.5,59.5,59.5,59.5,59.5,59.5,59.5,59.5,59.5,59.5,59.5,59.5,59.5,59.5,59.5,59.5,59.5,59.5,59.5,59.5,59.5,59.5,59.48,59.48,59.48,59.48,59.48,59.48,59.463,59.463,59.463,59.463,59.463,59.463,59.463,59.463,59.463,59.463,59.463,59.463,59.463,59.463,59.463,59.463,59.463,59.463,59.463,59.463,59.463,59.463
2011-07-01,62.0,62.0,62.0,60.1,60.1,60.1,60.1,60.1,60.1,60.1,60.1,60.6,60.6,60.6,60.6,60.6,60.6,60.6,60.6,60.6,60.6,60.6,60.6,60.6,60.6,60.6,60.6,60.6,60.6,60.6,60.6,60.6,60.6,60.6,60.6,60.6,60.6,60.552,60.552,60.552,60.552,60.552,60.552,59.726,59.726,59.726,59.726,59.726,59.726,59.726,59.726,59.726,59.726,59.726,59.726,59.726,59.726,59.726,59.726,59.726,59.726,59.726,59.726,59.726,59.726
2011-10-01,62.2,62.2,62.2,60.2,60.2,60.2,60.2,60.2,60.2,60.2,60.2,60.3,60.3,60.3,60.3,60.3,60.3,60.3,60.3,60.3,60.3,60.3,60.3,60.3,60.3,60.3,60.3,60.3,60.3,60.3,60.3,60.3,60.3,60.3,60.3,60.3,60.3,60.347,60.347,60.347,60.347,60.347,60.347,60.636,60.636,60.636,60.636,60.636,60.636,60.636,60.636,60.636,60.636,60.636,60.636,60.636,60.636,60.636,60.636,60.636,60.636,60.636,60.636,60.636,60.636
2012-01-01,60.4,60.4,60.4,57.3,57.3,57.3,57.3,57.3,57.3,57.3,57.3,57.4,57.4,57.4,57.4,57.4,57.4,57.4,58.0,58.0,58.0,58.0,58.0,58.0,58.0,58.0,58.0,58.0,58.0,58.0,58.0,58.0,58.0,58.0,58.0,58.0,58.0,57.965,57.965,57.965,57.965,57.965,57.965,57.943,57.943,57.943,57.943,57.943,57.943,57.943,57.943,57.943,57.943,57.943,57.943,57.943,57.943,57.943,57.943,57.943,57.943,57.943,57.943,57.943,57.943
2012-04-01,60.6,60.6,60.6,57.2,57.2,57.2,57.2,57.2,57.2,57.2,57.2,57.5,57.5,57.5,57.5,57.5,57.5,57.5,57.6,57.6,57.6,57.6,57.6,57.6,57.6,57.6,57.6,57.6,57.6,57.6,57.6,57.6,57.6,57.6,57.6,57.6,57.6,57.598,57.598,57.598,57.598,57.598,57.598,57.602,57.602,57.602,57.602,57.602,57.602,57.602,57.602,57.602,57.602,57.602,57.602,57.602,57.602,57.602,57.602,57.602,57.602,57.602,57.602,57.602,57.602
2012-07-01,60.1,60.1,60.1,55.6,55.6,55.6,55.6,55.6,55.6,55.6,55.6,56.3,56.3,56.3,56.3,56.3,56.3,56.3,55.8,55.8,55.8,55.8,55.8,55.8,55.8,55.8,55.8,55.8,55.8,55.8,55.8,55.8,55.8,55.8,55.8,55.8,55.8,55.823,55.823,55.823,55.823,55.823,55.823,55.846,55.846,55.846,55.846,55.846,55.846,55.846,55.846,55.846,55.846,55.846,55.846,55.846,55.846,55.846,55.846,55.846,55.846,55.846,55.846,55.846,55.846
2012-10-01,60.6,60.4,60.4,57.3,57.3,57.3,57.3,57.3,57.3,57.3,57.3,59.0,59.0,59.0,59.0,59.0,59.0,59.0,58.9,58.9,58.9,58.9,58.9,58.9,58.9,58.9,58.9,58.9,58.9,58.9,58.9,58.9,58.9,58.9,58.9,58.9,58.9,58.923,58.923,58.923,58.923,58.923,58.923,58.927,58.927,58.927,58.927,58.927,58.927,58.927,58.927,58.927,58.927,58.927,58.927,58.927,58.927,58.927,58.927,58.927,58.927,58.927,58.927,58.927,58.927
2013-01-01,,,60.5,57.5,57.5,57.5,57.5,57.5,57.5,57.5,57.5,59.6,59.6,59.6,59.6,59.6,59.6,59.6,58.7,58.7,58.7,58.7,58.7,58.7,58.7,58.7,58.8,58.8,58.8,58.8,58.8,58.8,58.8,58.8,58.8,58.8,58.8,58.83,58.83,58.83,58.83,58.83,58.83,58.919,58.919,58.919,58.919,58.919,58.919,58.919,58.919,58.919,58.919,58.919,58.919,58.919,58.919,58.919,58.919,58.919,58.919,58.919,58.919,58.919,58.919
2013-04-01,,,,58.4,58.5,58.5,58.5,58.5,58.5,58.5,58.5,60.7,60.7,60.7,60.7,60.7,60.7,60.7,59.3,59.3,59.3,59.3,59.3,59.3,59.3,59.3,59.3,59.3,59.3,59.3,59.3,59.3,59.3,59.3,59.3,59.3,59.3,59.323,59.323,59.323,59.323,59.323,59.323,59.633,59.633,59.633,59.633,59.633,59.633,59.633,59.633,59.633,59.633,59.633,59.633,59.633,59.633,59.633,59.633,59.633,59.633,59.633,59.633,59.633,59.633
2013-07-01,,,,,,58.6,58.6,58.6,58.6,58.6,58.6,60.1,60.1,60.1,60.1,60.1,60.1,60.1,59.0,59.0,59.0,59.0,59.0,59.0,59.0,59.0,59.0,59.0,59.0,59.0,59.0,59.0,59.0,59.0,59.0,59.0,59.0,58.975,58.975,58.975,58.975,58.975,58.975,59.488,59.488,59.488,59.488,59.488,59.488,59.488,59.488,59.488,59.488,59.488,59.488,59.488,59.488,59.488,59.488,59.488,59.488,59.488,59.488,59.488,59.488
2013-10-01,,,,,,,58.8,57.1,58.2,58.2,58.2,58.4,58.4,58.4,58.4,58.4,58.4,58.4,58.6,58.6,58.6,58.6,58.6,58.6,58.6,58.6,58.0,58.0,58.0,58.0,58.0,58.0,58.0,58.0,58.0,58.0,58.0,58.045,58.045,58.045,58.045,58.045,58.045,58.938,58.938,58.938,58.938,58.938,58.938,58.938,58.938,58.938,58.938,58.938,58.938,58.938,58.938,58.938,58.938,58.938,58.938,58.938,58.938,58.938,58.938
2014-01-01,,,,,,,,,,55.8,56.3,57.2,57.2,57.2,57.2,57.2,57.2,57.2,57.6,57.6,57.6,57.6,57.6,57.6,57.6,57.6,56.9,56.9,56.9,56.9,56.9,56.9,56.9,56.9,57.9,57.9,57.9,57.88,57.88,57.88,57.88,57.88,57.88,58.214,58.214,58.214,58.214,58.214,58.214,58.211,58.211,58.211,58.211,58.211,58.211,58.211,58.211,58.211,58.211,58.211,58.211,58.211,58.211,58.211,58.211
2014-04-01,,,,,,,,,,,,56.0,57.0,57.0,57.0,57.0,57.0,57.0,57.4,57.4,57.4,57.4,57.4,57.4,57.4,57.4,56.4,56.4,56.4,56.4,56.4,56.4,56.4,56.4,57.9,57.9,57.9,57.932,57.932,57.932,57.932,57.932,57.932,57.987,57.987,57.987,57.987,57.987,57.987,57.983,57.983,57.983,57.983,57.983,57.983,57.983,57.983,57.983,57.983,57.983,57.983,57.983,57.983,57.983,57.983
2014-07-01,,,,,,,,,,,,,,56.9,56.9,56.9,56.9,56.9,57.7,57.7,57.7,57.7,57.7,57.7,57.7,57.7,56.2,56.2,56.2,56.2,56.2,56.2,56.2,56.2,57.8,57.8,57.8,57.839,57.839,57.839,57.839,57.839,57.839,57.687,57.687,57.687,57.687,57.687,57.687,57.687,57.687,57.687,57.687,57.687,57.687,57.687,57.687,57.687,57.687,57.687,57.687,57.687,57.687,57.687,57.687
2014-10-01,,,,,,,,,,,,,,,56.2,56.4,56.5,56.5,57.0,57.0,57.0,57.0,57.0,57.0,57.0,57.0,55.4,55.4,55.4,55.4,55.4,55.4,55.4,55.4,56.7,56.7,56.7,56.729,56.729,56.729,56.729,56.729,56.729,56.494,56.494,56.494,56.494,56.494,56.494,56.501,56.501,56.501,56.501,56.501,56.501,56.501,56.501,56.501,56.501,56.501,56.501,56.501,56.501,56.501,56.501
2015-01-01,,,,,,,,,,,,,,,,,,56.7,57.1,57.1,57.1,57.1,57.1,57.1,57.1,57.1,55.1,55.1,55.1,55.1,55.1,55.1,55.1,55.1,55.7,55.7,55.7,55.7,55.7,55.7,55.7,55.7,55.7,55.508,55.508,55.508,55.508,55.508,55.508,55.525,55.525,55.525,55.525,55.525,55.525,55.525,55.525,55.489,55.489,55.489,55.489,55.489,55.489,55.489,55.489
2015-04-01,,,,,,,,,,,,,,,,,,,57.9,58.0,58.0,58.0,58.0,58.0,58.0,58.0,55.7,55.7,55.7,55.7,55.7,55.7,55.7,55.7,56.0,56.0,56.0,55.972,55.972,55.972,55.972,55.972,55.972,55.921,55.921,55.921,55.921,55.921,55.921,55.935,55.935,55.935,55.935,55.935,55.935,55.935,55.935,55.931,55.931,55.931,55.931,55.931,55.931,55.931,55.931
2015-07-01,,,,,,,,,,,,,,,,,,,,,58.8,58.7,58.7,58.7,58.7,58.7,56.9,56.9,56.9,56.9,56.9,56.9,56.9,56.9,57.2,57.2,57.2,57.196,57.196,57.196,57.196,57.196,57.196,57.237,57.237,57.237,57.237,57.237,57.237,57.236,57.236,57.236,57.236,57.236,57.236,57.236,57.236,57.16,57.16,57.16,57.16,57.16,57.16,57.16,57.16
2015-10-01,,,,,,,,,,,,,,,,,,,,,,,58.7,58.9,58.8,58.8,56.8,56.8,56.8,56.8,56.8,56.8,56.8,56.8,58.1,58.1,58.1,58.091,58.091,58.091,58.091,58.091,58.091,58.29,58.29,58.29,58.29,58.29,58.29,58.26,58.26,58.26,58.26,58.26,58.26,58.26,58.26,58.133,58.133,58.133,58.133,58.133,58.133,58.133,58.133
2016-01-01,,,,,,,,,,,,,,,,,,,,,,,,,,59.8,57.7,57.7,57.7,57.7,57.7,57.7,57.7,57.7,59.9,59.9,59.9,59.91,59.91,59.91,59.91,59.91,59.91,60.29,60.29,60.29,60.29,60.29,60.29,60.22,60.22,60.22,60.22,60.22,60.22,60.22,60.22,60.136,60.136,60.136,60.136,60.136,60.136,60.136,60.136
2016-04-01,,,,,,,,,,,,,,,,,,,,,,,,,,,59.1,58.8,58.8,58.8,58.8,58.8,58.8,58.8,61.5,61.5,61.5,61.547,61.547,61.547,61.547,61.547,61.547,61.9,61.9,61.9,61.9,61.9,61.9,61.846,61.846,61.846,61.846,61.846,61.846,61.846,61.846,61.826,61.826,61.826,61.826,61.826,61.826,61.826,61.826
2016-07-01,,,,,,,,,,,,,,,,,,,,,,,,,,,,,59.7,59.5,59.5,59.5,59.5,59.5,62.5,62.5,62.5,62.508,62.508,62.508,62.508,62.508,62.508,62.594,62.594,62.594,62.594,62.594,62.594,62.6,62.6,62.6,62.6,62.6,62.6,62.6,62.6,62.458,62.458,62.458,62.458,62.458,62.458,62.458,62.458
2016-10-01,,,,,,,,,,,,,,,,,,,,,,,,,,,,,,,58.8,58.5,58.5,58.5,61.1,61.1,61.1,61.082,61.082,61.082,61.082,61.082,61.082,60.313,60.313,60.313,60.313,60.313,60.313,60.43,60.43,60.43,60.43,60.43,60.43,60.43,60.43,60.437,60.437,60.437,60.437,60.437,60.437,60.437,60.437
2017-01-01,,,,,,,,,,,,,,,,,,,,,,,,,,,,,,,,,58.4,58.3,60.5,60.5,60.5,60.459,60.459,60.459,60.459,60.459,60.459,59.023,59.023,59.023,59.023,59.023,59.023,59.31,59.31,59.31,59.31,59.31,59.31,59.31,59.31,58.937,58.937,58.937,58.937,58.937,58.937,58.937,58.937
2017-04-01,,,,,,,,,,,,,,,,,,,,,,,,,,,,,,,,,,,60.1,59.4,59.6,59.601,59.601,59.601,59.601,59.601,59.601,57.834,57.834,57.834,57.834,57.834,57.834,58.125,58.125,58.125,58.125,58.125,58.125,58.125,58.125,57.594,57.594,57.594,57.594,57.594,57.594,57.594,57.594
2017-07-01,,,,,,,,,,,,,,,,,,,,,,,,,,,,,,,,,,,,,,61.095,60.799,60.799,60.799,60.799,60.799,62.482,62.482,62.482,62.482,62.482,62.482,62.62,62.62,62.62,62.62,62.62,62.62,62.62,62.62,61.341,61.341,61.341,61.341,61.341,61.341,61.341,61.341
2017-10-01,,,,,,,,,,,,,,,,,,,,,,,,,,,,,,,,,,,,,,,,63.225,63.375,62.149,62.149,63.607,63.607,63.607,63.607,63.607,63.607,62.269,62.269,62.269,62.269,62.269,62.269,62.269,62.269,59.406,59.406,59.406,59.406,59.406,59.406,59.406,59.406
2018-01-01,,,,,,,,,,,,,,,,,,,,,,,,,,,,,,,,,,,,,,,,,,,58.328,59.983,59.983,59.983,59.983,59.983,59.983,58.773,58.773,58.773,58.773,58.773,58.773,58.773,58.773,57.59,57.59,57.59,57.59,57.59,57.59,57.59,57.59
2018-04-01,,,,,,,,,,,,,,,,,,,,,,,,,,,,,,,,,,,,,,,,,,,,59.438,58.675,58.675,58.675,58.675,58.675,57.982,57.982,57.982,57.982,57.982,57.982,57.982,57.982,57.209,57.209,57.209,57.209,57.209,57.209,57.209,57.209
2018-07-01,,,,,,,,,,,,,,,,,,,,,,,,,,,,,,,,,,,,,,,,,,,,,,59.362,59.392,59.392,59.392,57.839,57.839,57.839,57.839,57.839,57.839,57.839,57.839,57.296,57.296,57.296,57.296,57.296,57.296,57.296,57.296
2018-10-01,,,,,,,,,,,,,,,,,,,,,,,,,,,,,,,,,,,,,,,,,,,,,,,,84.721,84.721,80.685,80.685,80.685,80.685,80.685,80.685,80.685,80.685,78.873,78.873,78.873,78.873,78.873,78.873,78.873,78.873
2019-01-01,,,,,,,,,,,,,,,,,,,,,,,,,,,,,,,,,,,,,,,,,,,,,,,,,73.87,71.962,71.962,71.962,71.962,71.962,71.962,71.962,71.962,70.727,70.727,70.727,70.727,70.727,70.727,70.727,70.727
2019-04-01,,,,,,,,,,,,,,,,,,,,,,,,,,,,,,,,,,,,,,,,,,,,,,,,,,61.412,60.978,61.279,61.279,61.279,61.279,61.279,61.279,60.487,60.487,60.487,60.487,60.487,60.487,60.487,60.487
2019-07-01,,,,,,,,,,,,,,,,,,,,,,,,,,,,,,,,,,,,,,,,,,,,,,,,,,,,,82.064,81.961,81.961,81.961,81.961,81.396,81.396,81.396,81.396,81.396,81.396,81.396,81.396
2019-10-01,,,,,,,,,,,,,,,,,,,,,,,,,,,,,,,,,,,,,,,,,,,,,,,,,,,,,,,80.712,81.37,81.37,80.541,80.541,80.541,80.541,80.541,80.541,80.541,80.541
2020-01-01,,,,,,,,,,,,,,,,,,,,,,,,,,,,,,,,,,,,,,,,,,,,,,,,,,,,,,,,,75.337,74.482,74.482,74.482,74.482,74.482,74.482,74.482,74.482
2020-04-01,,,,,,,,,,,,,,,,,,,,,,,,,,,,,,,,,,,,,,,,,,,,,,,,,,,,,,,,,,1087.094,1086.165,1085.933,1085.933,1085.933,1085.933,1085.933,1085.933
2020-07-01,,,,,,,,,,,,,,,,,,,,,,,,,,,,,,,,,,,,,,,,,,,,,,,,,,,,,,,,,,,,,1211.727,1212.689,1212.861,1212.861,1212.861
2020-10-01,,,,,,,,,,,,,,,,,,,,,,,,,,,,,,,,,,,,,,,,,,,,,,,,,,,,,,,,,,,,,,,,609.912,609.784
