observation_date,HMLBSHNO_20100610,HMLBSHNO_20100917,HMLBSHNO_20101209,HMLBSHNO_20110310,HMLBSHNO_20110609,HMLBSHNO_20110916,HMLBSHNO_20111208,HMLBSHNO_20120308,HMLBSHNO_20120607,HMLBSHNO_20120920,HMLBSHNO_20121206,HMLBSHNO_20130307,HMLBSHNO_20130606,HMLBSHNO_20130925,HMLBSHNO_20131209,HMLBSHNO_20140306,HMLBSHNO_20140605,HMLBSHNO_20140918,HMLBSHNO_20141211,HMLBSHNO_20150312,HMLBSHNO_20150611,HMLBSHNO_20150918,HMLBSHNO_20151210,HMLBSHNO_20160310,HMLBSHNO_20160609,HMLBSHNO_20160916,HMLBSHNO_20161208,HMLBSHNO_20170309,HMLBSHNO_20170608,HMLBSHNO_20170921,HMLBSHNO_20171207,HMLBSHNO_20180308,HMLBSHNO_20180607,HMLBSHNO_20180920,HMLBSHNO_20181206,HMLBSHNO_20190307,HMLBSHNO_20190606,HMLBSHNO_20190920,HMLBSHNO_20191212,HMLBSHNO_20200312,HMLBSHNO_20200611
1960-01-01,132.53,132.53,132.53,132.53,132.53,132.53,132.53,132.53,132.53,132.53,132.53,132.53,132.53,132.53,132.53,132.53,132.58,132.58,132.58,132.58,132.58,132.58,132.58,132.58,132.58,132.58,132.58,132.58,132.58,132.58,132.58,132.58,132.58,132.58,132.58,132.58,132.58,132.58,132.58,132.58,132.58
1960-04-01,135.31,135.31,135.31,135.31,135.31,135.31,135.31,135.31,135.31,135.31,135.31,135.31,135.31,135.31,135.31,135.31,135.37,135.37,135.37,135.37,135.37,135.37,135.37,135.37,135.37,135.37,135.37,135.37,135.37,135.37,135.37,135.37,135.366,135.366,135.366,135.366,135.366,135.366,135.366,135.366,135.366
1960-07-01,138.53,138.53,138.53,138.53,138.53,138.53,138.53,138.53,138.53,138.53,138.53,138.53,138.53,138.53,138.53,138.53,138.58,138.58,138.58,138.58,138.58,138.58,138.58,138.58,138.58,138.58,138.58,138.58,138.58,138.58,138.58,138.58,138.582,138.582,138.582,138.582,138.582,138.582,138.582,138.582,138.582
1960-10-01,141.32,141.32,141.32,141.32,141.32,141.32,141.32,141.32,141.32,141.32,141.32,141.32,141.32,141.32,141.32,141.32,141.38,141.38,141.38,141.38,141.38,141.38,141.38,141.38,141.38,141.38,141.38,141.38,141.38,141.38,141.38,141.38,141.378,141.378,141.378,141.378,141.378,141.378,141.378,141.378,141.378
1961-01-01,143.6,143.6,143.6,143.6,143.6,143.6,143.6,143.6,143.6,143.6,143.6,143.6,143.6,143.6,143.6,143.6,143.65,143.65,143.65,143.65,143.65,143.65,143.65,143.65,143.65,143.65,143.65,143.65,143.65,143.65,143.65,143.65,143.645,143.645,143.645,143.645,143.645,143.645,143.645,143.645,143.645
1961-04-01,146.55,146.55,146.55,146.55,146.55,146.55,146.55,146.55,146.55,146.55,146.55,146.55,146.55,146.55,146.55,146.55,146.6,146.6,146.6,146.6,146.6,146.6,146.6,146.6,146.6,146.6,146.6,146.6,146.6,146.6,146.6,146.6,146.603,146.603,146.603,146.603,146.603,146.603,146.603,146.603,146.603
1961-07-01,150.13,150.13,150.13,150.13,150.13,150.13,150.13,150.13,150.13,150.13,150.13,150.13,150.13,150.13,150.13,150.13,150.18,150.18,150.18,150.18,150.18,150.18,150.18,150.18,150.18,150.18,150.18,150.18,150.18,150.18,150.18,150.18,150.179,150.179,150.179,150.179,150.179,150.179,150.179,150.179,150.179
1961-10-01,153.98,153.98,153.98,153.98,153.98,153.98,153.98,153.98,153.98,153.98,153.98,153.98,153.98,153.98,153.98,153.98,154.03,154.03,154.03,154.03,154.03,154.03,154.03,154.03,154.03,154.03,154.03,154.03,154.03,154.03,154.03,154.03,154.027,154.027,154.027,154.027,154.027,154.027,154.027,154.027,154.027
1962-01-01,156.44,156.44,156.44,156.44,156.44,156.44,156.44,156.44,156.44,156.44,156.44,156.44,156.44,156.44,156.44,156.44,156.49,156.49,156.49,156.49,156.49,156.49,156.49,156.49,156.49,156.49,156.49,156.49,156.49,156.49,156.49,156.49,156.488,156.488,156.488,156.488,156.488,156.488,156.488,156.488,156.488
1962-04-01,160.19,160.19,160.19,160.19,160.19,160.19,160.19,160.19,160.19,160.19,160.19,160.19,160.19,160.19,160.19,160.19,160.24,160.24,160.24,160.24,160.24,160.24,160.24,160.24,160.24,160.24,160.24,160.24,160.24,160.24,160.24,160.24,160.237,160.237,160.237,160.237,160.237,160.237,160.237,160.237,160.237
1962-07-01,164.29,164.29,164.29,164.29,164.29,164.29,164.29,164.29,164.29,164.29,164.29,164.29,164.29,164.29,164.29,164.29,164.35,164.35,164.35,164.35,164.35,164.35,164.35,164.35,164.35,164.35,164.35,164.35,164.35,164.35,164.35,164.35,164.345,164.345,164.345,164.345,164.345,164.345,164.345,164.345,164.345
1962-10-01,168.26,168.26,168.26,168.26,168.26,168.26,168.26,168.26,168.26,168.26,168.26,168.26,168.26,168.26,168.26,168.26,168.31,168.31,168.31,168.31,168.31,168.31,168.31,168.31,168.31,168.31,168.31,168.31,168.31,168.31,168.31,168.31,168.307,168.307,168.307,168.307,168.307,168.307,168.307,168.307,168.307
1963-01-01,171.3,171.3,171.3,171.3,171.3,171.3,171.3,171.3,171.3,171.3,171.3,171.3,171.3,171.3,171.3,171.3,171.35,171.35,171.35,171.35,171.35,171.35,171.35,171.35,171.35,171.35,171.35,171.35,171.35,171.35,171.35,171.35,171.352,171.352,171.352,171.352,171.352,171.352,171.352,171.352,171.352
1963-04-01,175.75,175.75,175.75,175.75,175.75,175.75,175.75,175.75,175.75,175.75,175.75,175.75,175.75,175.75,175.75,175.75,175.8,175.8,175.8,175.8,175.8,175.8,175.8,175.8,175.8,175.8,175.8,175.8,175.8,175.8,175.8,175.8,175.801,175.801,175.801,175.801,175.801,175.801,175.801,175.801,175.801
1963-07-01,180.61,180.61,180.61,180.61,180.61,180.61,180.61,180.61,180.61,180.61,180.61,180.61,180.61,180.61,180.61,180.61,180.66,180.66,180.66,180.66,180.66,180.66,180.66,180.66,180.66,180.66,180.66,180.66,180.66,180.66,180.66,180.66,180.662,180.662,180.662,180.662,180.662,180.662,180.662,180.662,180.662
1963-10-01,185.05,185.05,185.05,185.05,185.05,185.05,185.05,185.05,185.05,185.05,185.05,185.05,185.05,185.05,185.05,185.05,185.11,185.11,185.11,185.11,185.11,185.11,185.11,185.11,185.11,185.11,185.11,185.11,185.11,185.11,185.11,185.11,185.106,185.106,185.106,185.106,185.106,185.106,185.106,185.106,185.106
1964-01-01,188.72,188.72,188.72,188.72,188.72,188.72,188.72,188.72,188.72,188.72,188.72,188.72,188.72,188.72,188.72,188.72,188.78,188.78,188.78,188.78,188.78,188.78,188.78,188.78,188.78,188.78,188.78,188.78,188.78,188.78,188.78,188.78,188.776,188.776,188.776,188.776,188.776,188.776,188.776,188.776,188.776
1964-04-01,193.32,193.32,193.32,193.32,193.32,193.32,193.32,193.32,193.32,193.32,193.32,193.32,193.32,193.32,193.32,193.32,193.37,193.37,193.37,193.37,193.37,193.37,193.37,193.37,193.37,193.37,193.37,193.37,193.37,193.37,193.37,193.37,193.368,193.368,193.368,193.368,193.368,193.368,193.368,193.368,193.368
1964-07-01,198.02,198.02,198.02,198.02,198.02,198.02,198.02,198.02,198.02,198.02,198.02,198.02,198.02,198.02,198.02,198.02,198.08,198.08,198.08,198.08,198.08,198.08,198.08,198.08,198.08,198.08,198.08,198.08,198.08,198.08,198.08,198.08,198.076,198.076,198.076,198.076,198.076,198.076,198.076,198.076,198.076
1964-10-01,202.28,202.28,202.28,202.28,202.28,202.28,202.28,202.28,202.28,202.28,202.28,202.28,202.28,202.28,202.28,202.28,202.34,202.34,202.34,202.34,202.34,202.34,202.34,202.34,202.34,202.34,202.34,202.34,202.34,202.34,202.34,202.34,202.335,202.335,202.335,202.335,202.335,202.335,202.335,202.335,202.335
1965-01-01,205.84,205.84,205.84,205.84,205.84,205.84,205.84,205.84,205.84,205.84,205.84,205.84,205.84,205.84,205.84,205.84,205.89,205.89,205.89,205.89,205.89,205.89,205.89,205.89,205.89,205.89,205.89,205.89,205.89,205.89,205.89,205.89,205.891,205.891,205.891,205.891,205.891,205.891,205.891,205.891,205.891
1965-04-01,210.28,210.28,210.28,210.28,210.28,210.28,210.28,210.28,210.28,210.28,210.28,210.28,210.28,210.28,210.28,210.28,210.33,210.33,210.33,210.33,210.33,210.33,210.33,210.33,210.33,210.33,210.33,210.33,210.33,210.33,210.33,210.33,210.329,210.329,210.329,210.329,210.329,210.329,210.329,210.329,210.329
1965-07-01,214.99,214.99,214.99,214.99,214.99,214.99,214.99,214.99,214.99,214.99,214.99,214.99,214.99,214.99,214.99,214.99,215.04,215.04,215.04,215.04,215.04,215.04,215.04,215.04,215.04,215.04,215.04,215.04,215.04,215.04,215.04,215.04,215.042,215.042,215.042,215.042,215.042,215.042,215.042,215.042,215.042
1965-10-01,219.4,219.4,219.4,219.4,219.4,219.4,219.4,219.4,219.4,219.4,219.4,219.4,219.4,219.4,219.4,219.4,219.45,219.45,219.45,219.45,219.45,219.45,219.45,219.45,219.45,219.45,219.45,219.45,219.45,219.45,219.45,219.45,219.449,219.449,219.449,219.449,219.449,219.449,219.449,219.449,219.449
1966-01-01,223.31,223.31,223.31,223.31,223.31,223.31,223.31,223.31,223.31,223.31,223.31,223.31,223.31,223.31,223.31,223.31,223.36,223.36,223.36,223.36,223.36,223.36,223.36,223.36,223.36,223.36,223.36,223.36,223.36,223.36,223.36,223.36,223.358,223.358,223.358,223.358,223.358,223.358,223.358,223.358,223.358
1966-04-01,227.18,227.18,227.18,227.18,227.18,227.18,227.18,227.18,227.18,227.18,227.18,227.18,227.18,227.18,227.18,227.18,227.23,227.23,227.23,227.23,227.23,227.23,227.23,227.23,227.23,227.23,227.23,227.23,227.23,227.23,227.23,227.23,227.232,227.232,227.232,227.232,227.232,227.232,227.232,227.232,227.232
1966-07-01,230.22,230.22,230.22,230.22,230.22,230.22,230.22,230.22,230.22,230.22,230.22,230.22,230.22,230.22,230.22,230.22,230.27,230.27,230.27,230.27,230.27,230.27,230.27,230.27,230.27,230.27,230.27,230.27,230.27,230.27,230.27,230.27,230.272,230.272,230.272,230.272,230.272,230.272,230.272,230.272,230.272
1966-10-01,232.69,232.69,232.69,232.69,232.69,232.69,232.69,232.69,232.69,232.69,232.69,232.69,232.69,232.69,232.69,232.69,232.74,232.74,232.74,232.74,232.74,232.74,232.74,232.74,232.74,232.74,232.74,232.74,232.74,232.74,232.74,232.74,232.742,232.742,232.742,232.742,232.742,232.742,232.742,232.742,232.742
1967-01-01,234.17,234.17,234.17,234.17,234.17,234.17,234.17,234.17,234.17,234.17,234.17,234.17,234.17,234.17,234.17,234.17,234.22,234.22,234.22,234.22,234.22,234.22,234.22,234.22,234.22,234.22,234.22,234.22,234.22,234.22,234.22,234.22,234.221,234.221,234.221,234.221,234.221,234.221,234.221,234.221,234.221
1967-04-01,237.03,237.03,237.03,237.03,237.03,237.03,237.03,237.03,237.03,237.03,237.03,237.03,237.03,237.03,237.03,237.03,237.08,237.08,237.08,237.08,237.08,237.08,237.08,237.08,237.08,237.08,237.08,237.08,237.08,237.08,237.08,237.08,237.076,237.076,237.076,237.076,237.076,237.076,237.076,237.076,237.076
1967-07-01,241.44,241.44,241.44,241.44,241.44,241.44,241.44,241.44,241.44,241.44,241.44,241.44,241.44,241.44,241.44,241.44,241.55,241.55,241.55,241.55,241.55,241.55,241.55,241.55,241.55,241.55,241.55,241.55,241.55,241.55,241.55,241.55,241.547,241.547,241.547,241.547,241.547,241.547,241.547,241.547,241.547
1967-10-01,245.86,245.86,245.86,245.86,245.86,245.86,245.86,245.86,245.86,245.86,245.86,245.86,245.86,245.86,245.86,245.86,245.97,245.97,245.97,245.97,245.97,245.97,245.97,245.97,245.97,245.97,245.97,245.97,245.97,245.97,245.97,245.97,245.974,245.974,245.974,245.974,245.974,245.974,245.974,245.974,245.974
1968-01-01,249.26,249.26,249.26,249.26,249.26,249.26,249.26,249.26,249.26,249.26,249.26,249.26,249.26,249.26,249.26,249.26,249.38,249.38,249.38,249.38,249.38,249.38,249.38,249.38,249.38,249.38,249.38,249.38,249.38,249.38,249.38,249.38,249.378,249.378,249.378,249.378,249.378,249.378,249.378,249.378,249.378
1968-04-01,253.56,253.56,253.56,253.56,253.56,253.56,253.56,253.56,253.56,253.56,253.56,253.56,253.56,253.56,253.56,253.56,253.68,253.68,253.68,253.68,253.68,253.68,253.68,253.68,253.68,253.68,253.68,253.68,253.68,253.68,253.68,253.68,253.675,253.675,253.675,253.675,253.675,253.675,253.675,253.675,253.675
1968-07-01,258.07,258.07,258.07,258.07,258.07,258.07,258.07,258.07,258.07,258.07,258.07,258.07,258.07,258.07,258.07,258.07,258.18,258.18,258.18,258.18,258.18,258.18,258.18,258.18,258.18,258.18,258.18,258.18,258.18,258.18,258.18,258.18,258.183,258.183,258.183,258.183,258.183,258.183,258.183,258.183,258.183
1968-10-01,262.82,262.82,262.82,262.82,262.82,262.82,262.82,262.82,262.82,262.82,262.82,262.82,262.82,262.82,262.82,262.82,262.93,262.93,262.93,262.93,262.93,262.93,262.93,262.93,262.93,262.93,262.93,262.93,262.93,262.93,262.93,262.93,262.934,262.934,262.934,262.934,262.934,262.934,262.934,262.934,262.934
1969-01-01,264.74,264.74,264.74,264.74,264.74,264.74,264.74,264.74,264.74,264.74,264.74,264.74,264.74,264.74,264.74,264.74,264.86,264.86,264.86,264.86,264.86,264.86,264.86,264.86,264.86,264.86,264.86,264.86,264.86,264.86,264.86,264.86,264.857,264.857,264.857,264.857,264.857,264.857,264.857,264.857,264.857
1969-04-01,269.62,269.62,269.62,269.62,269.62,269.62,269.62,269.62,269.62,269.62,269.62,269.62,269.62,269.62,269.62,269.62,269.74,269.74,269.74,269.74,269.74,269.74,269.74,269.74,269.74,269.74,269.74,269.74,269.74,269.74,269.74,269.74,269.738,269.738,269.738,269.738,269.738,269.738,269.738,269.738,269.738
1969-07-01,274.4,274.4,274.4,274.4,274.4,274.4,274.4,274.4,274.4,274.4,274.4,274.4,274.4,274.4,274.4,274.4,274.51,274.51,274.51,274.51,274.51,274.51,274.51,274.51,274.51,274.51,274.51,274.51,274.51,274.51,274.51,274.51,274.512,274.512,274.512,274.512,274.512,274.512,274.512,274.512,274.512
1969-10-01,278.58,278.58,278.58,278.58,278.58,278.58,278.58,278.58,278.58,278.58,278.58,278.58,278.58,278.58,278.58,278.58,278.69,278.69,278.69,278.69,278.69,278.69,278.69,278.69,278.69,278.69,278.69,278.69,278.69,278.69,278.69,278.69,278.689,278.689,278.689,278.689,278.689,278.689,278.689,278.689,278.689
1970-01-01,275.71,275.71,275.71,275.71,275.71,275.71,275.71,275.71,275.71,275.71,275.71,275.71,275.71,275.71,275.71,275.71,275.81,275.81,275.81,275.81,275.81,275.81,275.81,275.81,275.81,275.81,275.81,275.81,275.81,275.81,275.81,275.81,275.814,275.814,275.814,275.814,275.814,275.814,275.814,275.814,275.814
1970-04-01,278.57,278.57,278.57,278.57,278.57,278.57,278.57,278.57,278.57,278.57,278.57,278.57,278.57,278.57,278.57,278.57,278.67,278.67,278.67,278.67,278.67,278.67,278.67,278.67,278.67,278.67,278.67,278.67,278.67,278.67,278.67,278.67,278.674,278.674,278.674,278.674,278.674,278.674,278.674,278.674,278.674
1970-07-01,282.24,282.24,282.24,282.24,282.24,282.24,282.24,282.24,282.24,282.24,282.24,282.24,282.24,282.24,282.24,282.24,282.35,282.35,282.35,282.35,282.35,282.35,282.35,282.35,282.35,282.35,282.35,282.35,282.35,282.35,282.35,282.35,282.347,282.347,282.347,282.347,282.347,282.347,282.347,282.347,282.347
1970-10-01,285.9,285.9,285.9,285.9,285.9,285.9,285.9,285.9,285.9,285.9,285.9,285.9,285.9,285.9,285.9,285.9,286.02,286.02,286.02,286.02,286.02,286.02,286.02,286.02,286.02,286.02,286.02,286.02,286.02,286.02,286.02,286.02,286.015,286.015,286.015,286.015,286.015,286.015,286.015,286.015,286.015
1971-01-01,289.48,289.48,289.48,289.48,289.48,289.48,289.48,289.48,289.48,289.48,289.48,289.48,289.48,289.48,289.48,289.48,289.59,289.59,289.59,289.59,289.59,289.59,289.59,289.59,289.59,289.59,289.59,289.59,289.59,289.59,289.59,289.59,289.592,289.592,289.592,289.592,289.592,289.592,289.592,289.592,289.592
1971-04-01,295.26,295.26,295.26,295.26,295.26,295.26,295.26,295.26,295.26,295.26,295.26,295.26,295.26,295.26,295.26,295.26,295.36,295.36,295.36,295.36,295.36,295.36,295.36,295.36,295.36,295.36,295.36,295.36,295.36,295.36,295.36,295.36,295.363,295.363,295.363,295.363,295.363,295.363,295.363,295.363,295.363
1971-07-01,302.74,302.74,302.74,302.74,302.74,302.74,302.74,302.74,302.74,302.74,302.74,302.74,302.74,302.74,302.74,302.74,302.82,302.82,302.82,302.82,302.82,302.82,302.82,302.82,302.82,302.82,302.82,302.82,302.82,302.82,302.82,302.82,302.822,302.822,302.822,302.822,302.822,302.822,302.822,302.822,302.822
1971-10-01,309.4,309.4,309.4,309.4,309.4,309.4,309.4,309.4,309.4,309.4,309.4,309.4,309.4,309.4,309.4,309.4,309.45,309.45,309.45,309.45,309.45,309.45,309.45,309.45,309.45,309.45,309.45,309.45,309.45,309.45,309.45,309.45,309.454,309.454,309.454,309.454,309.454,309.454,309.454,309.454,309.454
1972-01-01,315.99,315.99,315.99,315.99,315.99,315.99,315.99,315.99,315.99,315.99,315.99,315.99,315.99,315.99,315.99,315.99,316.04,316.04,316.04,316.04,316.04,316.04,316.04,316.04,316.04,316.04,316.04,316.04,316.04,316.04,316.04,316.04,316.038,316.038,316.038,316.038,316.038,316.038,316.038,316.038,316.038
1972-04-01,324.4,324.4,324.4,324.4,324.4,324.4,324.4,324.4,324.4,324.4,324.4,324.4,324.4,324.4,324.4,324.4,324.46,324.46,324.46,324.46,324.46,324.46,324.46,324.46,324.46,324.46,324.46,324.46,324.46,324.46,324.46,324.46,324.462,324.462,324.462,324.462,324.462,324.462,324.462,324.462,324.462
1972-07-01,334.35,334.35,334.35,334.35,334.35,334.35,334.35,334.35,334.35,334.35,334.35,334.35,334.35,334.35,334.35,334.35,334.41,334.41,334.41,334.41,334.41,334.41,334.41,334.41,334.41,334.41,334.41,334.41,334.41,334.41,334.41,334.41,334.408,334.408,334.408,334.408,334.408,334.408,334.408,334.408,334.408
1972-10-01,343.49,343.49,343.49,343.49,343.49,343.49,343.49,343.49,343.49,343.49,343.49,343.49,343.49,343.49,343.49,343.49,343.55,343.55,343.55,343.55,343.55,343.55,343.55,343.55,343.55,343.55,343.55,343.55,343.55,343.55,343.55,343.55,343.552,343.552,343.552,343.552,343.552,343.552,343.552,343.552,343.552
1973-01-01,351.49,351.49,351.49,351.49,351.49,351.49,351.49,351.49,351.49,351.49,351.49,351.49,351.49,351.49,351.49,351.49,351.55,351.55,351.55,351.55,351.55,351.55,351.55,351.55,351.55,351.55,351.55,351.55,351.55,351.55,351.55,351.55,351.55,351.55,351.55,351.55,351.55,351.55,351.55,351.55,351.55
1973-04-01,361.76,361.76,361.76,361.76,361.76,361.76,361.76,361.76,361.76,361.76,361.76,361.76,361.76,361.76,361.76,361.76,361.81,361.81,361.81,361.81,361.81,361.81,361.81,361.81,361.81,361.81,361.81,361.81,361.81,361.81,361.81,361.81,361.814,361.814,361.814,361.814,361.814,361.814,361.814,361.814,361.814
1973-07-01,372.07,372.07,372.07,372.07,372.07,372.07,372.07,372.07,372.07,372.07,372.07,372.07,372.07,372.07,372.07,372.07,372.13,372.13,372.13,372.13,372.13,372.13,372.13,372.13,372.13,372.13,372.13,372.13,372.13,372.13,372.13,372.13,372.134,372.134,372.134,372.134,372.134,372.134,372.134,372.134,372.134
1973-10-01,382.15,382.15,382.15,382.15,382.15,382.15,382.15,382.15,382.15,382.15,382.15,382.15,382.15,382.15,382.15,382.15,382.22,382.22,382.22,382.22,382.22,382.22,382.22,382.22,382.22,382.22,382.22,382.22,382.22,382.22,382.22,382.22,382.218,382.218,382.218,382.218,382.218,382.218,382.218,382.218,382.218
1974-01-01,389.8,389.8,389.8,389.8,389.8,389.8,389.8,389.8,389.8,389.8,389.8,389.8,389.8,389.8,389.8,389.8,389.86,389.86,389.86,389.86,389.86,389.86,389.86,389.86,389.86,389.86,389.86,389.86,389.86,389.86,389.86,389.86,389.858,389.858,389.858,389.858,389.858,389.858,389.858,389.858,389.858
1974-04-01,400.39,400.39,400.39,400.39,400.39,400.39,400.39,400.39,400.39,400.39,400.39,400.39,400.39,400.39,400.39,400.39,400.44,400.44,400.44,400.44,400.44,400.44,400.44,400.44,400.44,400.44,400.44,400.44,400.44,400.44,400.44,400.44,400.439,400.439,400.439,400.439,400.439,400.439,400.439,400.439,400.439
1974-07-01,411.33,411.33,411.33,411.33,411.33,411.33,411.33,411.33,411.33,411.33,411.33,411.33,411.33,411.33,411.33,411.33,411.38,411.38,411.38,411.38,411.38,411.38,411.38,411.38,411.38,411.38,411.38,411.38,411.38,411.38,411.38,411.38,411.381,411.381,411.381,411.381,411.381,411.381,411.381,411.381,411.381
1974-10-01,419.28,419.28,419.28,419.28,419.28,419.28,419.28,419.28,419.28,419.28,419.28,419.28,419.28,419.28,419.28,419.28,419.34,419.34,419.34,419.34,419.34,419.34,419.34,419.34,419.34,419.34,419.34,419.34,419.34,419.34,419.34,419.34,419.339,419.339,419.339,419.339,419.339,419.339,419.339,419.339,419.339
1975-01-01,424.25,424.25,424.25,424.25,424.25,424.25,424.25,424.25,424.25,424.25,424.25,424.25,424.25,424.25,424.25,424.25,424.31,424.31,424.31,424.31,424.31,424.31,424.31,424.31,424.31,424.31,424.31,424.31,424.31,424.31,424.31,424.31,424.313,424.313,424.313,424.313,424.313,424.313,424.313,424.313,424.313
1975-04-01,434.52,434.52,434.52,434.52,434.52,434.52,434.52,434.52,434.52,434.52,434.52,434.52,434.52,434.52,434.52,434.52,434.58,434.58,434.58,434.58,434.58,434.58,434.58,434.58,434.58,434.58,434.58,434.58,434.58,434.58,434.58,434.58,434.575,434.575,434.575,434.575,434.575,434.575,434.575,434.575,434.575
1975-07-01,446.27,446.27,446.27,446.27,446.27,446.27,446.27,446.27,446.27,446.27,446.27,446.27,446.27,446.27,446.27,446.27,446.32,446.32,446.32,446.32,446.32,446.32,446.32,446.32,446.32,446.32,446.32,446.32,446.32,446.32,446.32,446.32,446.324,446.324,446.324,446.324,446.324,446.324,446.324,446.324,446.324
1975-10-01,459.03,459.03,459.03,459.03,459.03,459.03,459.03,459.03,459.03,459.03,459.03,459.03,459.03,459.03,459.03,459.03,459.09,459.09,459.09,459.09,459.09,459.09,459.09,459.09,459.09,459.09,459.09,459.09,459.09,459.09,459.09,459.09,459.087,459.087,459.087,459.087,459.087,459.087,459.087,459.087,459.087
1976-01-01,469.94,469.94,469.94,469.94,469.94,469.94,469.94,469.94,469.94,469.94,469.94,469.94,469.94,469.94,469.94,469.94,469.99,469.99,469.99,469.99,469.99,469.99,469.99,469.99,469.99,469.99,469.99,469.99,469.99,469.99,469.99,469.99,469.994,469.994,469.994,469.994,469.994,469.994,469.994,469.994,469.994
1976-04-01,483.93,483.93,483.93,483.93,483.93,483.93,483.93,483.93,483.93,483.93,483.93,483.93,483.93,483.93,483.93,483.93,483.99,483.99,483.99,483.99,483.99,483.99,483.99,483.99,483.99,483.99,483.99,483.99,483.99,483.99,483.99,483.99,483.99,483.99,483.99,483.99,483.99,483.99,483.99,483.99,483.99
1976-07-01,501.07,501.07,501.07,501.07,501.07,501.07,501.07,501.07,501.07,501.07,501.07,501.07,501.07,501.07,501.07,501.07,501.12,501.12,501.12,501.12,501.12,501.12,501.12,501.12,501.12,501.12,501.12,501.12,501.12,501.12,501.12,501.12,501.121,501.121,501.121,501.121,501.121,501.121,501.121,501.121,501.121
1976-10-01,517.01,517.01,517.01,517.01,517.01,517.01,517.01,517.01,517.01,517.01,517.01,517.01,517.01,517.01,517.01,517.01,517.07,517.07,517.07,517.07,517.07,517.07,517.07,517.07,517.07,517.07,517.07,517.07,517.07,517.07,517.07,517.07,517.073,517.073,517.073,517.073,517.073,517.073,517.073,517.073,517.073
1977-01-01,531.25,531.25,531.25,531.25,531.25,531.25,531.25,531.25,531.25,531.25,531.25,531.25,531.25,531.25,531.25,531.25,531.31,531.31,531.31,531.31,531.31,531.31,531.31,531.31,531.31,531.31,531.31,531.31,531.31,531.31,531.31,531.31,531.31,531.31,531.31,531.31,531.31,531.31,531.31,531.31,531.31
1977-04-01,554.04,554.04,554.04,554.04,554.04,554.04,554.04,554.04,554.04,554.04,554.04,554.04,554.04,554.04,554.04,554.04,554.09,554.09,554.09,554.09,554.09,554.09,554.09,554.09,554.09,554.09,554.09,554.09,554.09,554.09,554.09,554.09,554.091,554.091,554.091,554.091,554.091,554.091,554.091,554.091,554.091
1977-07-01,579.86,579.86,579.86,579.86,579.86,579.86,579.86,579.86,579.86,579.86,579.86,579.86,579.86,579.86,579.86,579.86,579.91,579.91,579.91,579.91,579.91,579.91,579.91,579.91,579.91,579.91,579.91,579.91,579.91,579.91,579.91,579.91,579.911,579.911,579.911,579.911,579.911,579.911,579.911,579.911,579.911
1977-10-01,602.95,602.95,602.95,602.95,602.95,602.95,602.95,602.95,602.95,602.95,602.95,602.95,602.95,602.95,602.95,602.95,603.0,603.0,603.0,603.0,603.0,603.0,603.0,603.0,603.0,603.0,603.0,603.0,603.0,603.0,603.0,603.0,602.997,602.997,602.997,602.997,602.997,602.997,602.997,602.997,602.997
1978-01-01,620.98,620.98,620.98,620.98,620.98,620.98,620.98,620.98,620.98,620.98,620.98,620.98,620.98,620.98,620.98,620.98,621.02,621.02,621.02,621.02,621.02,621.02,621.02,621.02,621.02,621.02,621.02,621.02,621.02,621.02,621.02,621.02,621.021,621.021,621.021,621.021,621.021,621.021,621.021,621.021,621.021
1978-04-01,647.99,647.99,647.99,647.99,647.99,647.99,647.99,647.99,647.99,647.99,647.99,647.99,647.99,647.99,647.99,647.99,648.04,648.04,648.04,648.04,648.04,648.04,648.04,648.04,648.04,648.04,648.04,648.04,648.04,648.04,648.04,648.04,648.036,648.036,648.036,648.036,648.036,648.036,648.036,648.036,648.036
1978-07-01,678.91,678.91,678.91,678.91,678.91,678.91,678.91,678.91,678.91,678.91,678.91,678.91,678.91,678.91,678.91,678.91,678.95,678.95,678.95,678.95,678.95,678.95,678.95,678.95,678.95,678.95,678.95,678.95,678.95,678.95,678.95,678.95,678.951,678.951,678.951,678.951,678.951,678.951,678.951,678.951,678.951
1978-10-01,708.59,708.59,708.59,708.59,708.59,708.59,708.59,708.59,708.59,708.59,708.59,708.59,708.59,708.59,708.59,708.59,708.64,708.64,708.64,708.64,708.64,708.64,708.64,708.64,708.64,708.64,708.64,708.64,708.64,708.64,708.64,708.64,708.641,708.641,708.641,708.641,708.641,708.641,708.641,708.641,708.641
1979-01-01,733.56,733.56,733.56,733.56,733.56,733.56,733.56,733.56,733.56,733.56,733.56,733.56,733.56,733.56,733.56,733.56,733.61,733.61,733.61,733.61,733.61,733.61,733.61,733.61,733.61,733.61,733.61,733.61,733.61,733.61,733.61,733.61,733.605,733.605,733.605,733.605,733.605,733.605,733.605,733.605,733.605
1979-04-01,763.37,763.37,763.37,763.37,763.37,763.37,763.37,763.37,763.37,763.37,763.37,763.37,763.37,763.37,763.37,763.37,763.42,763.42,763.42,763.42,763.42,763.42,763.42,763.42,763.42,763.42,763.42,763.42,763.42,763.42,763.42,763.42,763.421,763.421,763.421,763.421,763.421,763.421,763.421,763.421,763.421
1979-07-01,795.89,795.89,795.89,795.89,795.89,795.89,795.89,795.89,795.89,795.89,795.89,795.89,795.89,795.89,795.89,795.89,795.93,795.93,795.93,795.93,795.93,795.93,795.93,795.93,795.93,795.93,795.93,795.93,795.93,795.93,795.93,795.93,795.927,795.927,795.927,795.927,795.927,795.927,795.927,795.927,795.927
1979-10-01,826.68,826.68,826.68,826.68,826.68,826.68,826.68,826.68,826.68,826.68,826.68,826.68,826.68,826.68,826.68,826.68,826.72,826.72,826.72,826.72,826.72,826.72,826.72,826.72,826.72,826.72,826.72,826.72,826.72,826.72,826.72,826.72,826.724,826.724,826.724,826.724,826.724,826.724,826.724,826.724,826.724
1980-01-01,856.19,856.19,856.19,856.19,856.19,856.19,856.19,856.19,856.19,856.19,856.19,856.19,856.19,856.19,856.19,856.19,856.23,856.23,856.23,856.23,856.23,856.23,856.23,856.23,856.23,856.23,856.23,856.23,856.23,856.23,856.23,856.23,856.228,856.228,856.228,856.228,856.228,856.228,856.228,856.228,856.228
1980-04-01,873.92,873.92,873.92,873.92,873.92,873.92,873.92,873.92,873.92,873.92,873.92,873.92,873.92,873.92,873.92,873.92,873.96,873.96,873.96,873.96,873.96,873.96,873.96,873.96,873.96,873.96,873.96,873.96,873.96,873.96,873.96,873.96,873.96,873.96,873.96,873.96,873.96,873.96,873.96,873.96,873.96
1980-07-01,901.34,901.34,901.34,901.34,901.34,901.34,901.34,901.34,901.34,901.34,901.34,901.34,901.34,901.34,901.34,901.34,901.37,901.37,901.37,901.37,901.37,901.37,901.37,901.37,901.37,901.37,901.37,901.37,901.37,901.37,901.37,901.37,901.374,901.374,901.374,901.374,901.374,901.374,901.374,901.374,901.374
1980-10-01,926.49,926.49,926.49,926.49,926.49,926.49,926.49,926.49,926.49,926.49,926.49,926.49,926.49,926.49,926.49,926.49,926.53,926.53,926.53,926.53,926.53,926.53,926.53,926.53,926.53,926.53,926.53,926.53,926.53,926.53,926.53,926.53,926.526,926.526,926.526,926.526,926.526,926.526,926.526,926.526,926.526
1981-01-01,940.55,940.55,940.55,940.55,940.55,940.55,940.55,940.55,940.55,940.55,940.55,940.55,940.55,940.55,940.55,940.55,940.59,940.59,940.59,940.59,940.59,940.59,940.59,940.59,940.59,940.59,940.59,940.59,940.59,940.59,940.59,940.59,940.59,940.59,940.59,940.59,940.59,940.59,940.59,940.59,940.59
1981-04-01,964.1,964.1,964.1,964.1,964.1,964.1,964.1,964.1,964.1,964.1,964.1,964.1,964.1,964.1,964.1,964.1,964.15,964.15,964.15,964.15,964.15,964.15,964.15,964.15,964.15,964.15,964.15,964.15,964.15,964.15,964.15,964.15,964.154,964.154,964.154,964.154,964.154,964.154,964.154,964.154,964.154
1981-07-01,981.82,981.82,981.82,981.82,981.82,981.82,981.82,981.82,981.82,981.82,981.82,981.82,981.82,981.82,981.82,981.82,981.85,981.85,981.85,981.85,981.85,981.85,981.85,981.85,981.85,981.85,981.85,981.85,981.85,981.85,981.85,981.85,981.849,981.849,981.849,981.849,981.849,981.849,981.849,981.849,981.849
1981-10-01,998.22,998.22,998.22,998.22,998.22,998.22,998.22,998.22,998.22,998.22,998.22,998.22,998.22,998.22,998.22,998.22,998.26,998.26,998.26,998.26,998.26,998.26,998.26,998.26,998.26,998.26,998.26,998.26,998.26,998.26,998.26,998.26,998.261,998.261,998.261,998.261,998.261,998.261,998.261,998.261,998.261
1982-01-01,1007.88,1007.88,1007.88,1007.88,1007.88,1007.88,1007.88,1007.88,1007.88,1007.88,1007.88,1007.88,1007.88,1007.88,1007.88,1007.88,1007.91,1007.91,1007.91,1007.91,1007.91,1007.91,1007.91,1007.91,1007.91,1007.91,1007.91,1007.91,1007.91,1007.91,1007.91,1007.91,1007.909,1007.909,1007.909,1007.909,1007.909,1007.909,1007.909,1007.909,1007.909
1982-04-01,1019.23,1019.23,1019.23,1019.23,1019.23,1019.23,1019.23,1019.23,1019.23,1019.23,1019.23,1019.23,1019.23,1019.23,1019.23,1019.23,1019.26,1019.26,1019.26,1019.26,1019.26,1019.26,1019.26,1019.26,1019.26,1019.26,1019.26,1019.26,1019.26,1019.26,1019.26,1019.26,1019.26,1019.26,1019.26,1019.26,1019.26,1019.26,1019.26,1019.26,1019.26
1982-07-01,1017.71,1017.71,1017.71,1017.71,1017.71,1017.71,1017.71,1017.71,1017.71,1017.71,1017.71,1017.71,1017.71,1017.71,1017.71,1017.71,1017.74,1017.74,1017.74,1017.74,1017.74,1017.74,1017.74,1017.74,1017.74,1017.74,1017.74,1017.74,1017.74,1017.74,1017.74,1017.74,1017.736,1017.736,1017.736,1017.736,1017.736,1017.736,1017.736,1017.736,1017.736
1982-10-01,1031.15,1031.15,1031.15,1031.15,1031.15,1031.15,1031.15,1031.15,1031.15,1031.15,1031.15,1031.15,1031.15,1031.15,1031.15,1031.15,1031.18,1031.18,1031.18,1031.18,1031.18,1031.18,1031.18,1031.18,1031.18,1031.18,1031.18,1031.18,1031.18,1031.18,1031.18,1031.18,1031.175,1031.175,1031.175,1031.175,1031.175,1031.175,1031.175,1031.175,1031.175
1983-01-01,1026.23,1026.23,1026.23,1026.23,1026.23,1026.23,1026.23,1026.23,1026.23,1026.23,1026.23,1026.23,1026.23,1026.23,1026.23,1026.23,1026.26,1026.26,1026.26,1026.26,1026.26,1026.26,1026.26,1026.26,1026.26,1026.26,1026.26,1026.26,1026.26,1026.26,1026.26,1026.26,1026.258,1026.258,1026.258,1026.258,1026.258,1026.258,1026.258,1026.258,1026.258
1983-04-01,1053.72,1053.72,1053.72,1053.72,1053.72,1053.72,1053.72,1053.72,1053.72,1053.72,1053.72,1053.72,1053.72,1053.72,1053.72,1053.72,1053.75,1053.75,1053.75,1053.75,1053.75,1053.75,1053.75,1053.75,1053.75,1053.75,1053.75,1053.75,1053.75,1053.75,1053.75,1053.75,1053.751,1053.751,1053.751,1053.751,1053.751,1053.751,1053.751,1053.751,1053.751
1983-07-01,1087.48,1087.48,1087.48,1087.48,1087.48,1087.48,1087.48,1087.48,1087.48,1087.48,1087.48,1087.48,1087.48,1087.48,1087.48,1087.48,1087.57,1087.57,1087.57,1087.57,1087.57,1087.57,1087.57,1087.57,1087.57,1087.57,1087.57,1087.57,1087.57,1087.57,1087.57,1087.57,1087.568,1087.568,1087.568,1087.568,1087.568,1087.568,1087.568,1087.568,1087.568
1983-10-01,1116.23,1116.23,1116.23,1116.23,1116.23,1116.23,1116.23,1116.23,1116.23,1116.23,1116.23,1116.23,1116.23,1116.23,1116.23,1116.23,1116.38,1116.38,1116.38,1116.38,1116.38,1116.38,1116.38,1116.38,1116.38,1116.38,1116.38,1116.38,1116.38,1116.38,1116.38,1116.38,1116.384,1116.384,1116.384,1116.384,1116.384,1116.384,1116.384,1116.384,1116.384
1984-01-01,1143.89,1143.89,1143.89,1143.89,1143.89,1143.89,1143.89,1143.89,1143.89,1143.89,1143.89,1143.89,1143.89,1143.89,1143.89,1143.89,1144.1,1144.1,1144.1,1144.1,1144.1,1144.1,1144.1,1144.1,1144.1,1144.1,1144.1,1144.1,1144.1,1144.1,1144.1,1144.1,1144.101,1144.101,1144.101,1144.101,1144.101,1144.101,1144.101,1144.101,1144.101
1984-04-01,1177.37,1177.37,1177.37,1177.37,1177.37,1177.37,1177.37,1177.37,1177.37,1177.37,1177.37,1177.37,1177.37,1177.37,1177.37,1177.37,1177.68,1177.68,1177.68,1177.68,1177.68,1177.68,1177.68,1177.68,1177.68,1177.68,1177.68,1177.68,1177.68,1177.68,1177.68,1177.68,1177.677,1177.677,1177.677,1177.677,1177.677,1177.677,1177.677,1177.677,1177.677
1984-07-01,1211.11,1211.11,1211.11,1211.11,1211.11,1211.11,1211.11,1211.11,1211.11,1211.11,1211.11,1211.11,1211.11,1211.11,1211.11,1211.11,1211.5,1211.5,1211.5,1211.5,1211.5,1211.5,1211.5,1211.5,1211.5,1211.5,1211.5,1211.5,1211.5,1211.5,1211.5,1211.5,1211.497,1211.497,1211.497,1211.497,1211.497,1211.497,1211.497,1211.497,1211.497
1984-10-01,1242.83,1242.83,1242.83,1242.83,1242.83,1242.83,1242.83,1242.83,1242.83,1242.83,1242.83,1242.83,1242.83,1242.83,1242.83,1242.83,1243.29,1243.29,1243.29,1243.29,1243.29,1243.29,1243.29,1243.29,1243.29,1243.29,1243.29,1243.29,1243.29,1243.29,1243.29,1243.29,1243.294,1243.294,1243.294,1243.294,1243.294,1243.294,1243.294,1243.294,1243.294
1985-01-01,1304.44,1304.44,1304.44,1304.44,1304.44,1304.44,1304.44,1304.44,1304.44,1304.44,1304.44,1304.44,1304.44,1304.44,1304.44,1304.44,1304.98,1304.98,1304.98,1304.98,1304.98,1304.98,1304.98,1304.98,1304.98,1304.98,1304.98,1304.98,1304.98,1304.98,1304.98,1304.98,1304.981,1304.981,1304.981,1304.981,1304.981,1304.981,1304.981,1304.981,1304.981
1985-04-01,1342.66,1342.66,1342.66,1342.66,1342.66,1342.66,1342.66,1342.66,1342.66,1342.66,1342.66,1342.66,1342.66,1342.66,1342.66,1342.66,1343.29,1343.29,1343.29,1343.29,1343.29,1343.29,1343.29,1343.29,1343.29,1343.29,1343.29,1343.29,1343.29,1343.29,1343.29,1343.29,1343.287,1343.287,1343.287,1343.287,1343.287,1343.287,1343.287,1343.287,1343.287
1985-07-01,1401.42,1401.42,1401.42,1401.42,1401.42,1401.42,1401.42,1401.42,1401.42,1401.42,1401.42,1401.42,1401.42,1401.42,1401.42,1401.42,1402.16,1402.16,1402.16,1402.16,1402.16,1402.16,1402.16,1402.16,1402.16,1402.16,1402.16,1402.16,1402.16,1402.16,1402.16,1402.16,1402.164,1402.164,1402.164,1402.164,1402.164,1402.164,1402.164,1402.164,1402.164
1985-10-01,1449.56,1449.56,1449.56,1449.56,1449.56,1449.56,1449.56,1449.56,1449.56,1449.56,1449.56,1449.56,1449.56,1449.56,1449.56,1449.56,1450.25,1450.25,1450.25,1450.25,1450.25,1450.25,1450.25,1450.25,1450.25,1450.25,1450.25,1450.25,1450.25,1450.25,1450.25,1450.25,1450.249,1450.249,1450.249,1450.249,1450.249,1450.249,1450.249,1450.249,1450.249
1986-01-01,1476.21,1476.21,1476.21,1476.21,1476.21,1476.21,1476.21,1476.21,1476.21,1476.21,1476.21,1476.21,1476.21,1476.21,1476.21,1476.21,1476.95,1476.95,1476.95,1476.95,1476.95,1476.95,1476.95,1476.95,1476.95,1476.95,1476.95,1476.95,1476.95,1476.95,1476.95,1476.95,1476.952,1476.952,1476.952,1476.952,1476.952,1476.952,1476.952,1476.952,1476.952
1986-04-01,1525.22,1525.22,1525.22,1525.22,1525.22,1525.22,1525.22,1525.22,1525.22,1525.22,1525.22,1525.22,1525.22,1525.22,1525.22,1525.22,1525.86,1525.86,1525.86,1525.86,1525.86,1525.86,1525.86,1525.86,1525.86,1525.86,1525.86,1525.86,1525.86,1525.86,1525.86,1525.86,1525.857,1525.857,1525.857,1525.857,1525.857,1525.857,1525.857,1525.857,1525.857
1986-07-01,1587.39,1587.39,1587.39,1587.39,1587.39,1587.39,1587.39,1587.39,1587.39,1587.39,1587.39,1587.39,1587.39,1587.39,1587.39,1587.39,1587.99,1587.99,1587.99,1587.99,1587.99,1587.99,1587.99,1587.99,1587.99,1587.99,1587.99,1587.99,1587.99,1587.99,1587.99,1587.99,1587.994,1587.994,1587.994,1587.994,1587.994,1587.994,1587.994,1587.994,1587.994
1986-10-01,1648.34,1648.34,1648.34,1648.34,1648.34,1648.34,1648.34,1648.34,1648.34,1648.34,1648.34,1648.34,1648.34,1648.34,1648.34,1648.34,1649.02,1649.02,1649.02,1649.02,1649.02,1649.02,1649.02,1649.02,1649.02,1649.02,1649.02,1649.02,1649.02,1649.02,1649.02,1649.02,1649.024,1649.024,1649.024,1649.024,1649.024,1649.024,1649.024,1649.024,1649.024
1987-01-01,1680.76,1680.76,1680.76,1680.76,1680.76,1680.76,1680.76,1680.76,1680.76,1680.76,1680.76,1680.76,1680.76,1680.76,1680.76,1680.76,1681.56,1681.56,1681.56,1681.56,1681.56,1681.56,1681.56,1681.56,1681.56,1681.56,1681.56,1681.56,1681.56,1681.56,1681.56,1681.56,1681.564,1681.564,1681.564,1681.564,1681.564,1681.564,1681.564,1681.564,1681.564
1987-04-01,1751.94,1751.94,1751.94,1751.94,1751.94,1751.94,1751.94,1751.94,1751.94,1751.94,1751.94,1751.94,1751.94,1751.94,1751.94,1751.94,1752.71,1752.71,1752.71,1752.71,1752.71,1752.71,1752.71,1752.71,1752.71,1752.71,1752.71,1752.71,1752.71,1752.71,1752.71,1752.71,1752.706,1752.706,1752.706,1752.706,1752.706,1752.706,1752.706,1752.706,1752.706
1987-07-01,1802.17,1802.17,1802.17,1802.17,1802.17,1802.17,1802.17,1802.17,1802.17,1802.17,1802.17,1802.17,1802.17,1802.17,1802.17,1802.17,1802.93,1802.93,1802.93,1802.93,1802.93,1802.93,1802.93,1802.93,1802.93,1802.93,1802.93,1802.93,1802.93,1802.93,1802.93,1802.93,1802.929,1802.929,1802.929,1802.929,1802.929,1802.929,1802.929,1802.929,1802.929
1987-10-01,1827.85,1827.85,1827.85,1827.85,1827.85,1827.85,1827.85,1827.85,1827.85,1827.85,1827.85,1827.85,1827.85,1827.85,1827.85,1827.85,1828.61,1828.61,1828.61,1828.61,1828.61,1828.61,1828.61,1828.61,1828.61,1828.61,1828.61,1828.61,1828.61,1828.61,1828.61,1828.61,1828.608,1828.608,1828.608,1828.608,1828.608,1828.608,1828.608,1828.608,1828.608
1988-01-01,1874.84,1874.84,1874.84,1874.84,1874.84,1874.84,1874.84,1874.84,1874.84,1874.84,1874.84,1874.84,1874.84,1874.84,1874.84,1874.84,1875.6,1875.6,1875.6,1875.6,1875.6,1875.6,1875.6,1875.6,1875.6,1875.6,1875.6,1875.6,1875.6,1875.6,1875.6,1875.6,1875.598,1875.598,1875.598,1875.598,1875.598,1875.598,1875.598,1875.598,1875.598
1988-04-01,1941.42,1941.42,1941.42,1941.42,1941.42,1941.42,1941.42,1941.42,1941.42,1941.42,1941.42,1941.42,1941.42,1941.42,1941.42,1941.42,1942.1,1942.1,1942.1,1942.1,1942.1,1942.1,1942.1,1942.1,1942.1,1942.1,1942.1,1942.1,1942.1,1942.1,1942.1,1942.1,1942.104,1942.104,1942.104,1942.104,1942.104,1942.104,1942.104,1942.104,1942.104
1988-07-01,1998.91,1998.91,1998.91,1998.91,1998.91,1998.91,1998.91,1998.91,1998.91,1998.91,1998.91,1998.91,1998.91,1998.91,1998.91,1998.91,1999.59,1999.59,1999.59,1999.59,1999.59,1999.59,1999.59,1999.59,1999.59,1999.59,1999.59,1999.59,1999.59,1999.59,1999.59,1999.59,1999.589,1999.589,1999.589,1999.589,1999.589,1999.589,1999.589,1999.589,1999.589
1988-10-01,2054.16,2054.16,2054.16,2054.16,2054.16,2054.16,2054.16,2054.16,2054.16,2054.16,2054.16,2054.16,2054.16,2054.16,2054.16,2054.16,2054.83,2054.83,2054.83,2054.83,2054.83,2054.83,2054.83,2054.83,2054.83,2054.83,2054.83,2054.83,2054.83,2054.83,2054.83,2054.83,2054.832,2054.832,2054.832,2054.832,2054.832,2054.832,2054.832,2054.832,2054.832
1989-01-01,2088.2,2088.2,2088.2,2088.2,2088.2,2088.2,2088.2,2088.2,2088.2,2088.2,2088.2,2088.2,2088.2,2088.2,2088.2,2088.2,2088.88,2088.88,2088.88,2088.88,2088.88,2088.88,2088.88,2088.88,2088.88,2088.88,2088.88,2088.88,2088.88,2088.88,2088.88,2088.88,2088.877,2088.877,2088.877,2088.877,2088.877,2088.877,2088.877,2088.877,2088.877
1989-04-01,2145.82,2145.82,2145.82,2145.82,2145.82,2145.82,2145.82,2145.82,2145.82,2145.82,2145.82,2145.82,2145.82,2145.82,2145.82,2145.82,2146.49,2146.49,2146.49,2146.49,2146.49,2146.49,2146.49,2146.49,2146.49,2146.49,2146.49,2146.49,2146.49,2146.49,2146.49,2146.49,2146.493,2146.493,2146.493,2146.493,2146.493,2146.493,2146.493,2146.493,2146.493
1989-07-01,2210.01,2210.01,2210.01,2210.01,2210.01,2210.01,2210.01,2210.01,2210.01,2210.01,2210.01,2210.01,2210.01,2210.01,2210.01,2210.01,2210.69,2210.69,2210.69,2210.69,2210.69,2210.69,2210.69,2210.69,2210.69,2210.69,2210.69,2210.69,2210.69,2210.69,2210.69,2210.69,2210.69,2210.69,2210.69,2210.69,2210.69,2210.69,2210.69,2210.69,2210.69
1989-10-01,2259.47,2259.47,2259.47,2259.47,2259.47,2259.47,2259.47,2259.47,2259.47,2259.47,2259.47,2259.47,2259.47,2259.47,2259.47,2259.47,2260.12,2260.12,2260.12,2260.12,2260.12,2260.12,2260.12,2260.12,2260.12,2260.12,2260.12,2260.12,2260.12,2260.12,2260.12,2260.12,2260.115,2260.115,2260.115,2260.115,2260.115,2260.115,2260.115,2260.115,2260.115
1990-01-01,2334.29,2334.29,2334.29,2334.29,2334.29,2334.29,2334.29,2334.29,2334.29,2334.29,2334.29,2334.29,2334.29,2334.29,2334.29,2334.29,2334.91,2334.91,2334.91,2334.91,2334.91,2334.91,2334.91,2334.91,2334.91,2334.91,2334.91,2334.91,2334.91,2334.91,2334.91,2334.91,2334.912,2334.912,2334.912,2334.912,2334.912,2334.912,2334.912,2334.912,2334.912
1990-04-01,2394.84,2394.84,2394.84,2394.84,2394.84,2394.84,2394.84,2394.84,2394.84,2394.84,2394.84,2394.84,2394.84,2394.84,2394.84,2394.84,2395.41,2395.41,2395.41,2395.41,2395.41,2395.41,2395.41,2395.41,2395.41,2395.41,2395.41,2395.41,2395.41,2395.41,2395.41,2395.41,2395.411,2395.411,2395.411,2395.411,2395.411,2395.411,2395.411,2395.411,2395.411
1990-07-01,2446.21,2446.21,2446.21,2446.21,2446.21,2446.21,2446.21,2446.21,2446.21,2446.21,2446.21,2446.21,2446.21,2446.21,2446.21,2446.21,2446.74,2446.74,2446.74,2446.74,2446.74,2446.74,2446.74,2446.74,2446.74,2446.74,2446.74,2446.74,2446.74,2446.74,2446.74,2446.74,2446.737,2446.737,2446.737,2446.737,2446.737,2446.737,2446.737,2446.737,2446.737
1990-10-01,2488.76,2488.76,2488.76,2488.76,2488.76,2488.76,2488.76,2488.76,2488.76,2488.76,2488.76,2488.76,2488.76,2488.76,2488.76,2488.76,2489.26,2489.26,2489.26,2489.26,2489.26,2489.26,2489.26,2489.26,2489.26,2489.26,2489.26,2489.26,2489.26,2489.26,2489.26,2489.26,2489.255,2489.255,2489.255,2489.255,2489.255,2489.255,2489.255,2489.255,2489.255
1991-01-01,2528.69,2528.69,2528.69,2528.69,2528.69,2528.69,2528.69,2528.69,2528.69,2528.69,2528.69,2528.69,2528.69,2528.69,2528.69,2528.69,2529.15,2529.15,2529.15,2529.15,2529.15,2529.15,2529.15,2529.15,2529.15,2529.15,2529.15,2529.15,2529.15,2529.15,2529.15,2529.15,2529.152,2529.152,2529.152,2529.152,2529.152,2529.152,2529.152,2529.152,2529.152
1991-04-01,2589.66,2589.66,2589.66,2589.66,2589.66,2589.66,2589.66,2589.66,2589.66,2589.66,2589.66,2589.66,2589.66,2589.66,2589.66,2589.66,2590.11,2590.11,2590.11,2590.11,2590.11,2590.11,2590.11,2590.11,2590.11,2590.11,2590.11,2590.11,2590.11,2590.11,2590.11,2590.11,2590.113,2590.113,2590.113,2590.113,2590.113,2590.113,2590.113,2590.113,2590.113
1991-07-01,2613.57,2613.57,2613.57,2613.57,2613.57,2613.57,2613.57,2613.57,2613.57,2613.57,2613.57,2613.57,2613.57,2613.57,2613.57,2613.57,2613.97,2613.97,2613.97,2613.97,2613.97,2613.97,2613.97,2613.97,2613.97,2613.97,2613.97,2613.97,2613.97,2613.97,2613.97,2613.97,2613.968,2613.968,2613.968,2613.968,2613.968,2613.968,2613.968,2613.968,2613.968
1991-10-01,2666.97,2666.97,2666.97,2666.97,2666.97,2666.97,2666.97,2666.97,2666.97,2666.97,2666.97,2666.97,2666.97,2666.97,2666.97,2666.97,2667.36,2667.36,2667.36,2667.36,2667.36,2667.36,2667.36,2667.36,2667.36,2667.36,2667.36,2667.36,2667.36,2667.36,2667.36,2667.36,2667.356,2667.356,2667.356,2667.356,2667.356,2667.356,2667.356,2667.356,2667.356
1992-01-01,2707.36,2707.36,2707.36,2707.36,2707.36,2707.36,2707.36,2707.36,2707.36,2707.36,2707.36,2707.36,2707.36,2707.36,2707.36,2707.36,2707.72,2707.72,2707.72,2707.72,2707.72,2707.72,2707.72,2707.72,2707.72,2707.72,2707.72,2707.72,2707.72,2707.72,2707.72,2707.72,2707.721,2707.721,2707.721,2707.721,2707.721,2707.721,2707.721,2707.721,2707.721
1992-04-01,2740.35,2740.35,2740.35,2740.35,2740.35,2740.35,2740.35,2740.35,2740.35,2740.35,2740.35,2740.35,2740.35,2740.35,2740.35,2740.35,2740.7,2740.7,2740.7,2740.7,2740.7,2740.7,2740.7,2740.7,2740.7,2740.7,2740.7,2740.7,2740.7,2740.7,2740.7,2740.7,2740.695,2740.695,2740.695,2740.695,2740.695,2740.695,2740.695,2740.695,2740.695
1992-07-01,2795.0,2795.0,2795.0,2795.0,2795.0,2795.0,2795.0,2795.0,2795.0,2795.0,2795.0,2795.0,2795.0,2795.0,2795.0,2795.0,2795.33,2795.33,2795.33,2795.33,2795.33,2795.33,2795.33,2795.33,2795.33,2795.33,2795.33,2795.33,2795.33,2795.33,2795.33,2795.33,2795.327,2795.327,2795.327,2795.327,2795.327,2795.327,2795.327,2795.327,2795.327
1992-10-01,2840.03,2840.03,2840.03,2840.03,2840.03,2840.03,2840.03,2840.03,2840.03,2840.03,2840.03,2840.03,2840.03,2840.03,2840.03,2840.03,2840.36,2840.36,2840.36,2840.36,2840.36,2840.36,2840.36,2840.36,2840.36,2840.36,2840.36,2840.36,2840.36,2840.35,2840.35,2840.35,2840.353,2840.353,2840.353,2840.353,2840.353,2840.353,2840.353,2840.353,2840.353
1993-01-01,2853.84,2853.84,2853.84,2853.84,2853.84,2853.84,2853.84,2853.84,2853.84,2853.84,2853.84,2853.84,2853.84,2853.84,2853.84,2853.84,2854.17,2854.17,2854.17,2854.17,2854.17,2854.17,2854.17,2854.17,2854.17,2854.17,2854.17,2854.17,2854.17,2854.17,2854.17,2854.17,2854.166,2854.188,2854.188,2854.188,2854.188,2854.188,2854.188,2854.188,2854.188
1993-04-01,2907.46,2907.46,2907.46,2907.46,2907.46,2907.46,2907.46,2907.46,2907.46,2907.46,2907.46,2907.46,2907.46,2907.46,2907.46,2907.46,2907.78,2907.78,2907.78,2907.78,2907.78,2907.78,2907.78,2907.78,2907.78,2907.78,2907.78,2907.78,2907.78,2907.79,2907.79,2907.79,2907.787,2907.828,2907.828,2907.828,2907.828,2907.828,2907.828,2907.828,2907.828
1993-07-01,2957.61,2957.61,2957.61,2957.61,2957.61,2957.61,2957.61,2957.61,2957.61,2957.61,2957.61,2957.61,2957.61,2957.61,2957.61,2957.61,2957.93,2957.93,2957.93,2957.93,2957.93,2957.93,2957.93,2957.93,2957.93,2957.93,2957.93,2957.93,2957.93,2957.94,2957.94,2957.94,2957.937,2958.017,2958.017,2958.017,2958.017,2958.017,2958.017,2958.017,2958.017
1993-10-01,2998.73,2998.73,2998.73,2998.73,2998.73,2998.73,2998.73,2998.73,2998.73,2998.73,2998.73,2998.73,2998.73,2998.73,2998.73,2998.73,2999.03,2999.03,2999.03,2999.03,2999.03,2999.03,2999.03,2999.03,2999.03,2999.03,2999.03,2999.03,2999.03,2999.06,2999.06,2999.06,2999.062,2999.178,2999.178,2999.178,2999.178,2999.178,2999.178,2999.178,2999.178
1994-01-01,3029.01,3029.01,3029.01,3029.01,3029.01,3029.01,3029.01,3029.01,3029.01,3029.01,3029.01,3029.01,3029.01,3029.01,3029.01,3029.01,3029.31,3029.31,3029.31,3029.31,3029.31,3029.31,3029.31,3029.31,3029.31,3029.31,3029.31,3029.31,3029.31,3029.32,3029.32,3029.32,3029.316,3029.469,3029.469,3029.469,3029.469,3029.469,3029.469,3029.469,3029.469
1994-04-01,3074.09,3074.09,3074.09,3074.09,3074.09,3074.09,3074.09,3074.09,3074.09,3074.09,3074.09,3074.09,3074.09,3074.09,3074.09,3074.09,3074.39,3074.39,3074.39,3074.39,3074.39,3074.39,3074.39,3074.39,3074.39,3074.39,3074.39,3074.39,3074.39,3074.39,3074.39,3074.39,3074.394,3074.622,3074.622,3074.622,3074.622,3074.622,3074.622,3074.622,3074.622
1994-07-01,3120.45,3120.45,3120.45,3120.45,3120.45,3120.45,3120.45,3120.45,3120.45,3120.45,3120.45,3120.45,3120.45,3120.45,3120.45,3120.45,3120.74,3120.74,3120.74,3120.74,3120.74,3120.74,3120.74,3120.74,3120.74,3120.74,3120.74,3120.74,3120.74,3120.74,3120.74,3120.74,3120.742,3121.049,3121.049,3121.049,3121.049,3121.049,3121.049,3121.049,3121.049
1994-10-01,3165.25,3165.25,3165.25,3165.25,3165.25,3165.25,3165.25,3165.25,3165.25,3165.25,3165.25,3165.25,3165.25,3165.25,3165.25,3165.25,3165.54,3165.54,3165.54,3165.54,3165.54,3165.54,3165.54,3165.54,3165.54,3165.54,3165.54,3165.54,3165.54,3165.55,3165.55,3165.55,3165.549,3165.94,3165.94,3165.94,3165.94,3165.94,3165.94,3165.94,3165.94
1995-01-01,3191.2,3191.2,3191.2,3191.2,3191.2,3191.2,3191.2,3191.2,3191.2,3191.2,3191.2,3191.2,3191.2,3191.2,3191.2,3191.2,3191.48,3191.48,3191.48,3191.48,3191.48,3191.48,3191.49,3191.49,3191.49,3191.49,3191.49,3191.49,3191.49,3191.48,3191.48,3191.48,3191.476,3191.926,3191.926,3191.926,3191.926,3191.926,3191.926,3191.926,3191.926
1995-04-01,3237.41,3237.41,3237.41,3237.41,3237.41,3237.41,3237.41,3237.41,3237.41,3237.41,3237.41,3237.41,3237.41,3237.41,3237.41,3237.41,3237.69,3237.69,3237.69,3237.69,3237.69,3237.69,3237.69,3237.69,3237.69,3237.69,3237.69,3237.69,3237.69,3237.7,3237.7,3237.7,3237.696,3238.302,3238.302,3238.302,3238.302,3238.302,3238.302,3238.302,3238.302
1995-07-01,3288.84,3288.84,3288.84,3288.84,3288.84,3288.84,3288.84,3288.84,3288.84,3288.84,3288.84,3288.84,3288.84,3288.84,3288.84,3288.84,3289.13,3289.13,3289.13,3289.13,3289.13,3289.13,3289.13,3289.13,3289.13,3289.13,3289.13,3289.13,3289.13,3289.13,3289.13,3289.13,3289.134,3289.771,3289.771,3289.771,3289.771,3289.771,3289.771,3289.771,3289.771
1995-10-01,3318.89,3318.89,3318.89,3318.89,3318.89,3318.89,3318.89,3318.89,3318.89,3318.89,3318.89,3318.89,3318.89,3318.89,3318.89,3318.89,3319.18,3319.18,3319.18,3319.18,3319.18,3319.18,3319.18,3319.18,3319.18,3319.18,3319.18,3319.18,3319.18,3319.18,3319.18,3319.18,3319.182,3319.925,3319.925,3319.925,3319.925,3319.925,3319.925,3319.925,3319.925
1996-01-01,3364.21,3364.21,3364.21,3364.21,3364.21,3364.21,3364.21,3364.21,3377.22,3377.22,3377.22,3377.22,3377.22,3377.22,3377.22,3377.22,3377.53,3377.53,3377.53,3377.53,3377.53,3377.53,3377.53,3377.53,3377.53,3377.53,3377.53,3377.53,3377.53,3377.53,3377.53,3377.53,3377.527,3378.306,3378.306,3378.306,3378.306,3378.306,3378.306,3378.306,3378.306
1996-04-01,3417.5,3417.5,3417.5,3417.5,3417.5,3417.5,3417.5,3417.5,3430.57,3430.57,3430.57,3430.57,3430.57,3430.57,3430.57,3430.57,3430.89,3430.89,3430.89,3430.89,3430.89,3430.89,3430.89,3430.89,3430.89,3430.89,3430.89,3430.89,3430.89,3430.89,3430.89,3430.89,3430.888,3431.661,3431.661,3431.661,3431.661,3431.661,3431.661,3431.661,3431.661
1996-07-01,3474.57,3474.57,3474.57,3474.57,3474.57,3474.57,3474.57,3474.57,3487.73,3487.73,3487.73,3487.73,3487.73,3487.73,3487.73,3487.73,3488.05,3488.05,3488.05,3488.05,3488.05,3488.05,3488.05,3488.05,3488.05,3488.05,3488.05,3488.05,3488.05,3488.05,3488.05,3488.05,3488.05,3488.838,3488.838,3488.838,3488.838,3488.838,3488.838,3488.838,3488.838
1996-10-01,3523.78,3523.78,3523.78,3523.78,3523.78,3523.78,3523.78,3523.78,3536.96,3536.96,3536.96,3536.96,3536.96,3536.96,3536.96,3536.96,3537.29,3537.29,3537.29,3537.29,3537.29,3537.29,3537.29,3537.29,3537.29,3537.29,3537.29,3537.29,3537.29,3537.29,3537.29,3537.29,3537.293,3538.132,3538.132,3538.132,3538.132,3538.132,3538.132,3538.132,3538.132
1997-01-01,3565.63,3565.63,3565.63,3565.63,3565.63,3565.63,3565.63,3565.63,3579.27,3579.27,3579.27,3579.27,3579.27,3579.27,3579.24,3579.24,3579.57,3579.57,3579.57,3579.57,3579.57,3579.57,3579.57,3579.57,3579.57,3579.57,3579.57,3579.57,3579.57,3579.57,3579.57,3579.57,3579.568,3580.473,3580.473,3580.473,3580.473,3580.473,3580.473,3580.473,3580.473
1997-04-01,3616.78,3616.78,3616.78,3616.78,3616.78,3616.78,3616.78,3616.78,3630.7,3630.7,3630.7,3630.7,3630.7,3630.7,3630.66,3630.66,3631.0,3631.0,3631.0,3631.0,3631.0,3631.0,3631.0,3631.0,3631.0,3631.0,3631.0,3631.0,3631.0,3631.0,3631.0,3631.0,3631.0,3631.924,3631.924,3631.924,3631.924,3631.924,3631.924,3631.924,3631.924
1997-07-01,3701.78,3701.78,3701.78,3701.78,3701.78,3701.78,3701.78,3701.78,3715.71,3715.71,3715.71,3715.71,3715.71,3715.71,3715.67,3715.67,3716.02,3716.02,3716.02,3716.02,3716.02,3716.02,3716.02,3716.02,3716.02,3716.02,3716.02,3716.02,3716.02,3716.02,3716.02,3716.02,3716.02,3717.007,3717.007,3717.007,3717.007,3717.007,3717.007,3717.007,3717.007
1997-10-01,3739.25,3739.25,3739.25,3739.25,3739.25,3739.25,3739.25,3739.25,3752.88,3752.88,3752.88,3752.88,3752.88,3752.88,3752.84,3752.84,3753.2,3753.2,3753.2,3753.2,3753.2,3753.2,3753.2,3753.2,3753.2,3753.2,3753.2,3753.2,3753.2,3753.2,3753.2,3753.2,3753.196,3754.238,3754.238,3754.238,3754.238,3754.238,3754.238,3754.238,3754.238
1998-01-01,3793.13,3793.13,3793.13,3793.13,3793.13,3793.13,3793.13,3793.13,3807.9,3807.9,3807.9,3807.9,3807.9,3807.9,3808.06,3808.06,3808.42,3808.42,3808.42,3808.42,3808.42,3808.42,3808.42,3808.42,3808.42,3808.42,3808.42,3808.42,3808.42,3808.42,3808.42,3808.42,3808.422,3809.49,3809.49,3809.49,3809.49,3809.49,3809.49,3809.49,3809.49
1998-04-01,3872.74,3872.74,3872.74,3872.74,3872.74,3872.74,3872.74,3872.74,3886.42,3886.42,3886.42,3886.42,3886.42,3886.42,3886.54,3886.54,3886.92,3886.92,3886.92,3886.92,3886.92,3886.92,3886.93,3886.93,3886.93,3886.93,3886.93,3886.93,3886.93,3886.93,3886.93,3886.93,3886.925,3888.138,3888.138,3888.138,3888.138,3888.138,3888.138,3888.138,3888.138
1998-07-01,3948.56,3948.56,3948.56,3948.56,3948.56,3948.56,3948.56,3948.56,3963.03,3963.03,3963.03,3963.03,3963.03,3963.03,3963.22,3963.22,3963.62,3963.62,3963.62,3963.62,3963.62,3963.62,3963.62,3963.62,3963.62,3963.62,3963.62,3963.62,3963.62,3963.62,3963.62,3963.62,3963.618,3964.84,3964.84,3964.84,3964.84,3964.84,3964.84,3964.84,3964.84
1998-10-01,4040.62,4040.62,4040.62,4040.62,4040.62,4040.62,4040.62,4040.62,4053.99,4053.99,4053.99,4053.99,4053.99,4053.99,4054.24,4054.24,4054.65,4054.65,4054.65,4054.65,4054.65,4054.65,4054.66,4054.66,4054.66,4054.66,4054.66,4054.66,4054.66,4054.66,4054.66,4054.66,4054.655,4057.442,4057.442,4057.442,4057.442,4057.442,4057.442,4057.442,4057.442
1999-01-01,4119.27,4119.27,4119.27,4119.27,4119.27,4119.27,4119.27,4119.27,4133.25,4133.25,4133.25,4133.25,4133.25,4133.25,4133.44,4133.44,4133.87,4133.87,4133.87,4133.87,4133.87,4133.87,4133.87,4133.87,4133.87,4133.87,4133.87,4133.87,4133.87,4133.87,4133.87,4133.87,4133.871,4136.676,4136.676,4136.676,4136.676,4136.676,4136.676,4136.676,4136.676
1999-04-01,4216.1,4216.1,4216.1,4216.1,4216.1,4216.1,4216.1,4216.1,4229.72,4229.72,4229.72,4229.72,4229.72,4229.72,4229.93,4229.93,4230.37,4230.37,4230.37,4230.37,4230.37,4230.37,4230.37,4230.37,4230.37,4230.37,4230.37,4230.37,4230.37,4230.37,4230.37,4230.37,4230.37,4233.199,4233.199,4233.199,4233.199,4233.199,4233.199,4233.199,4233.199
1999-07-01,4334.7,4334.7,4334.7,4334.7,4334.7,4334.7,4334.7,4334.7,4347.71,4347.71,4347.71,4347.71,4347.71,4347.71,4347.93,4347.93,4348.39,4348.39,4348.39,4348.39,4348.39,4348.39,4348.39,4348.39,4348.39,4348.39,4348.39,4348.39,4348.39,4348.39,4348.39,4348.39,4348.385,4351.224,4351.224,4351.224,4351.224,4351.224,4351.224,4351.224,4351.224
1999-10-01,4416.26,4416.26,4416.26,4416.26,4416.26,4416.34,4416.34,4416.34,4430.84,4430.84,4430.84,4430.84,4430.84,4430.84,4431.09,4431.09,4431.56,4431.56,4431.56,4431.56,4431.56,4431.56,4431.56,4431.56,4431.56,4431.56,4431.56,4431.56,4431.56,4431.56,4431.56,4431.56,4431.564,4434.475,4434.475,4434.475,4434.475,4434.475,4434.475,4434.475,4434.475
2000-01-01,4478.24,4478.24,4478.24,4478.24,4478.24,4478.27,4478.27,4478.27,4492.96,4492.96,4492.96,4492.96,4492.96,4493.07,4493.32,4493.32,4493.81,4493.81,4493.81,4493.81,4493.81,4493.81,4493.81,4493.81,4493.81,4493.81,4493.81,4493.81,4493.81,4493.81,4493.81,4493.81,4493.812,4496.731,4496.731,4496.731,4496.731,4496.731,4496.731,4496.731,4496.731
2000-04-01,4589.69,4589.69,4589.69,4589.69,4589.69,4589.73,4589.73,4589.73,4605.2,4605.2,4605.2,4605.2,4605.2,4605.68,4605.68,4605.68,4606.2,4606.2,4606.2,4606.2,4606.2,4606.2,4606.2,4606.2,4606.2,4606.2,4606.2,4606.2,4606.2,4606.2,4606.2,4606.2,4606.196,4609.105,4609.105,4609.105,4609.105,4609.105,4609.105,4609.105,4609.105
2000-07-01,4703.29,4703.29,4703.29,4703.29,4703.29,4703.32,4703.32,4703.32,4719.15,4719.15,4719.15,4719.15,4719.15,4718.38,4718.38,4718.38,4718.91,4718.91,4718.91,4718.91,4718.91,4718.91,4718.91,4718.91,4718.91,4718.91,4718.91,4718.91,4718.91,4718.91,4718.91,4718.91,4718.906,4721.811,4721.811,4721.811,4721.811,4721.811,4721.811,4721.811,4721.811
2000-10-01,4798.35,4798.35,4798.35,4798.35,4798.35,4798.39,4798.39,4798.39,4813.97,4813.97,4813.97,4813.97,4813.97,4813.35,4813.35,4813.35,4813.87,4813.87,4813.87,4813.87,4813.87,4813.87,4813.87,4813.87,4813.87,4813.87,4813.87,4813.87,4813.87,4813.87,4813.87,4813.87,4813.874,4816.784,4816.784,4816.784,4816.784,4816.784,4816.784,4816.784,4816.784
2001-01-01,4883.31,4883.31,4883.31,4883.31,4883.31,4883.35,4883.35,4883.35,4897.56,4897.56,4897.56,4897.56,4897.56,4897.91,4897.91,4897.91,4898.47,4898.47,4898.47,4898.47,4898.47,4898.47,4898.47,4898.47,4898.47,4898.47,4898.47,4898.47,4898.47,4898.47,4898.47,4898.47,4898.473,4901.36,4901.36,4901.36,4901.36,4901.36,4901.36,4901.36,4901.36
2001-04-01,5043.46,5043.46,5043.46,5043.46,5043.46,5043.51,5043.51,5043.51,5059.21,5059.21,5059.21,5059.21,5059.21,5058.72,5058.72,5058.72,5059.3,5059.3,5059.3,5059.3,5059.3,5059.3,5059.3,5059.3,5059.3,5059.3,5059.3,5059.3,5059.3,5059.3,5059.3,5059.3,5059.297,5062.2,5062.2,5062.2,5062.2,5062.2,5062.2,5062.2,5062.201
2001-07-01,5194.82,5194.82,5194.82,5194.82,5194.82,5194.86,5194.86,5194.86,5207.55,5207.55,5207.55,5207.55,5207.55,5207.07,5207.07,5207.07,5207.64,5207.64,5207.64,5207.64,5207.64,5207.64,5207.64,5207.64,5207.64,5207.64,5207.64,5207.64,5207.64,5207.64,5207.64,5207.64,5207.639,5210.501,5210.501,5210.501,5210.501,5210.501,5210.501,5210.501,5210.501
2001-10-01,5305.41,5305.41,5305.41,5305.41,5305.41,5305.45,5305.45,5305.45,5320.85,5320.85,5320.85,5320.85,5320.85,5321.5,5321.5,5321.5,5322.04,5322.04,5322.04,5322.04,5322.04,5322.04,5322.04,5322.04,5322.04,5322.04,5322.04,5322.04,5322.3,5322.04,5322.04,5322.04,5322.036,5324.935,5324.935,5324.935,5324.935,5324.935,5324.935,5324.935,5324.935
2002-01-01,5442.78,5442.78,5442.78,5442.78,5442.78,5442.83,5442.83,5442.83,5458.36,5458.36,5458.36,5458.36,5458.36,5459.09,5459.09,5459.09,5459.64,5459.64,5459.54,5459.54,5459.54,5459.54,5459.54,5459.54,5459.54,5459.54,5459.54,5459.54,5459.95,5459.54,5459.54,5459.54,5459.539,5462.407,5462.407,5462.407,5462.407,5462.407,5462.407,5462.407,5462.408
2002-04-01,5619.42,5619.42,5619.42,5619.42,5619.42,5619.47,5619.47,5619.47,5635.0,5635.0,5635.0,5635.0,5635.0,5635.18,5635.18,5635.18,5635.73,5635.73,5635.62,5635.62,5635.62,5635.62,5635.62,5635.62,5635.62,5635.62,5635.62,5635.62,5636.01,5636.28,5636.28,5636.28,5636.28,5639.128,5639.128,5639.128,5639.128,5639.128,5639.128,5639.128,5639.129
2002-07-01,5812.76,5812.76,5812.76,5812.76,5812.76,5812.82,5812.82,5812.82,5830.12,5830.12,5830.12,5830.12,5830.12,5829.98,5829.98,5830.19,5830.75,5830.75,5830.63,5830.63,5830.63,5830.63,5830.63,5830.63,5830.63,5830.63,5830.63,5830.63,5831.01,5830.82,5830.82,5830.82,5830.821,5833.619,5833.619,5833.619,5833.619,5833.619,5833.619,5833.619,5833.621
2002-10-01,6009.94,6009.94,6009.94,6009.94,6009.94,6010.0,6010.0,6010.0,6025.57,6025.57,6025.57,6025.57,6025.57,6027.42,6027.42,6027.6,6028.18,6028.18,6028.04,6028.04,6028.04,6028.04,6028.04,6028.05,6028.05,6028.05,6028.05,6028.05,6028.57,6028.32,6028.32,6028.32,6028.323,6031.127,6031.127,6031.127,6031.127,6031.127,6031.127,6031.127,6031.127
2003-01-01,6185.78,6185.78,6185.78,6185.78,6185.91,6185.97,6185.97,6185.97,6201.57,6201.57,6201.57,6201.57,6201.57,6202.06,6202.06,6202.32,6202.91,6202.91,6202.91,6202.91,6202.91,6202.91,6202.91,6202.91,6202.91,6202.91,6202.91,6202.91,6203.38,6202.52,6202.52,6202.52,6202.521,6205.332,6205.332,6205.332,6205.332,6205.332,6205.332,6205.332,6205.332
2003-04-01,6444.19,6444.19,6444.19,6444.19,6444.28,6444.36,6444.36,6444.36,6460.02,6460.02,6460.02,6460.02,6460.02,6460.53,6460.53,6460.74,6461.33,6461.33,6461.33,6461.33,6461.33,6461.33,6461.33,6461.33,6461.33,6461.33,6461.33,6461.33,6461.78,6461.33,6461.33,6461.33,6461.33,6464.262,6464.262,6464.262,6464.262,6464.262,6464.262,6463.499,6463.499
2003-07-01,6687.11,6687.11,6687.11,6687.11,6687.19,6687.28,6687.28,6687.28,6702.2,6701.74,6701.74,6701.74,6701.74,6702.24,6702.23,6702.55,6703.17,6703.19,6703.19,6703.19,6703.19,6703.19,6703.19,6703.15,6703.08,6703.08,6703.08,6703.09,6703.51,6705.69,6705.75,6705.74,6705.686,6708.59,6708.635,6708.635,6708.656,6708.651,6708.649,6707.889,6707.868
2003-10-01,6894.44,6894.44,6894.44,6894.44,6894.52,6894.62,6894.62,6894.62,6907.89,6907.01,6907.01,6907.01,6907.01,6908.54,6908.62,6909.27,6909.91,6909.88,6909.88,6909.88,6909.88,6909.88,6909.88,6909.88,6909.82,6909.81,6909.82,6909.84,6910.24,6912.84,6913.04,6913.02,6912.911,6915.715,6915.909,6915.911,6915.952,6915.943,6915.938,6914.93,6914.885
2004-01-01,7064.89,7064.89,7064.89,7064.89,7065.44,7065.55,7065.55,7065.55,7079.08,7078.06,7078.06,7081.16,7081.16,7082.2,7082.52,7083.06,7083.7,7083.66,7083.66,7083.66,7083.66,7083.66,7083.66,7083.66,7083.6,7083.58,7083.57,7083.56,7085.62,7087.43,7087.48,7087.48,7087.54,7090.899,7091.007,7091.017,7090.995,7091.001,7091.004,7089.671,7089.695
2004-04-01,7336.97,7336.97,7336.97,7336.97,7337.57,7337.7,7337.82,7337.82,7351.52,7351.84,7351.84,7354.63,7354.63,7355.94,7356.31,7356.84,7357.48,7357.55,7357.55,7357.55,7357.55,7357.55,7357.55,7357.55,7357.48,7357.48,7357.48,7357.48,7359.44,7357.91,7357.91,7357.91,7357.907,7361.412,7361.412,7361.412,7361.412,7361.412,7361.412,7360.239,7360.24
2004-07-01,7578.81,7578.81,7578.81,7578.81,7580.71,7580.88,7580.02,7580.02,7592.21,7595.33,7595.33,7598.32,7598.32,7597.12,7597.37,7597.77,7598.4,7598.5,7598.5,7598.5,7598.5,7598.52,7598.52,7598.52,7598.45,7598.22,7598.22,7598.22,7602.72,7602.96,7602.74,7602.74,7602.741,7606.876,7606.628,7606.628,7606.624,7606.625,7606.625,7605.405,7605.405
2004-10-01,7835.31,7835.31,7835.31,7835.31,7838.23,7838.5,7838.5,7838.5,7852.39,7855.82,7855.82,7858.37,7858.37,7857.62,7858.36,7858.8,7859.4,7859.43,7859.43,7859.43,7859.43,7859.47,7859.47,7859.48,7859.43,7859.08,7859.08,7859.07,7869.16,7856.47,7856.54,7856.55,7856.556,7860.088,7860.166,7860.164,7860.159,7860.163,7860.163,7859.148,7859.149
2005-01-01,8050.02,8050.02,8050.02,8050.02,8052.67,8052.99,8053.9,8054.91,8068.41,8070.83,8070.83,8073.52,8073.52,8072.72,8073.38,8073.74,8074.34,8074.36,8074.36,8074.36,8074.36,8074.25,8074.25,8074.25,8074.19,8073.95,8073.95,8073.94,8090.07,8086.16,8086.23,8086.24,8086.24,8089.96,8090.027,8090.027,8090.024,8090.028,8090.029,8089.019,8089.02
2005-04-01,8331.65,8331.65,8331.65,8331.65,8334.04,8335.27,8335.14,8336.03,8348.5,8351.27,8351.27,8355.19,8355.19,8354.32,8354.98,8355.27,8355.88,8355.95,8355.95,8355.95,8355.95,8355.88,8355.88,8355.89,8355.82,8355.82,8355.82,8355.82,8376.53,8376.59,8376.59,8376.59,8376.59,8380.726,8380.726,8380.726,8380.726,8380.726,8380.726,8379.698,8379.699
2005-07-01,8619.05,8619.05,8619.05,8619.05,8621.13,8622.4,8622.65,8623.42,8637.14,8640.29,8640.29,8649.18,8649.18,8651.02,8652.24,8652.48,8653.09,8653.17,8653.17,8653.17,8653.17,8652.98,8652.98,8652.98,8652.89,8653.02,8653.02,8653.02,8672.14,8674.3,8674.32,8674.32,8674.32,8678.922,8678.933,8678.934,8678.933,8678.926,8678.926,8677.993,8677.993
2005-10-01,8874.3,8874.3,8874.3,8874.3,8877.27,8878.53,8880.09,8880.77,8891.03,8894.54,8894.54,8907.11,8907.11,8910.17,8911.68,8912.05,8912.67,8912.7,8912.7,8912.7,8912.7,8912.52,8912.52,8912.52,8912.46,8912.71,8912.71,8912.71,8934.81,8936.59,8936.6,8936.6,8936.609,8941.515,8941.524,8941.52,8941.499,8941.492,8941.492,8940.398,8940.398
2006-01-01,9171.96,9171.96,9171.96,9171.96,9173.88,9175.36,9174.6,9176.74,9187.57,9192.38,9206.45,9207.14,9207.14,9209.92,9217.16,9217.5,9218.18,9218.22,9218.22,9218.22,9218.22,9217.97,9217.97,9217.97,9217.92,9218.0,9218.0,9217.99,9242.69,9240.61,9240.74,9240.74,9240.746,9245.35,9240.613,9240.618,9240.606,9240.601,9240.601,9239.54,9239.54
2006-04-01,9476.86,9476.86,9476.86,9476.86,9478.65,9480.06,9478.58,9480.53,9488.53,9493.76,9506.86,9508.03,9508.58,9511.93,9518.73,9519.03,9519.73,9519.79,9519.99,9519.99,9519.99,9519.8,9519.8,9519.8,9519.74,9519.74,9519.74,9519.74,9545.42,9545.22,9545.22,9545.22,9545.216,9550.193,9547.689,9547.689,9547.689,9547.689,9547.689,9546.648,9546.649
2006-07-01,9712.17,9712.17,9712.17,9712.17,9713.78,9715.08,9712.61,9716.41,9724.25,9728.95,9741.65,9742.85,9743.36,9750.31,9757.63,9757.9,9758.66,9758.71,9758.9,9758.97,9758.97,9758.68,9758.68,9758.68,9758.63,9758.65,9758.65,9758.64,9783.82,9784.77,9784.7,9784.69,9784.702,9790.146,9787.725,9787.728,9787.726,9787.717,9787.717,9786.684,9786.681
2006-10-01,9865.04,9865.04,9865.04,9865.04,9866.53,9867.65,9862.93,9868.55,9874.13,9879.23,9893.36,9896.48,9896.95,9903.78,9909.05,9909.28,9910.03,9910.09,9910.27,9910.42,9910.41,9910.17,9910.17,9910.17,9910.12,9910.29,9910.25,9910.25,9933.23,9935.48,9935.57,9935.57,9935.557,9941.215,9941.347,9941.344,9941.343,9941.325,9941.324,9940.273,9940.27
2007-01-01,10062.89,10063.94,10063.94,10065.2,10065.21,10066.26,10064.99,10071.55,10076.7,10091.4,10092.13,10096.04,10096.46,10105.46,10121.25,10121.46,10122.25,10122.54,10123.57,10123.79,10123.79,10123.5,10123.5,10123.5,10123.43,10123.49,10123.49,10123.49,10144.09,10148.57,10148.5,10148.5,10148.487,10154.762,10143.452,10143.447,10143.446,10143.421,10143.42,10142.45,10142.449
2007-04-01,10267.13,10267.69,10267.69,10267.27,10267.58,10268.58,10267.48,10273.25,10277.06,10291.42,10292.11,10296.27,10296.66,10306.26,10321.75,10321.82,10322.65,10322.87,10323.82,10324.12,10324.12,10323.85,10323.85,10323.85,10323.78,10323.78,10323.78,10323.78,10343.98,10343.38,10343.38,10343.38,10343.378,10349.36,10338.341,10338.341,10338.341,10338.341,10338.341,10337.291,10337.293
2007-07-01,10418.83,10419.09,10419.09,10419.39,10419.69,10421.33,10424.52,10430.2,10435.32,10453.7,10454.34,10476.53,10476.9,10483.09,10506.04,10506.19,10507.07,10507.29,10508.19,10508.41,10508.41,10508.08,10508.08,10508.08,10508.0,10508.07,10508.05,10508.05,10529.23,10532.94,10532.62,10532.61,10532.602,10538.905,10520.348,10520.346,10520.35,10520.344,10520.344,10519.447,10519.453
2007-10-01,10538.54,10539.52,10539.52,10539.88,10540.18,10542.11,10540.44,10545.74,10548.66,10566.86,10567.44,10579.74,10580.09,10587.64,10610.34,10610.48,10611.39,10611.69,10613.16,10613.31,10613.31,10613.03,10613.03,10613.03,10612.96,10613.05,10613.08,10613.08,10632.82,10638.4,10638.0,10637.99,10637.97,10644.212,10625.894,10625.883,10625.897,10625.881,10625.886,10624.988,10624.993
2008-01-01,10612.47,10612.96,10612.87,10611.85,10612.14,10612.97,10612.16,10617.22,10619.14,10634.39,10635.4,10647.36,10651.79,10660.5,10689.77,10691.12,10692.68,10693.04,10694.47,10694.54,10694.54,10694.24,10694.24,10694.24,10694.14,10694.22,10694.24,10694.23,10712.88,10716.24,10715.86,10715.84,10715.824,10722.065,10697.609,10697.594,10697.616,10697.602,10697.602,10696.582,10696.589
2008-04-01,10608.33,10608.14,10607.96,10606.43,10606.71,10607.1,10606.11,10610.91,10612.42,10627.41,10628.37,10640.03,10644.28,10652.0,10687.87,10689.14,10690.97,10691.18,10692.56,10692.56,10692.56,10692.27,10692.27,10692.26,10692.16,10692.16,10692.16,10692.16,10709.79,10709.16,10709.16,10709.16,10709.16,10715.518,10683.884,10683.884,10683.884,10683.884,10683.884,10682.873,10682.871
2008-07-01,10572.12,10571.13,10570.86,10568.79,10569.06,10559.57,10557.64,10562.26,10564.0,10581.7,10576.5,10587.44,10591.57,10601.22,10654.9,10656.15,10657.9,10658.14,10659.47,10659.5,10659.5,10658.98,10658.98,10658.98,10658.9,10658.95,10669.71,10669.73,10686.71,10686.89,10686.21,10686.22,10686.19,10692.695,10654.85,10654.857,10654.851,10654.825,10654.829,10653.864,10653.867
2008-10-01,10496.94,10498.26,10497.89,10495.49,10495.74,10494.53,10492.17,10496.49,10497.44,10514.65,10509.11,10519.07,10523.08,10534.38,10576.05,10577.27,10578.95,10579.36,10580.61,10580.67,10580.67,10580.07,10580.07,10580.07,10579.95,10580.13,10595.56,10595.55,10612.06,10609.12,10608.02,10608.02,10607.947,10614.5,10578.399,10578.407,10578.385,10578.323,10578.327,10577.121,10577.259
2009-01-01,10496.57,10500.75,10502.38,10500.24,10500.6,10497.8,10495.94,10500.1,10500.63,10515.9,10510.23,10519.42,10523.13,10531.7,10573.83,10575.01,10577.2,10577.7,10578.9,10579.0,10579.0,10578.55,10578.55,10578.55,10578.4,10578.48,10598.58,10598.6,10614.55,10609.17,10608.15,10608.14,10608.169,10614.926,10578.244,10578.248,10578.237,10578.382,10578.387,10577.024,10577.025
2009-04-01,10461.89,10463.59,10464.03,10461.95,10462.96,10459.97,10457.88,10461.84,10461.44,10476.35,10470.31,10478.61,10482.18,10488.93,10530.72,10531.99,10536.3,10536.48,10537.63,10537.76,10537.76,10537.51,10537.51,10537.51,10537.41,10537.41,10562.18,10562.18,10577.49,10577.09,10577.09,10577.09,10577.086,10583.532,10548.316,10548.316,10548.316,10548.316,10548.316,10546.956,10546.813
2009-07-01,10394.35,10396.46,10397.08,10395.08,10396.73,10394.51,10391.73,10397.44,10399.94,10416.36,10408.34,10416.02,10419.56,10425.54,10466.53,10467.76,10472.94,10473.23,10474.33,10474.5,10474.5,10474.27,10474.27,10474.26,10474.18,10474.19,10503.67,10503.67,10518.37,10518.09,10519.07,10519.07,10519.087,10525.062,10491.304,10491.304,10491.298,10491.119,10491.139,10489.638,10489.369
2009-10-01,10334.37,10335.17,10336.74,10339.79,10342.07,10347.87,10345.75,10351.22,10353.15,10369.18,10360.94,10368.09,10373.5,10377.0,10416.02,10417.34,10417.58,10418.1,10419.16,10419.36,10419.36,10419.31,10419.31,10419.31,10419.23,10419.52,10453.63,10453.64,10467.71,10467.26,10468.21,10468.24,10468.213,10474.805,10442.797,10442.797,10442.793,10442.589,10442.608,10441.137,10441.134
2010-01-01,10240.3,10199.62,10237.53,10240.77,10221.94,10222.99,10222.33,10227.54,10226.42,10238.4,10230.2,10222.48,10228.29,10231.63,10268.99,10270.13,10274.53,10275.08,10275.95,10276.19,10276.19,10276.16,10276.16,10282.38,10282.31,10282.44,10321.23,10321.25,10334.85,10336.37,10337.41,10337.43,10337.412,10343.899,10312.312,10312.311,10312.309,10312.312,10312.319,10310.814,10310.828
2010-04-01,,10150.35,10189.08,10192.5,10173.7,10171.17,10170.16,10175.28,10173.58,10183.23,10174.99,10152.24,10157.76,10162.81,10199.2,10200.27,10205.29,10205.42,10206.24,10206.51,10206.51,10206.29,10206.29,10212.51,10212.44,10212.44,10255.89,10255.89,10269.0,10268.72,10268.72,10268.72,10268.722,10276.115,10244.605,10244.605,10244.605,10244.605,10244.605,10243.046,10243.074
2010-07-01,,,10124.69,10124.98,10106.15,10101.4,10099.89,10104.62,10101.89,10109.87,10101.32,10063.9,10069.13,10078.01,10113.75,10114.8,10120.03,10120.39,10121.17,10121.59,10121.61,10121.3,10121.3,10127.52,10127.46,10127.41,10175.54,10175.55,10188.22,10189.47,10189.59,10189.6,10189.611,10197.279,10166.235,10166.236,10166.259,10166.151,10166.164,10164.768,10164.8
2010-10-01,,,,10069.56,10055.36,10048.39,10046.38,10050.9,10051.28,9950.88,9941.93,9889.83,9895.18,9906.17,9906.72,9907.21,9912.69,9914.22,9914.98,9915.54,9915.58,9915.42,9915.42,9921.59,9921.53,9921.68,9970.94,9970.95,9983.17,9985.23,9985.32,9985.34,9985.357,9993.259,9993.502,9993.508,9993.513,9993.404,9993.417,9991.963,9991.975
2011-01-01,,,,,9987.93,9981.96,9983.22,9984.92,9983.12,9884.68,9875.48,9823.58,9829.01,9839.51,9839.8,9840.5,9858.53,9859.27,9859.88,9860.61,9860.04,9859.91,9859.91,9866.06,9866.01,9866.14,9916.52,9916.52,9928.39,9930.14,9930.1,9930.1,9930.1,9938.131,9938.279,9938.276,9938.277,9938.362,9938.366,9936.762,9936.778
2011-04-01,,,,,,9934.91,9935.92,9936.93,9922.89,9826.47,9817.0,9765.22,9770.41,9782.29,9782.67,9783.44,9800.84,9800.95,9801.54,9802.41,9801.26,9801.01,9801.01,9807.16,9807.1,9807.1,9858.63,9858.63,9870.1,9869.23,9869.23,9869.23,9869.226,9877.316,9877.316,9877.316,9877.316,9877.324,9877.324,9875.69,9875.691
2011-07-01,,,,,,,9882.24,9882.41,9869.91,9773.69,9764.39,9712.44,9717.95,9730.89,9731.01,9731.79,9750.14,9750.42,9750.87,9750.97,9749.2,9748.88,9748.89,9755.03,9754.98,9755.04,9807.72,9807.74,9818.85,9817.53,9817.11,9817.1,9817.095,9825.546,9825.06,9825.048,9825.046,9824.946,9824.991,9823.443,9823.337
2011-10-01,,,,,,,,9840.52,9818.7,9721.56,9712.7,9660.71,9666.15,9677.75,9677.79,9678.1,9697.55,9698.51,9698.94,9698.27,9695.86,9695.82,9695.83,9701.95,9701.9,9702.17,9756.0,9756.04,9766.82,9769.95,9769.48,9769.49,9769.493,9778.158,9777.796,9777.823,9777.827,9777.75,9777.856,9776.368,9776.165
2012-01-01,,,,,,,,,9733.74,9639.98,9630.7,9578.77,9584.52,9593.87,9593.89,9594.28,9637.94,9642.48,9642.53,9641.12,9638.2,9637.58,9637.81,9643.74,9643.7,9643.76,9698.7,9698.77,9709.23,9710.82,9710.83,9710.82,9710.818,9718.849,9718.9,9718.904,9718.719,9718.774,9718.945,9717.311,9717.005
2012-04-01,,,,,,,,,,9589.1,9574.43,9522.6,9528.27,9536.79,9536.85,9537.0,9579.74,9587.57,9587.31,9585.19,9581.8,9579.39,9579.84,9585.37,9585.34,9585.34,9641.43,9641.52,9652.43,9652.04,9652.04,9652.04,9652.035,9660.202,9660.202,9660.202,9660.09,9660.046,9660.312,9658.575,9658.194
2012-07-01,,,,,,,,,,,9488.59,9436.05,9442.12,9448.69,9449.16,9449.47,9531.47,9543.56,9542.81,9540.7,9536.49,9533.44,9533.33,9538.72,9538.69,9538.98,9596.2,9596.39,9606.9,9607.52,9607.69,9607.71,9607.695,9616.224,9616.217,9616.227,9616.103,9615.947,9616.118,9614.24,9614.19
2012-10-01,,,,,,,,,,,,9430.47,9432.04,9436.31,9436.89,9435.21,9481.74,9497.86,9496.79,9494.66,9490.23,9486.72,9486.08,9490.8,9490.75,9491.41,9549.77,9550.07,9560.22,9557.94,9558.41,9558.42,9558.411,9566.459,9566.631,9566.631,9564.019,9563.921,9563.985,9562.028,9562.29
2013-01-01,,,,,,,,,,,,,9378.83,9386.61,9388.79,9387.55,9431.98,9451.86,9449.24,9446.88,9442.88,9439.67,9437.6,9441.95,9441.89,9442.13,9501.63,9502.04,9511.11,9510.88,9511.72,9511.76,9511.767,9519.948,9520.335,9520.343,9521.097,9521.107,9521.037,9519.009,9519.579
2013-04-01,,,,,,,,,,,,,,9344.83,9362.99,9360.75,9407.9,9429.85,9425.85,9423.76,9420.52,9416.89,9413.35,9416.77,9408.98,9408.97,9469.61,9470.13,9477.97,9477.62,9478.26,9478.26,9478.259,9486.753,9486.753,9486.753,9487.43,9487.392,9487.215,9485.272,9486.167
2013-07-01,,,,,,,,,,,,,,,9373.3,9382.43,9416.11,9442.01,9435.35,9434.16,9433.05,9430.01,9425.67,9428.98,9420.56,9420.72,9482.49,9482.86,9488.44,9488.74,9489.27,9489.27,9489.276,9497.841,9497.661,9497.662,9497.53,9497.531,9497.205,9495.176,9496.289
2013-10-01,,,,,,,,,,,,,,,,9371.64,9386.17,9415.88,9407.87,9405.77,9405.86,9403.7,9398.04,9401.24,9403.75,9403.89,9466.82,9467.03,9472.36,9473.99,9474.65,9474.65,9474.638,9483.065,9483.011,9483.015,9481.007,9481.18,9480.718,9478.483,9479.744
2014-01-01,,,,,,,,,,,,,,,,,9349.1,9381.84,9374.21,9372.94,9373.91,9375.97,9370.57,9373.78,9377.18,9376.28,9439.72,9434.45,9437.95,9439.58,9440.27,9440.27,9440.269,9448.745,9448.785,9448.783,9445.054,9445.242,9444.635,9442.434,9443.92
2014-04-01,,,,,,,,,,,,,,,,,,9374.64,9360.99,9362.74,9370.19,9371.59,9366.74,9369.92,9379.07,9372.33,9436.22,9428.99,9433.22,9432.97,9433.54,9433.54,9433.539,9442.214,9442.214,9442.214,9434.856,9434.87,9434.106,9431.988,9433.69
2014-07-01,,,,,,,,,,,,,,,,,,,9373.45,9374.98,9386.34,9387.91,9381.74,9384.88,9391.93,9385.41,9449.73,9440.9,9445.54,9443.27,9444.06,9444.05,9444.053,9452.457,9452.486,9452.479,9445.17,9445.158,9444.414,9442.275,9444.072
2014-10-01,,,,,,,,,,,,,,,,,,,,9379.76,9403.05,9403.2,9397.39,9400.57,9403.62,9397.07,9461.07,9454.89,9455.63,9455.01,9455.83,9455.82,9455.824,9464.521,9464.474,9464.473,9455.471,9455.573,9454.858,9452.53,9454.434
2015-01-01,,,,,,,,,,,,,,,,,,,,,9370.5,9374.28,9368.52,9372.12,9374.24,9368.76,9433.56,9426.58,9427.68,9427.48,9428.45,9428.45,9425.269,9434.881,9434.663,9434.666,9423.745,9427.101,9426.408,9424.063,9426.125
2015-04-01,,,,,,,,,,,,,,,,,,,,,,9412.55,9411.64,9417.3,9417.27,9409.31,9475.44,9464.29,9471.41,9468.98,9470.49,9470.5,9464.144,9473.942,9473.942,9473.942,9461.22,9467.649,9466.979,9464.34,9466.545
2015-07-01,,,,,,,,,,,,,,,,,,,,,,,9459.88,9468.74,9470.32,9456.69,9522.86,9509.56,9521.81,9516.88,9517.76,9517.79,9508.255,9518.34,9517.723,9517.732,9503.225,9512.903,9512.4,9509.907,9512.35
2015-10-01,,,,,,,,,,,,,,,,,,,,,,,,9490.55,9493.85,9479.63,9547.19,9536.22,9556.19,9585.03,9586.01,9586.07,9573.355,9583.585,9583.13,9583.143,9566.534,9579.614,9579.276,9576.788,9579.425
2016-01-01,,,,,,,,,,,,,,,,,,,,,,,,,9510.6,9497.36,9565.72,9544.79,9560.92,9589.31,9590.53,9590.58,9577.213,9586.032,9586.181,9586.191,9567.34,9576.506,9576.326,9573.963,9576.833
2016-04-01,,,,,,,,,,,,,,,,,,,,,,,,,,9553.17,9621.21,9602.3,9623.77,9652.47,9653.99,9653.47,9638.616,9647.264,9647.754,9647.754,9627.121,9632.782,9632.782,9630.202,9633.326
2016-07-01,,,,,,,,,,,,,,,,,,,,,,,,,,,9707.47,9690.32,9702.66,9731.31,9733.37,9733.46,9717.825,9728.604,9728.161,9728.163,9705.332,9707.666,9710.272,9707.808,9710.524
2016-10-01,,,,,,,,,,,,,,,,,,,,,,,,,,,,9753.66,9768.65,9793.16,9796.09,9794.38,9777.862,9785.918,9784.808,9784.809,9759.772,9758.751,9763.97,9761.359,9763.661
2017-01-01,,,,,,,,,,,,,,,,,,,,,,,,,,,,,9812.7,9838.03,9850.54,9850.94,9833.063,9831.122,9827.095,9836.625,9813.824,9809.648,9817.58,9815.291,9817.787
2017-04-01,,,,,,,,,,,,,,,,,,,,,,,,,,,,,,9901.97,9926.21,9929.4,9911.603,9913.34,9908.591,9908.076,9887.45,9880.502,9891.16,9889.132,9891.878
2017-07-01,,,,,,,,,,,,,,,,,,,,,,,,,,,,,,,10012.17,10017.38,9999.573,10000.525,9992.711,9993.492,9974.31,9963.425,9974.306,9972.222,9975.575
2017-10-01,,,,,,,,,,,,,,,,,,,,,,,,,,,,,,,,10085.12,10076.223,10076.353,10070.393,10070.718,10053.681,10039.452,10050.566,10048.506,10052.434
2018-01-01,,,,,,,,,,,,,,,,,,,,,,,,,,,,,,,,,10110.497,10115.388,10106.925,10108.317,10094.047,10076.571,10086.935,10084.283,10088.282
2018-04-01,,,,,,,,,,,,,,,,,,,,,,,,,,,,,,,,,,10181.549,10176.114,10188.451,10177.18,10156.852,10167.425,10163.679,10167.673
2018-07-01,,,,,,,,,,,,,,,,,,,,,,,,,,,,,,,,,,,10266.647,10280.439,10271.592,10250.129,10259.801,10255.922,10259.347
2018-10-01,,,,,,,,,,,,,,,,,,,,,,,,,,,,,,,,,,,,10336.876,10331.198,10309.747,10321.001,10316.233,10320.149
2019-01-01,,,,,,,,,,,,,,,,,,,,,,,,,,,,,,,,,,,,,10355.717,10337.928,10348.266,10345.748,10350.594
2019-04-01,,,,,,,,,,,,,,,,,,,,,,,,,,,,,,,,,,,,,,10414.597,10432.322,10430.125,10436.663
2019-07-01,,,,,,,,,,,,,,,,,,,,,,,,,,,,,,,,,,,,,,,10517.445,10524.339,10534.563
2019-10-01,,,,,,,,,,,,,,,,,,,,,,,,,,,,,,,,,,,,,,,,10610.139,10600.098
2020-01-01,,,,,,,,,,,,,,,,,,,,,,,,,,,,,,,,,,,,,,,,,10659.089
