observation_date,W011RC1Q027SBEA_20130228,W011RC1Q027SBEA_20130328,W011RC1Q027SBEA_20130426,W011RC1Q027SBEA_20130731,W011RC1Q027SBEA_20130926,W011RC1Q027SBEA_20131107,W011RC1Q027SBEA_20131220,W011RC1Q027SBEA_20140130,W011RC1Q027SBEA_20140228,W011RC1Q027SBEA_20140327,W011RC1Q027SBEA_20140430,W011RC1Q027SBEA_20140730,W011RC1Q027SBEA_20141030,W011RC1Q027SBEA_20150130,W011RC1Q027SBEA_20150227,W011RC1Q027SBEA_20150429,W011RC1Q027SBEA_20150730,W011RC1Q027SBEA_20150925,W011RC1Q027SBEA_20151029,W011RC1Q027SBEA_20160129,W011RC1Q027SBEA_20160226,W011RC1Q027SBEA_20160325,W011RC1Q027SBEA_20160428,W011RC1Q027SBEA_20160729,W011RC1Q027SBEA_20161028,W011RC1Q027SBEA_20161222,W011RC1Q027SBEA_20170127,W011RC1Q027SBEA_20170428,W011RC1Q027SBEA_20170728,W011RC1Q027SBEA_20171027,W011RC1Q027SBEA_20180126,W011RC1Q027SBEA_20180427,W011RC1Q027SBEA_20180628,W011RC1Q027SBEA_20180727,W011RC1Q027SBEA_20181026,W011RC1Q027SBEA_20190228,W011RC1Q027SBEA_20190328,W011RC1Q027SBEA_20190426,W011RC1Q027SBEA_20190530,W011RC1Q027SBEA_20190627,W011RC1Q027SBEA_20190726,W011RC1Q027SBEA_20190829,W011RC1Q027SBEA_20191030,W011RC1Q027SBEA_20191127,W011RC1Q027SBEA_20200130,W011RC1Q027SBEA_20200326,W011RC1Q027SBEA_20200429,W011RC1Q027SBEA_20200625,W011RC1Q027SBEA_20200730,W011RC1Q027SBEA_20201029,W011RC1Q027SBEA_20210128
1960-01-01,0.4,0.4,0.4,0.3,0.3,0.3,0.3,0.3,0.3,0.3,0.3,0.3,0.3,0.3,0.3,0.3,0.3,0.3,0.3,0.3,0.3,0.3,0.3,0.3,0.3,0.3,0.3,0.3,0.3,0.28,0.28,0.28,0.28,0.28,0.28,0.28,0.28,0.28,0.28,0.28,0.28,0.28,0.28,0.28,0.28,0.28,0.28,0.28,0.28,0.28,0.28
1960-04-01,0.4,0.4,0.4,0.3,0.3,0.3,0.3,0.3,0.3,0.3,0.3,0.3,0.3,0.3,0.3,0.3,0.3,0.3,0.3,0.3,0.3,0.3,0.3,0.3,0.3,0.3,0.3,0.3,0.3,0.292,0.292,0.292,0.292,0.292,0.292,0.292,0.292,0.292,0.292,0.292,0.292,0.292,0.292,0.292,0.292,0.292,0.292,0.292,0.292,0.292,0.292
1960-07-01,0.4,0.4,0.4,0.3,0.3,0.3,0.3,0.3,0.3,0.3,0.3,0.3,0.3,0.3,0.3,0.3,0.3,0.3,0.3,0.3,0.3,0.3,0.3,0.3,0.3,0.3,0.3,0.3,0.3,0.308,0.308,0.308,0.308,0.308,0.308,0.308,0.308,0.308,0.308,0.308,0.308,0.308,0.308,0.308,0.308,0.308,0.308,0.308,0.308,0.308,0.308
1960-10-01,0.4,0.4,0.4,0.3,0.3,0.3,0.3,0.3,0.3,0.3,0.3,0.3,0.3,0.3,0.3,0.3,0.3,0.3,0.3,0.3,0.3,0.3,0.3,0.3,0.3,0.3,0.3,0.3,0.3,0.328,0.328,0.328,0.328,0.328,0.328,0.328,0.328,0.328,0.328,0.328,0.328,0.328,0.328,0.328,0.328,0.328,0.328,0.328,0.328,0.328,0.328
1961-01-01,0.5,0.5,0.5,0.3,0.3,0.3,0.3,0.3,0.3,0.3,0.3,0.3,0.3,0.3,0.3,0.3,0.3,0.3,0.3,0.3,0.3,0.3,0.3,0.3,0.3,0.3,0.3,0.3,0.3,0.344,0.344,0.344,0.344,0.344,0.344,0.344,0.344,0.344,0.344,0.344,0.344,0.344,0.344,0.344,0.344,0.344,0.344,0.344,0.344,0.344,0.344
1961-04-01,0.5,0.5,0.5,0.3,0.3,0.3,0.3,0.3,0.3,0.3,0.3,0.3,0.3,0.3,0.3,0.3,0.3,0.3,0.3,0.3,0.3,0.3,0.3,0.3,0.3,0.3,0.3,0.3,0.3,0.344,0.344,0.344,0.344,0.344,0.344,0.344,0.344,0.344,0.344,0.344,0.344,0.344,0.344,0.344,0.344,0.344,0.344,0.344,0.344,0.344,0.344
1961-07-01,0.5,0.5,0.5,0.4,0.4,0.4,0.4,0.4,0.4,0.4,0.4,0.4,0.4,0.4,0.4,0.4,0.4,0.4,0.4,0.4,0.4,0.4,0.4,0.4,0.4,0.4,0.4,0.4,0.4,0.364,0.364,0.364,0.364,0.364,0.364,0.364,0.364,0.364,0.364,0.364,0.364,0.364,0.364,0.364,0.364,0.364,0.364,0.364,0.364,0.364,0.364
1961-10-01,0.5,0.5,0.5,0.4,0.4,0.4,0.4,0.4,0.4,0.4,0.4,0.4,0.4,0.4,0.4,0.4,0.4,0.4,0.4,0.4,0.4,0.4,0.4,0.4,0.4,0.4,0.4,0.4,0.4,0.376,0.376,0.376,0.376,0.376,0.376,0.376,0.376,0.376,0.376,0.376,0.376,0.376,0.376,0.376,0.376,0.376,0.376,0.376,0.376,0.376,0.376
1962-01-01,0.5,0.5,0.5,0.4,0.4,0.4,0.4,0.4,0.4,0.4,0.4,0.4,0.4,0.4,0.4,0.4,0.4,0.4,0.4,0.4,0.4,0.4,0.4,0.4,0.4,0.4,0.4,0.4,0.4,0.38,0.38,0.38,0.38,0.38,0.38,0.38,0.38,0.38,0.38,0.38,0.38,0.38,0.38,0.38,0.38,0.38,0.38,0.38,0.38,0.38,0.38
1962-04-01,0.5,0.5,0.5,0.4,0.4,0.4,0.4,0.4,0.4,0.4,0.4,0.4,0.4,0.4,0.4,0.4,0.4,0.4,0.4,0.4,0.4,0.4,0.4,0.4,0.4,0.4,0.4,0.4,0.4,0.388,0.388,0.388,0.388,0.388,0.388,0.388,0.388,0.388,0.388,0.388,0.388,0.388,0.388,0.388,0.388,0.388,0.388,0.388,0.388,0.388,0.388
1962-07-01,0.5,0.5,0.5,0.4,0.4,0.4,0.4,0.4,0.4,0.4,0.4,0.4,0.4,0.4,0.4,0.4,0.4,0.4,0.4,0.4,0.4,0.4,0.4,0.4,0.4,0.4,0.4,0.4,0.4,0.4,0.4,0.4,0.4,0.4,0.4,0.4,0.4,0.4,0.4,0.4,0.4,0.4,0.4,0.4,0.4,0.4,0.4,0.4,0.4,0.4,0.4
1962-10-01,0.5,0.5,0.5,0.4,0.4,0.4,0.4,0.4,0.4,0.4,0.4,0.4,0.4,0.4,0.4,0.4,0.4,0.4,0.4,0.4,0.4,0.4,0.4,0.4,0.4,0.4,0.4,0.4,0.4,0.408,0.408,0.408,0.408,0.408,0.408,0.408,0.408,0.408,0.408,0.408,0.408,0.408,0.408,0.408,0.408,0.408,0.408,0.408,0.408,0.408,0.408
1963-01-01,0.6,0.6,0.6,0.4,0.4,0.4,0.4,0.4,0.4,0.4,0.4,0.4,0.4,0.4,0.4,0.4,0.4,0.4,0.4,0.4,0.4,0.4,0.4,0.4,0.4,0.4,0.4,0.4,0.4,0.44,0.44,0.44,0.44,0.44,0.44,0.44,0.44,0.44,0.44,0.44,0.44,0.44,0.44,0.44,0.44,0.44,0.44,0.44,0.44,0.44,0.44
1963-04-01,0.6,0.6,0.6,0.5,0.5,0.5,0.5,0.5,0.5,0.5,0.5,0.5,0.5,0.5,0.5,0.5,0.5,0.5,0.5,0.5,0.5,0.5,0.5,0.5,0.5,0.5,0.5,0.5,0.5,0.484,0.484,0.484,0.484,0.484,0.484,0.484,0.484,0.484,0.484,0.484,0.484,0.484,0.484,0.484,0.484,0.484,0.484,0.484,0.484,0.484,0.484
1963-07-01,0.6,0.6,0.6,0.5,0.5,0.5,0.5,0.5,0.5,0.5,0.5,0.5,0.5,0.5,0.5,0.5,0.5,0.5,0.5,0.5,0.5,0.5,0.5,0.5,0.5,0.5,0.5,0.5,0.5,0.456,0.456,0.456,0.456,0.456,0.456,0.456,0.456,0.456,0.456,0.456,0.456,0.456,0.456,0.456,0.456,0.456,0.456,0.456,0.456,0.456,0.456
1963-10-01,0.6,0.6,0.6,0.5,0.5,0.5,0.5,0.5,0.5,0.5,0.5,0.5,0.5,0.5,0.5,0.5,0.5,0.5,0.5,0.5,0.5,0.5,0.5,0.5,0.5,0.5,0.5,0.5,0.5,0.472,0.472,0.472,0.472,0.472,0.472,0.472,0.472,0.472,0.472,0.472,0.472,0.472,0.472,0.472,0.472,0.472,0.472,0.472,0.472,0.472,0.472
1964-01-01,0.6,0.6,0.6,0.5,0.5,0.5,0.5,0.5,0.5,0.5,0.5,0.5,0.5,0.5,0.5,0.5,0.5,0.5,0.5,0.5,0.5,0.5,0.5,0.5,0.5,0.5,0.5,0.5,0.5,0.456,0.456,0.456,0.456,0.456,0.456,0.456,0.456,0.456,0.456,0.456,0.456,0.456,0.456,0.456,0.456,0.456,0.456,0.456,0.456,0.456,0.456
1964-04-01,0.5,0.5,0.5,0.4,0.4,0.4,0.4,0.4,0.4,0.4,0.4,0.4,0.4,0.4,0.4,0.4,0.4,0.4,0.4,0.4,0.4,0.4,0.4,0.4,0.4,0.4,0.4,0.4,0.4,0.416,0.416,0.416,0.416,0.416,0.416,0.416,0.416,0.416,0.416,0.416,0.416,0.416,0.416,0.416,0.416,0.416,0.416,0.416,0.416,0.416,0.416
1964-07-01,0.9,0.9,0.9,0.8,0.8,0.8,0.8,0.8,0.8,0.8,0.8,0.8,0.8,0.8,0.8,0.8,0.8,0.8,0.8,0.8,0.8,0.8,0.8,0.8,0.8,0.8,0.8,0.8,0.8,0.764,0.764,0.764,0.764,0.764,0.764,0.764,0.764,0.764,0.764,0.764,0.764,0.764,0.764,0.764,0.764,0.764,0.764,0.764,0.764,0.764,0.764
1964-10-01,1.0,1.0,1.0,0.8,0.8,0.8,0.8,0.8,0.8,0.8,0.8,0.8,0.8,0.8,0.8,0.8,0.8,0.8,0.8,0.8,0.8,0.8,0.8,0.8,0.8,0.8,0.8,0.8,0.8,0.832,0.832,0.832,0.832,0.832,0.832,0.832,0.832,0.832,0.832,0.832,0.832,0.832,0.832,0.832,0.832,0.832,0.832,0.832,0.832,0.832,0.832
1965-01-01,1.0,1.0,1.0,0.9,0.9,0.9,0.9,0.9,0.9,0.9,0.9,0.9,0.9,0.9,0.9,0.9,0.9,0.9,0.9,0.9,0.9,0.9,0.9,0.9,0.9,0.9,0.9,0.9,0.9,0.884,0.884,0.884,0.884,0.884,0.884,0.884,0.884,0.884,0.884,0.884,0.884,0.884,0.884,0.884,0.884,0.884,0.884,0.884,0.884,0.884,0.884
1965-04-01,1.0,1.0,1.0,0.9,0.9,0.9,0.9,0.9,0.9,0.9,0.9,0.9,0.9,0.9,0.9,0.9,0.9,0.9,0.9,0.9,0.9,0.9,0.9,0.9,0.9,0.9,0.9,0.9,0.9,0.916,0.916,0.916,0.916,0.916,0.916,0.916,0.916,0.916,0.916,0.916,0.916,0.916,0.916,0.916,0.916,0.916,0.916,0.916,0.916,0.916,0.916
1965-07-01,1.1,1.1,1.1,1.0,1.0,1.0,1.0,1.0,1.0,1.0,1.0,1.0,1.0,1.0,1.0,1.0,1.0,1.0,1.0,1.0,1.0,1.0,1.0,1.0,1.0,1.0,1.0,1.0,1.0,0.96,0.96,0.96,0.96,0.96,0.96,0.96,0.96,0.96,0.96,0.96,0.96,0.96,0.96,0.96,0.96,0.96,0.96,0.96,0.96,0.96,0.96
1965-10-01,1.1,1.1,1.1,1.0,1.0,1.0,1.0,1.0,1.0,1.0,1.0,1.0,1.0,1.0,1.0,1.0,1.0,1.0,1.0,1.0,1.0,1.0,1.0,1.0,1.0,1.0,1.0,1.0,1.0,0.988,0.988,0.988,0.988,0.988,0.988,0.988,0.988,0.988,0.988,0.988,0.988,0.988,0.988,0.988,0.988,0.988,0.988,0.988,0.988,0.988,0.988
1966-01-01,1.1,1.1,1.1,1.0,1.0,1.0,1.0,1.0,1.0,1.0,1.0,1.0,1.0,1.0,1.0,1.0,1.0,1.0,1.0,1.0,1.0,1.0,1.0,1.0,1.0,1.0,1.0,1.0,1.0,0.996,0.996,0.996,0.996,0.996,0.996,0.996,0.996,0.996,0.996,0.996,0.996,0.996,0.996,0.996,0.996,0.996,0.996,0.996,0.996,0.996,0.996
1966-04-01,1.1,1.1,1.1,1.0,1.0,1.0,1.0,1.0,1.0,1.0,1.0,1.0,1.0,1.0,1.0,1.0,1.0,1.0,1.0,1.0,1.0,1.0,1.0,1.0,1.0,1.0,1.0,1.0,1.0,1.012,1.012,1.012,1.012,1.012,1.012,1.012,1.012,1.012,1.012,1.012,1.012,1.012,1.012,1.012,1.012,1.012,1.012,1.012,1.012,1.012,1.012
1966-07-01,1.2,1.2,1.2,1.0,1.0,1.0,1.0,1.0,1.0,1.0,1.0,1.0,1.0,1.0,1.0,1.0,1.0,1.0,1.0,1.0,1.0,1.0,1.0,1.0,1.0,1.0,1.0,1.0,1.0,1.024,1.024,1.024,1.024,1.024,1.024,1.024,1.024,1.024,1.024,1.024,1.024,1.024,1.024,1.024,1.024,1.024,1.024,1.024,1.024,1.024,1.024
1966-10-01,1.2,1.2,1.2,1.0,1.0,1.0,1.0,1.0,1.0,1.0,1.0,1.0,1.0,1.0,1.0,1.0,1.0,1.0,1.0,1.0,1.0,1.0,1.0,1.0,1.0,1.0,1.0,1.0,1.0,1.044,1.044,1.044,1.044,1.044,1.044,1.044,1.044,1.044,1.044,1.044,1.044,1.044,1.044,1.044,1.044,1.044,1.044,1.044,1.044,1.044,1.044
1967-01-01,1.0,1.0,1.0,0.9,0.9,0.9,0.9,0.9,0.9,0.9,0.9,0.9,0.9,0.9,0.9,0.9,0.9,0.9,0.9,0.9,0.9,0.9,0.9,0.9,0.9,0.9,0.9,0.9,0.9,0.912,0.912,0.912,0.912,0.912,0.912,0.912,0.912,0.912,0.912,0.912,0.912,0.912,0.912,0.912,0.912,0.912,0.912,0.912,0.912,0.912,0.912
1967-04-01,1.1,1.1,1.1,1.0,1.0,1.0,1.0,1.0,1.0,1.0,1.0,1.0,1.0,1.0,1.0,1.0,1.0,1.0,1.0,1.0,1.0,1.0,1.0,1.0,1.0,1.0,1.0,1.0,1.0,0.952,0.952,0.952,0.952,0.952,0.952,0.952,0.952,0.952,0.952,0.952,0.952,0.952,0.952,0.952,0.952,0.952,0.952,0.952,0.952,0.952,0.952
1967-07-01,1.1,1.1,1.1,1.0,1.0,1.0,1.0,1.0,1.0,1.0,1.0,1.0,1.0,1.0,1.0,1.0,1.0,1.0,1.0,1.0,1.0,1.0,1.0,1.0,1.0,1.0,1.0,1.0,1.0,0.992,0.992,0.992,0.992,0.992,0.992,0.992,0.992,0.992,0.992,0.992,0.992,0.992,0.992,0.992,0.992,0.992,0.992,0.992,0.992,0.992,0.992
1967-10-01,1.2,1.2,1.2,1.0,1.0,1.0,1.0,1.0,1.0,1.0,1.0,1.0,1.0,1.0,1.0,1.0,1.0,1.0,1.0,1.0,1.0,1.0,1.0,1.0,1.0,1.0,1.0,1.0,1.0,1.016,1.016,1.016,1.016,1.016,1.016,1.016,1.016,1.016,1.016,1.016,1.016,1.016,1.016,1.016,1.016,1.016,1.016,1.016,1.016,1.016,1.016
1968-01-01,1.1,1.1,1.1,1.0,1.0,1.0,1.0,1.0,1.0,1.0,1.0,1.0,1.0,1.0,1.0,1.0,1.0,1.0,1.0,1.0,1.0,1.0,1.0,1.0,1.0,1.0,1.0,1.0,1.0,0.98,0.98,0.98,0.98,0.98,0.98,0.98,0.98,0.98,0.98,0.98,0.98,0.98,0.98,0.98,0.98,0.98,0.98,0.98,0.98,0.98,0.98
1968-04-01,1.1,1.1,1.1,1.0,1.0,1.0,1.0,1.0,1.0,1.0,1.0,1.0,1.0,1.0,1.0,1.0,1.0,1.0,1.0,1.0,1.0,1.0,1.0,1.0,1.0,1.0,1.0,1.0,1.0,0.972,0.972,0.972,0.972,0.972,0.972,0.972,0.972,0.972,0.972,0.972,0.972,0.972,0.972,0.972,0.972,0.972,0.972,0.972,0.972,0.972,0.972
1968-07-01,1.1,1.1,1.1,0.9,0.9,0.9,0.9,0.9,0.9,0.9,0.9,0.9,0.9,0.9,0.9,0.9,0.9,0.9,0.9,0.9,0.9,0.9,0.9,0.9,0.9,0.9,0.9,0.9,0.9,0.936,0.936,0.936,0.936,0.936,0.936,0.936,0.936,0.936,0.936,0.936,0.936,0.936,0.936,0.936,0.936,0.936,0.936,0.936,0.936,0.936,0.936
1968-10-01,1.1,1.1,1.1,0.9,0.9,0.9,0.9,0.9,0.9,0.9,0.9,0.9,0.9,0.9,0.9,0.9,0.9,0.9,0.9,0.9,0.9,0.9,0.9,0.9,0.9,0.9,0.9,0.9,0.9,0.924,0.924,0.924,0.924,0.924,0.924,0.924,0.924,0.924,0.924,0.924,0.924,0.924,0.924,0.924,0.924,0.924,0.924,0.924,0.924,0.924,0.924
1969-01-01,1.1,1.1,1.1,1.0,1.0,1.0,1.0,1.0,1.0,1.0,1.0,1.0,1.0,1.0,1.0,1.0,1.0,1.0,1.0,1.0,1.0,1.0,1.0,1.0,1.0,1.0,1.0,1.0,1.0,0.964,0.964,0.964,0.964,0.964,0.964,0.964,0.964,0.964,0.964,0.964,0.964,0.964,0.964,0.964,0.964,0.964,0.964,0.964,0.964,0.964,0.964
1969-04-01,1.1,1.1,1.1,1.0,1.0,1.0,1.0,1.0,1.0,1.0,1.0,1.0,1.0,1.0,1.0,1.0,1.0,1.0,1.0,1.0,1.0,1.0,1.0,1.0,1.0,1.0,1.0,1.0,1.0,0.992,0.992,0.992,0.992,0.992,0.992,0.992,0.992,0.992,0.992,0.992,0.992,0.992,0.992,0.992,0.992,0.992,0.992,0.992,0.992,0.992,0.992
1969-07-01,1.2,1.2,1.2,1.0,1.0,1.0,1.0,1.0,1.0,1.0,1.0,1.0,1.0,1.0,1.0,1.0,1.0,1.0,1.0,1.0,1.0,1.0,1.0,1.0,1.0,1.0,1.0,1.0,1.0,1.008,1.008,1.008,1.008,1.008,1.008,1.008,1.008,1.008,1.008,1.008,1.008,1.008,1.008,1.008,1.008,1.008,1.008,1.008,1.008,1.008,1.008
1969-10-01,1.2,1.2,1.2,1.0,1.0,1.0,1.0,1.0,1.0,1.0,1.0,1.0,1.0,1.0,1.0,1.0,1.0,1.0,1.0,1.0,1.0,1.0,1.0,1.0,1.0,1.0,1.0,1.0,1.0,1.028,1.028,1.028,1.028,1.028,1.028,1.028,1.028,1.028,1.028,1.028,1.028,1.028,1.028,1.028,1.028,1.028,1.028,1.028,1.028,1.028,1.028
1970-01-01,1.2,1.2,1.2,1.0,1.0,1.0,1.0,1.0,1.0,1.0,1.0,1.0,1.0,1.0,1.0,1.0,1.0,1.0,1.0,1.0,1.0,1.0,1.0,1.0,1.0,1.0,1.0,1.0,1.0,1.016,1.016,1.016,1.016,1.016,1.016,1.016,1.016,1.016,1.016,1.016,1.016,1.016,1.016,1.016,1.016,1.016,1.016,1.016,1.016,1.016,1.016
1970-04-01,1.2,1.2,1.2,1.0,1.0,1.0,1.0,1.0,1.0,1.0,1.0,1.0,1.0,1.0,1.0,1.0,1.0,1.0,1.0,1.0,1.0,1.0,1.0,1.0,1.0,1.0,1.0,1.0,1.0,1.02,1.02,1.02,1.02,1.02,1.02,1.02,1.02,1.02,1.02,1.02,1.02,1.02,1.02,1.02,1.02,1.02,1.02,1.02,1.02,1.02,1.02
1970-07-01,1.1,1.1,1.1,0.9,0.9,0.9,0.9,0.9,0.9,0.9,0.9,0.9,0.9,0.9,0.9,0.9,0.9,0.9,0.9,0.9,0.9,0.9,0.9,0.9,0.9,0.9,0.9,0.9,0.9,0.904,0.904,0.904,0.904,0.904,0.904,0.904,0.904,0.904,0.904,0.904,0.904,0.904,0.904,0.904,0.904,0.904,0.904,0.904,0.904,0.904,0.904
1970-10-01,1.1,1.1,1.1,0.9,0.9,0.9,0.9,0.9,0.9,0.9,0.9,0.9,0.9,0.9,0.9,0.9,0.9,0.9,0.9,0.9,0.9,0.9,0.9,0.9,0.9,0.9,0.9,0.9,0.9,0.896,0.896,0.896,0.896,0.896,0.896,0.896,0.896,0.896,0.896,0.896,0.896,0.896,0.896,0.896,0.896,0.896,0.896,0.896,0.896,0.896,0.896
1971-01-01,1.1,1.1,1.1,0.9,0.9,0.9,0.9,0.9,0.9,0.9,0.9,0.9,0.9,0.9,0.9,0.9,0.9,0.9,0.9,0.9,0.9,0.9,0.9,0.9,0.9,0.9,0.9,0.9,0.9,0.916,0.916,0.916,0.916,0.916,0.916,0.916,0.916,0.916,0.916,0.916,0.916,0.916,0.916,0.916,0.916,0.916,0.916,0.916,0.916,0.916,0.916
1971-04-01,1.1,1.1,1.1,0.9,0.9,0.9,0.9,0.9,0.9,0.9,0.9,0.9,0.9,0.9,0.9,0.9,0.9,0.9,0.9,0.9,0.9,0.9,0.9,0.9,0.9,0.9,0.9,0.9,0.9,0.916,0.916,0.916,0.916,0.916,0.916,0.916,0.916,0.916,0.916,0.916,0.916,0.916,0.916,0.916,0.916,0.916,0.916,0.916,0.916,0.916,0.916
1971-07-01,1.1,1.1,1.1,0.9,0.9,0.9,0.9,0.9,0.9,0.9,0.9,0.9,0.9,0.9,0.9,0.9,0.9,0.9,0.9,0.9,0.9,0.9,0.9,0.9,0.9,0.9,0.9,0.9,0.9,0.924,0.924,0.924,0.924,0.924,0.924,0.924,0.924,0.924,0.924,0.924,0.924,0.924,0.924,0.924,0.924,0.924,0.924,0.924,0.924,0.924,0.924
1971-10-01,1.1,1.1,1.1,1.0,1.0,1.0,1.0,1.0,1.0,1.0,1.0,1.0,1.0,1.0,1.0,1.0,1.0,1.0,1.0,1.0,1.0,1.0,1.0,1.0,1.0,1.0,1.0,1.0,1.0,0.956,0.956,0.956,0.956,0.956,0.956,0.956,0.956,0.956,0.956,0.956,0.956,0.956,0.956,0.956,0.956,0.956,0.956,0.956,0.956,0.956,0.956
1972-01-01,1.2,1.2,1.2,1.0,1.0,1.0,1.0,1.0,1.0,1.0,1.0,1.0,1.0,1.0,1.0,1.0,1.0,1.0,1.0,1.0,1.0,1.0,1.0,1.0,1.0,1.0,1.0,1.0,1.0,1.032,1.032,1.032,1.032,1.032,1.032,1.032,1.032,1.032,1.032,1.032,1.032,1.032,1.032,1.032,1.032,1.032,1.032,1.032,1.032,1.032,1.032
1972-04-01,1.3,1.3,1.3,1.1,1.1,1.1,1.1,1.1,1.1,1.1,1.1,1.1,1.1,1.1,1.1,1.1,1.1,1.1,1.1,1.1,1.1,1.1,1.1,1.1,1.1,1.1,1.1,1.1,1.1,1.104,1.104,1.104,1.104,1.104,1.104,1.104,1.104,1.104,1.104,1.104,1.104,1.104,1.104,1.104,1.104,1.104,1.104,1.104,1.104,1.104,1.104
1972-07-01,1.3,1.3,1.3,1.2,1.2,1.2,1.2,1.2,1.2,1.2,1.2,1.2,1.2,1.2,1.2,1.2,1.2,1.2,1.2,1.2,1.2,1.2,1.2,1.2,1.2,1.2,1.2,1.2,1.2,1.156,1.156,1.156,1.156,1.156,1.156,1.156,1.156,1.156,1.156,1.156,1.156,1.156,1.156,1.156,1.156,1.156,1.156,1.156,1.156,1.156,1.156
1972-10-01,1.3,1.3,1.3,1.2,1.2,1.2,1.2,1.2,1.2,1.2,1.2,1.2,1.2,1.2,1.2,1.2,1.2,1.2,1.2,1.2,1.2,1.2,1.2,1.2,1.2,1.2,1.2,1.2,1.2,1.188,1.188,1.188,1.188,1.188,1.188,1.188,1.188,1.188,1.188,1.188,1.188,1.188,1.188,1.188,1.188,1.188,1.188,1.188,1.188,1.188,1.188
1973-01-01,1.4,1.4,1.4,1.2,1.2,1.2,1.2,1.2,1.2,1.2,1.2,1.2,1.2,1.2,1.2,1.2,1.2,1.2,1.2,1.2,1.2,1.2,1.2,1.2,1.2,1.2,1.2,1.2,1.2,1.248,1.248,1.248,1.248,1.248,1.248,1.248,1.248,1.248,1.248,1.248,1.248,1.248,1.248,1.248,1.248,1.248,1.248,1.248,1.248,1.248,1.248
1973-04-01,1.5,1.5,1.5,1.3,1.3,1.3,1.3,1.3,1.3,1.3,1.3,1.3,1.3,1.3,1.3,1.3,1.3,1.3,1.3,1.3,1.3,1.3,1.3,1.3,1.3,1.3,1.3,1.3,1.3,1.288,1.288,1.288,1.288,1.288,1.288,1.288,1.288,1.288,1.288,1.288,1.288,1.288,1.288,1.288,1.288,1.288,1.288,1.288,1.288,1.288,1.288
1973-07-01,1.1,1.1,1.1,0.8,0.8,0.8,0.8,0.8,0.8,0.8,0.8,0.8,0.8,0.8,0.8,0.8,0.8,0.8,0.8,0.8,0.8,0.8,0.8,0.8,0.8,0.8,0.8,0.8,0.8,0.812,0.812,0.812,0.812,0.812,0.812,0.812,0.812,0.812,0.812,0.812,0.812,0.812,0.812,0.812,0.812,0.812,0.812,0.812,0.812,0.812,0.812
1973-10-01,1.1,1.1,1.1,0.8,0.8,0.8,0.8,0.8,0.8,0.8,0.8,0.8,0.8,0.8,0.8,0.8,0.8,0.8,0.8,0.8,0.8,0.8,0.8,0.8,0.8,0.8,0.8,0.8,0.8,0.844,0.844,0.844,0.844,0.844,0.844,0.844,0.844,0.844,0.844,0.844,0.844,0.844,0.844,0.844,0.844,0.844,0.844,0.844,0.844,0.844,0.844
1974-01-01,1.3,1.3,1.3,1.0,1.0,1.0,1.0,1.0,1.0,1.0,1.0,1.0,1.0,1.0,1.0,1.0,1.0,1.0,1.0,1.0,1.0,1.0,1.0,1.0,1.0,1.0,1.0,1.0,1.0,1.004,1.004,1.004,1.004,1.004,1.004,1.004,1.004,1.004,1.004,1.004,1.004,1.004,1.004,1.004,1.004,1.004,1.004,1.004,1.004,1.004,1.004
1974-04-01,1.4,1.4,1.4,1.1,1.1,1.1,1.1,1.1,1.1,1.1,1.1,1.1,1.1,1.1,1.1,1.1,1.1,1.1,1.1,1.1,1.1,1.1,1.1,1.1,1.1,1.1,1.1,1.1,1.1,1.084,1.084,1.084,1.084,1.084,1.084,1.084,1.084,1.084,1.084,1.084,1.084,1.084,1.084,1.084,1.084,1.084,1.084,1.084,1.084,1.084,1.084
1974-07-01,1.5,1.5,1.5,1.1,1.1,1.1,1.1,1.1,1.1,1.1,1.1,1.1,1.1,1.1,1.1,1.1,1.1,1.1,1.1,1.1,1.1,1.1,1.1,1.1,1.1,1.1,1.1,1.1,1.1,1.12,1.12,1.12,1.12,1.12,1.12,1.12,1.12,1.12,1.12,1.12,1.12,1.12,1.12,1.12,1.12,1.12,1.12,1.12,1.12,1.12,1.12
1974-10-01,1.5,1.5,1.5,1.1,1.1,1.1,1.1,1.1,1.1,1.1,1.1,1.1,1.1,1.1,1.1,1.1,1.1,1.1,1.1,1.1,1.1,1.1,1.1,1.1,1.1,1.1,1.1,1.1,1.1,1.116,1.116,1.116,1.116,1.116,1.116,1.116,1.116,1.116,1.116,1.116,1.116,1.116,1.116,1.116,1.116,1.116,1.116,1.116,1.116,1.116,1.116
1975-01-01,1.5,1.5,1.5,1.1,1.1,1.1,1.1,1.1,1.1,1.1,1.1,1.1,1.1,1.1,1.1,1.1,1.1,1.1,1.1,1.1,1.1,1.1,1.1,1.1,1.1,1.1,1.1,1.1,1.1,1.096,1.096,1.096,1.096,1.096,1.096,1.096,1.096,1.096,1.096,1.096,1.096,1.096,1.096,1.096,1.096,1.096,1.096,1.096,1.096,1.096,1.096
1975-04-01,1.5,1.5,1.5,1.1,1.1,1.1,1.1,1.1,1.1,1.1,1.1,1.1,1.1,1.1,1.1,1.1,1.1,1.1,1.1,1.1,1.1,1.1,1.1,1.1,1.1,1.1,1.1,1.1,1.1,1.1,1.1,1.1,1.1,1.1,1.1,1.1,1.1,1.1,1.1,1.1,1.1,1.1,1.1,1.1,1.1,1.1,1.1,1.1,1.1,1.1,1.1
1975-07-01,1.5,1.5,1.5,1.1,1.1,1.1,1.1,1.1,1.1,1.1,1.1,1.1,1.1,1.1,1.1,1.1,1.1,1.1,1.1,1.1,1.1,1.1,1.1,1.1,1.1,1.1,1.1,1.1,1.1,1.104,1.104,1.104,1.104,1.104,1.104,1.104,1.104,1.104,1.104,1.104,1.104,1.104,1.104,1.104,1.104,1.104,1.104,1.104,1.104,1.104,1.104
1975-10-01,1.5,1.5,1.5,1.1,1.1,1.1,1.1,1.1,1.1,1.1,1.1,1.1,1.1,1.1,1.1,1.1,1.1,1.1,1.1,1.1,1.1,1.1,1.1,1.1,1.1,1.1,1.1,1.1,1.1,1.124,1.124,1.124,1.124,1.124,1.124,1.124,1.124,1.124,1.124,1.124,1.124,1.124,1.124,1.124,1.124,1.124,1.124,1.124,1.124,1.124,1.124
1976-01-01,1.6,1.6,1.6,1.3,1.3,1.3,1.3,1.3,1.3,1.3,1.3,1.3,1.3,1.3,1.3,1.3,1.3,1.3,1.3,1.3,1.3,1.3,1.3,1.3,1.3,1.3,1.3,1.3,1.3,1.26,1.26,1.26,1.26,1.26,1.26,1.26,1.26,1.26,1.26,1.26,1.26,1.26,1.26,1.26,1.26,1.26,1.26,1.26,1.26,1.26,1.26
1976-04-01,1.6,1.6,1.6,1.2,1.2,1.2,1.2,1.2,1.2,1.2,1.2,1.2,1.2,1.2,1.2,1.2,1.2,1.2,1.2,1.2,1.2,1.2,1.2,1.2,1.2,1.2,1.2,1.2,1.2,1.188,1.188,1.188,1.188,1.188,1.188,1.188,1.188,1.188,1.188,1.188,1.188,1.188,1.188,1.188,1.188,1.188,1.188,1.188,1.188,1.188,1.188
1976-07-01,1.6,1.6,1.6,1.2,1.2,1.2,1.2,1.2,1.2,1.2,1.2,1.2,1.2,1.2,1.2,1.2,1.2,1.2,1.2,1.2,1.2,1.2,1.2,1.2,1.2,1.2,1.2,1.2,1.2,1.184,1.184,1.184,1.184,1.184,1.184,1.184,1.184,1.184,1.184,1.184,1.184,1.184,1.184,1.184,1.184,1.184,1.184,1.184,1.184,1.184,1.184
1976-10-01,1.6,1.6,1.6,1.3,1.3,1.3,1.3,1.3,1.3,1.3,1.3,1.3,1.3,1.3,1.3,1.3,1.3,1.3,1.3,1.3,1.3,1.3,1.3,1.3,1.3,1.3,1.3,1.3,1.3,1.26,1.26,1.26,1.26,1.26,1.26,1.26,1.26,1.26,1.26,1.26,1.26,1.26,1.26,1.26,1.26,1.26,1.26,1.26,1.26,1.26,1.26
1977-01-01,1.6,1.6,1.6,1.3,1.3,1.3,1.3,1.3,1.3,1.3,1.3,1.3,1.3,1.3,1.3,1.3,1.3,1.3,1.3,1.3,1.3,1.3,1.3,1.3,1.3,1.3,1.3,1.3,1.3,1.264,1.264,1.264,1.264,1.264,1.264,1.264,1.264,1.264,1.264,1.264,1.264,1.264,1.264,1.264,1.264,1.264,1.264,1.264,1.264,1.264,1.264
1977-04-01,1.8,1.8,1.8,1.4,1.4,1.4,1.4,1.4,1.4,1.4,1.4,1.4,1.4,1.4,1.4,1.4,1.4,1.4,1.4,1.4,1.4,1.4,1.4,1.4,1.4,1.4,1.4,1.4,1.4,1.404,1.404,1.404,1.404,1.404,1.404,1.404,1.404,1.404,1.404,1.404,1.404,1.404,1.404,1.404,1.404,1.404,1.404,1.404,1.404,1.404,1.404
1977-07-01,2.1,2.1,2.1,1.8,1.8,1.8,1.8,1.8,1.8,1.8,1.8,1.8,1.8,1.8,1.8,1.8,1.8,1.8,1.8,1.8,1.8,1.8,1.8,1.8,1.8,1.8,1.8,1.8,1.8,1.756,1.756,1.756,1.756,1.756,1.756,1.756,1.756,1.756,1.756,1.756,1.756,1.756,1.756,1.756,1.756,1.756,1.756,1.756,1.756,1.756,1.756
1977-10-01,2.3,2.3,2.3,1.9,1.9,1.9,1.9,1.9,1.9,1.9,1.9,1.9,1.9,1.9,1.9,1.9,1.9,1.9,1.9,1.9,1.9,1.9,1.9,1.9,1.9,1.9,1.9,1.9,1.9,1.884,1.884,1.884,1.884,1.884,1.884,1.884,1.884,1.884,1.884,1.884,1.884,1.884,1.884,1.884,1.884,1.884,1.884,1.884,1.884,1.884,1.884
1978-01-01,2.4,2.4,2.4,2.0,2.0,2.0,2.0,2.0,2.0,2.0,2.0,2.0,2.0,2.0,2.0,2.0,2.0,2.0,2.0,2.0,2.0,2.0,2.0,2.0,2.0,2.0,2.0,2.0,2.0,2.028,2.028,2.028,2.028,2.028,2.028,2.028,2.028,2.028,2.028,2.028,2.028,2.028,2.028,2.028,2.028,2.028,2.028,2.028,2.028,2.028,2.028
1978-04-01,2.6,2.6,2.6,2.2,2.2,2.2,2.2,2.2,2.2,2.2,2.2,2.2,2.2,2.2,2.2,2.2,2.2,2.2,2.2,2.2,2.2,2.2,2.2,2.2,2.2,2.2,2.2,2.2,2.2,2.18,2.18,2.18,2.18,2.18,2.18,2.18,2.18,2.18,2.18,2.18,2.18,2.18,2.18,2.18,2.18,2.18,2.18,2.18,2.18,2.18,2.18
1978-07-01,2.8,2.8,2.8,2.3,2.3,2.3,2.3,2.3,2.3,2.3,2.3,2.3,2.3,2.3,2.3,2.3,2.3,2.3,2.3,2.3,2.3,2.3,2.3,2.3,2.3,2.3,2.3,2.3,2.3,2.304,2.304,2.304,2.304,2.304,2.304,2.304,2.304,2.304,2.304,2.304,2.304,2.304,2.304,2.304,2.304,2.304,2.304,2.304,2.304,2.304,2.304
1978-10-01,2.9,2.9,2.9,2.4,2.4,2.4,2.4,2.4,2.4,2.4,2.4,2.4,2.4,2.4,2.4,2.4,2.4,2.4,2.4,2.4,2.4,2.4,2.4,2.4,2.4,2.4,2.4,2.4,2.4,2.4,2.4,2.4,2.4,2.4,2.4,2.4,2.4,2.4,2.4,2.4,2.4,2.4,2.4,2.4,2.4,2.4,2.4,2.4,2.4,2.4,2.4
1979-01-01,2.9,2.9,2.9,2.5,2.5,2.5,2.5,2.5,2.5,2.5,2.5,2.5,2.5,2.5,2.5,2.5,2.5,2.5,2.5,2.5,2.5,2.5,2.5,2.5,2.5,2.5,2.5,2.5,2.5,2.452,2.452,2.452,2.452,2.452,2.452,2.452,2.452,2.452,2.452,2.452,2.452,2.452,2.452,2.452,2.452,2.452,2.452,2.452,2.452,2.452,2.452
1979-04-01,3.1,3.1,3.1,2.5,2.5,2.5,2.5,2.5,2.5,2.5,2.5,2.5,2.5,2.5,2.5,2.5,2.5,2.5,2.5,2.5,2.5,2.5,2.5,2.5,2.5,2.5,2.5,2.5,2.5,2.52,2.52,2.52,2.52,2.52,2.52,2.52,2.52,2.52,2.52,2.52,2.52,2.52,2.52,2.52,2.52,2.52,2.52,2.52,2.52,2.52,2.52
1979-07-01,3.2,3.2,3.2,2.6,2.6,2.6,2.6,2.6,2.6,2.6,2.6,2.6,2.6,2.6,2.6,2.6,2.6,2.6,2.6,2.6,2.6,2.6,2.6,2.6,2.6,2.6,2.6,2.6,2.6,2.572,2.572,2.572,2.572,2.572,2.572,2.572,2.572,2.572,2.572,2.572,2.572,2.572,2.572,2.572,2.572,2.572,2.572,2.572,2.572,2.572,2.572
1979-10-01,3.3,3.3,3.3,2.6,2.6,2.6,2.6,2.6,2.6,2.6,2.6,2.6,2.6,2.6,2.6,2.6,2.6,2.6,2.6,2.6,2.6,2.6,2.6,2.6,2.6,2.6,2.6,2.6,2.6,2.628,2.628,2.628,2.628,2.628,2.628,2.628,2.628,2.628,2.628,2.628,2.628,2.628,2.628,2.628,2.628,2.628,2.628,2.628,2.628,2.628,2.628
1980-01-01,3.5,3.5,3.5,2.7,2.7,2.7,2.7,2.7,2.7,2.7,2.7,2.7,2.7,2.7,2.7,2.7,2.7,2.7,2.7,2.7,2.7,2.7,2.7,2.7,2.7,2.7,2.7,2.7,2.7,2.736,2.736,2.736,2.736,2.736,2.736,2.736,2.736,2.736,2.736,2.736,2.736,2.736,2.736,2.736,2.736,2.736,2.736,2.736,2.736,2.736,2.736
1980-04-01,3.6,3.6,3.6,2.8,2.8,2.8,2.8,2.8,2.8,2.8,2.8,2.8,2.8,2.8,2.8,2.8,2.8,2.8,2.8,2.8,2.8,2.8,2.8,2.8,2.8,2.8,2.8,2.8,2.8,2.832,2.832,2.832,2.832,2.832,2.832,2.832,2.832,2.832,2.832,2.832,2.832,2.832,2.832,2.832,2.832,2.832,2.832,2.832,2.832,2.832,2.832
1980-07-01,3.5,3.5,3.5,2.8,2.8,2.8,2.8,2.8,2.8,2.8,2.8,2.8,2.8,2.8,2.8,2.8,2.8,2.8,2.8,2.8,2.8,2.8,2.8,2.8,2.8,2.8,2.8,2.8,2.8,2.78,2.78,2.78,2.78,2.78,2.78,2.78,2.78,2.78,2.78,2.78,2.78,2.78,2.78,2.78,2.78,2.78,2.78,2.78,2.78,2.78,2.78
1980-10-01,5.0,5.0,5.0,4.2,4.2,4.2,4.2,4.2,4.2,4.2,4.2,4.2,4.2,4.2,4.2,4.2,4.2,4.2,4.2,4.2,4.2,4.2,4.2,4.2,4.2,4.2,4.2,4.2,4.2,4.22,4.22,4.22,4.22,4.22,4.22,4.22,4.22,4.22,4.22,4.22,4.22,4.22,4.22,4.22,4.22,4.22,4.22,4.22,4.22,4.22,4.22
1981-01-01,4.3,4.3,4.3,3.5,3.5,3.5,3.5,3.5,3.5,3.5,3.5,3.5,3.5,3.5,3.5,3.5,3.5,3.5,3.5,3.5,3.5,3.5,3.5,3.5,3.5,3.5,3.5,3.5,3.5,3.472,3.472,3.472,3.472,3.472,3.472,3.472,3.472,3.472,3.472,3.472,3.472,3.472,3.472,3.472,3.472,3.472,3.472,3.472,3.472,3.472,3.472
1981-04-01,3.9,3.9,3.9,3.0,3.0,3.0,3.0,3.0,3.0,3.0,3.0,3.0,3.0,3.0,3.0,3.0,3.0,3.0,3.0,3.0,3.0,3.0,3.0,3.0,3.0,3.0,3.0,3.0,3.0,2.98,2.98,2.98,2.98,2.98,2.98,2.98,2.98,2.98,2.98,2.98,2.98,2.98,2.98,2.98,2.98,2.98,2.98,2.98,2.98,2.98,2.98
1981-07-01,4.1,4.1,4.1,3.0,3.0,3.0,3.0,3.0,3.0,3.0,3.0,3.0,3.0,3.0,3.0,3.0,3.0,3.0,3.0,3.0,3.0,3.0,3.0,3.0,3.0,3.0,3.0,3.0,3.0,3.016,3.016,3.016,3.016,3.016,3.016,3.016,3.016,3.016,3.016,3.016,3.016,3.016,3.016,3.016,3.016,3.016,3.016,3.016,3.016,3.016,3.016
1981-10-01,4.3,4.3,4.3,3.0,3.0,3.0,3.0,3.0,3.0,3.0,3.0,3.0,3.0,3.0,3.0,3.0,3.0,3.0,3.0,3.0,3.0,3.0,3.0,3.0,3.0,3.0,3.0,3.0,3.0,3.044,3.044,3.044,3.044,3.044,3.044,3.044,3.044,3.044,3.044,3.044,3.044,3.044,3.044,3.044,3.044,3.044,3.044,3.044,3.044,3.044,3.044
1982-01-01,5.4,5.4,5.4,4.0,4.0,4.0,4.0,4.0,4.0,4.0,4.0,4.0,4.0,4.0,4.0,4.0,4.0,4.0,4.0,4.0,4.0,4.0,4.0,4.0,4.0,4.0,4.0,4.0,4.0,3.952,3.952,3.952,3.952,3.952,3.952,3.952,3.952,3.952,3.952,3.952,3.952,3.952,3.952,3.952,3.952,3.952,3.952,3.952,3.952,3.952,3.952
1982-04-01,5.7,5.7,5.7,4.3,4.3,4.3,4.3,4.3,4.3,4.3,4.3,4.3,4.3,4.3,4.3,4.3,4.3,4.3,4.3,4.3,4.3,4.3,4.3,4.3,4.3,4.3,4.3,4.3,4.3,4.256,4.256,4.256,4.256,4.256,4.256,4.256,4.256,4.256,4.256,4.256,4.256,4.256,4.256,4.256,4.256,4.256,4.256,4.256,4.256,4.256,4.256
1982-07-01,5.8,5.8,5.8,4.5,4.5,4.5,4.5,4.5,4.5,4.5,4.5,4.5,4.5,4.5,4.5,4.5,4.5,4.5,4.5,4.5,4.5,4.5,4.5,4.5,4.5,4.5,4.5,4.5,4.5,4.524,4.524,4.524,4.524,4.524,4.524,4.524,4.524,4.524,4.524,4.524,4.524,4.524,4.524,4.524,4.524,4.524,4.524,4.524,4.524,4.524,4.524
1982-10-01,5.9,5.9,5.9,4.8,4.8,4.8,4.8,4.8,4.8,4.8,4.8,4.8,4.8,4.8,4.8,4.8,4.8,4.8,4.8,4.8,4.8,4.8,4.8,4.8,4.8,4.8,4.8,4.8,4.8,4.792,4.792,4.792,4.792,4.792,4.792,4.792,4.792,4.792,4.792,4.792,4.792,4.792,4.792,4.792,4.792,4.792,4.792,4.792,4.792,4.792,4.792
1983-01-01,5.7,5.7,5.7,4.8,4.8,4.8,4.8,4.8,4.8,4.8,4.8,4.8,4.8,4.8,4.8,4.8,4.8,4.8,4.8,4.8,4.8,4.8,4.8,4.8,4.8,4.8,4.8,4.8,4.8,4.788,4.788,4.788,4.788,4.788,4.788,4.788,4.788,4.788,4.788,4.788,4.788,4.788,4.788,4.788,4.788,4.788,4.788,4.788,4.788,4.788,4.788
1983-04-01,6.0,6.0,6.0,5.1,5.1,5.1,5.1,5.1,5.1,5.1,5.1,5.1,5.1,5.1,5.1,5.1,5.1,5.1,5.1,5.1,5.1,5.1,5.1,5.1,5.1,5.1,5.1,5.1,5.1,5.108,5.108,5.108,5.108,5.108,5.108,5.108,5.108,5.108,5.108,5.108,5.108,5.108,5.108,5.108,5.108,5.108,5.108,5.108,5.108,5.108,5.108
1983-07-01,6.2,6.2,6.2,5.3,5.3,5.3,5.3,5.3,5.3,5.3,5.3,5.3,5.3,5.3,5.3,5.3,5.3,5.3,5.3,5.3,5.3,5.3,5.3,5.3,5.3,5.3,5.3,5.3,5.3,5.304,5.304,5.304,5.304,5.304,5.304,5.304,5.304,5.304,5.304,5.304,5.304,5.304,5.304,5.304,5.304,5.304,5.304,5.304,5.304,5.304,5.304
1983-10-01,6.7,6.7,6.7,5.7,5.7,5.7,5.7,5.7,5.7,5.7,5.7,5.7,5.7,5.7,5.7,5.7,5.7,5.7,5.7,5.7,5.7,5.7,5.7,5.7,5.7,5.7,5.7,5.7,5.7,5.68,5.68,5.68,5.68,5.68,5.68,5.68,5.68,5.68,5.68,5.68,5.68,5.68,5.68,5.68,5.68,5.68,5.68,5.68,5.68,5.68,5.68
1984-01-01,7.1,7.1,7.1,6.1,6.1,6.1,6.1,6.1,6.1,6.1,6.1,6.1,6.1,6.1,6.1,6.1,6.1,6.1,6.1,6.1,6.1,6.1,6.1,6.1,6.1,6.1,6.1,6.1,6.1,6.096,6.096,6.096,6.096,6.096,6.096,6.096,6.096,6.096,6.096,6.096,6.096,6.096,6.096,6.096,6.096,6.096,6.096,6.096,6.096,6.096,6.096
1984-04-01,7.4,7.4,7.4,6.3,6.3,6.3,6.3,6.3,6.3,6.3,6.3,6.3,6.3,6.3,6.3,6.3,6.3,6.3,6.3,6.3,6.3,6.3,6.3,6.3,6.3,6.3,6.3,6.3,6.3,6.288,6.288,6.288,6.288,6.288,6.288,6.288,6.288,6.288,6.288,6.288,6.288,6.288,6.288,6.288,6.288,6.288,6.288,6.288,6.288,6.288,6.288
1984-07-01,7.5,7.5,7.5,6.3,6.3,6.3,6.3,6.3,6.3,6.3,6.3,6.3,6.3,6.3,6.3,6.3,6.3,6.3,6.3,6.3,6.3,6.3,6.3,6.3,6.3,6.3,6.3,6.3,6.3,6.344,6.344,6.344,6.344,6.344,6.344,6.344,6.344,6.344,6.344,6.344,6.344,6.344,6.344,6.344,6.344,6.344,6.344,6.344,6.344,6.344,6.344
1984-10-01,7.6,7.6,7.6,6.4,6.4,6.4,6.4,6.4,6.4,6.4,6.4,6.4,6.4,6.4,6.4,6.4,6.4,6.4,6.4,6.4,6.4,6.4,6.4,6.4,6.4,6.4,6.4,6.4,6.4,6.368,6.368,6.368,6.368,6.368,6.368,6.368,6.368,6.368,6.368,6.368,6.368,6.368,6.368,6.368,6.368,6.368,6.368,6.368,6.368,6.368,6.368
1985-01-01,8.3,8.3,8.3,7.0,7.0,7.0,7.0,7.0,7.0,7.0,7.0,7.0,7.0,7.0,7.0,7.0,7.0,7.0,7.0,7.0,7.0,7.0,7.0,7.0,7.0,7.0,7.0,7.0,7.0,7.048,7.048,7.048,7.048,7.048,7.048,7.048,7.048,7.048,7.048,7.048,7.048,7.048,7.048,7.048,7.048,7.048,7.048,7.048,7.048,7.048,7.048
1985-04-01,14.0,14.0,14.0,12.8,12.8,12.8,12.8,12.8,12.8,12.8,12.8,12.8,12.8,12.8,12.8,12.8,12.8,12.8,12.8,12.8,12.8,12.8,12.8,12.8,12.8,12.8,12.8,12.8,12.8,12.804,12.804,12.804,12.804,12.804,12.804,12.804,12.804,12.804,12.804,12.804,12.804,12.804,12.804,12.804,12.804,12.804,12.804,12.804,12.804,12.804,12.804
1985-07-01,8.4,8.4,8.4,7.3,7.3,7.3,7.3,7.3,7.3,7.3,7.3,7.3,7.3,7.3,7.3,7.3,7.3,7.3,7.3,7.3,7.3,7.3,7.3,7.3,7.3,7.3,7.3,7.3,7.3,7.252,7.252,7.252,7.252,7.252,7.252,7.252,7.252,7.252,7.252,7.252,7.252,7.252,7.252,7.252,7.252,7.252,7.252,7.252,7.252,7.252,7.252
1985-10-01,8.3,8.3,8.3,7.3,7.3,7.3,7.3,7.3,7.3,7.3,7.3,7.3,7.3,7.3,7.3,7.3,7.3,7.3,7.3,7.3,7.3,7.3,7.3,7.3,7.3,7.3,7.3,7.3,7.3,7.28,7.28,7.28,7.28,7.28,7.28,7.28,7.28,7.28,7.28,7.28,7.28,7.28,7.28,7.28,7.28,7.28,7.28,7.28,7.28,7.28,7.28
1986-01-01,8.3,8.3,8.3,7.3,7.3,7.3,7.3,7.3,7.3,7.3,7.3,7.3,7.3,7.3,7.3,7.3,7.3,7.3,7.3,7.3,7.3,7.3,7.3,7.3,7.3,7.3,7.3,7.3,7.3,7.308,7.308,7.308,7.308,7.308,7.308,7.308,7.308,7.308,7.308,7.308,7.308,7.308,7.308,7.308,7.308,7.308,7.308,7.308,7.308,7.308,7.308
1986-04-01,8.5,8.5,8.5,7.5,7.5,7.5,7.5,7.5,7.5,7.5,7.5,7.5,7.5,7.5,7.5,7.5,7.5,7.5,7.5,7.5,7.5,7.5,7.5,7.5,7.5,7.5,7.5,7.5,7.5,7.536,7.536,7.536,7.536,7.536,7.536,7.536,7.536,7.536,7.536,7.536,7.536,7.536,7.536,7.536,7.536,7.536,7.536,7.536,7.536,7.536,7.536
1986-07-01,7.6,7.6,7.6,6.7,6.7,6.7,6.7,6.7,6.7,6.7,6.7,6.7,6.7,6.7,6.7,6.7,6.7,6.7,6.7,6.7,6.7,6.7,6.7,6.7,6.7,6.7,6.7,6.7,6.7,6.708,6.708,6.708,6.708,6.708,6.708,6.708,6.708,6.708,6.708,6.708,6.708,6.708,6.708,6.708,6.708,6.708,6.708,6.708,6.708,6.708,6.708
1986-10-01,9.7,9.7,9.7,8.9,8.9,8.9,8.9,8.9,8.9,8.9,8.9,8.9,8.9,8.9,8.9,8.9,8.9,8.9,8.9,8.9,8.9,8.9,8.9,8.9,8.9,8.9,8.9,8.9,8.9,8.892,8.892,8.892,8.892,8.892,8.892,8.892,8.892,8.892,8.892,8.892,8.892,8.892,8.892,8.892,8.892,8.892,8.892,8.892,8.892,8.892,8.892
1987-01-01,10.4,10.4,10.4,9.6,9.6,9.6,9.6,9.6,9.6,9.6,9.6,9.6,9.6,9.6,9.6,9.6,9.6,9.6,9.6,9.6,9.6,9.6,9.6,9.6,9.6,9.6,9.6,9.6,9.6,9.62,9.62,9.62,9.62,9.62,9.62,9.62,9.62,9.62,9.62,9.62,9.62,9.62,9.62,9.62,9.62,9.62,9.62,9.62,9.62,9.62,9.62
1987-04-01,11.5,11.5,11.5,10.8,10.8,10.8,10.8,10.8,10.8,10.8,10.8,10.8,10.8,10.8,10.8,10.8,10.8,10.8,10.8,10.8,10.8,10.8,10.8,10.8,10.8,10.8,10.8,10.8,10.8,10.772,10.772,10.772,10.772,10.772,10.772,10.772,10.772,10.772,10.772,10.772,10.772,10.772,10.772,10.772,10.772,10.772,10.772,10.772,10.772,10.772,10.772
1987-07-01,10.9,10.9,10.9,10.1,10.1,10.1,10.1,10.1,10.1,10.1,10.1,10.1,10.1,10.1,10.1,10.1,10.1,10.1,10.1,10.1,10.1,10.1,10.1,10.1,10.1,10.1,10.1,10.1,10.1,10.136,10.136,10.136,10.136,10.136,10.136,10.136,10.136,10.136,10.136,10.136,10.136,10.136,10.136,10.136,10.136,10.136,10.136,10.136,10.136,10.136,10.136
1987-10-01,11.1,11.1,11.1,10.3,10.3,10.3,10.3,10.3,10.3,10.3,10.3,10.3,10.3,10.3,10.3,10.3,10.3,10.3,10.3,10.3,10.3,10.3,10.3,10.3,10.3,10.3,10.3,10.3,10.3,10.296,10.296,10.296,10.296,10.296,10.296,10.296,10.296,10.296,10.296,10.296,10.296,10.296,10.296,10.296,10.296,10.296,10.296,10.296,10.296,10.296,10.296
1988-01-01,9.8,9.8,9.8,9.0,9.0,9.0,9.0,9.0,9.0,9.0,9.0,9.0,9.0,9.0,9.0,9.0,9.0,9.0,9.0,9.0,9.0,9.0,9.0,9.0,9.0,9.0,9.0,9.0,9.0,8.984,8.984,8.984,8.984,8.984,8.984,8.984,8.984,8.984,8.984,8.984,8.984,8.984,8.984,8.984,8.984,8.984,8.984,8.984,8.984,8.984,8.984
1988-04-01,10.1,10.1,10.1,9.2,9.2,9.2,9.2,9.2,9.2,9.2,9.2,9.2,9.2,9.2,9.2,9.2,9.2,9.2,9.2,9.2,9.2,9.2,9.2,9.2,9.2,9.2,9.2,9.2,9.2,9.228,9.228,9.228,9.228,9.228,9.228,9.228,9.228,9.228,9.228,9.228,9.228,9.228,9.228,9.228,9.228,9.228,9.228,9.228,9.228,9.228,9.228
1988-07-01,10.7,10.7,10.7,9.9,9.9,9.9,9.9,9.9,9.9,9.9,9.9,9.9,9.9,9.9,9.9,9.9,9.9,9.9,9.9,9.9,9.9,9.9,9.9,9.9,9.9,9.9,9.9,9.9,9.9,9.864,9.864,9.864,9.864,9.864,9.864,9.864,9.864,9.864,9.864,9.864,9.864,9.864,9.864,9.864,9.864,9.864,9.864,9.864,9.864,9.864,9.864
1988-10-01,11.3,11.3,11.3,10.4,10.4,10.4,10.4,10.4,10.4,10.4,10.4,10.4,10.4,10.4,10.4,10.4,10.4,10.4,10.4,10.4,10.4,10.4,10.4,10.4,10.4,10.4,10.4,10.4,10.4,10.352,10.352,10.352,10.352,10.352,10.352,10.352,10.352,10.352,10.352,10.352,10.352,10.352,10.352,10.352,10.352,10.352,10.352,10.352,10.352,10.352,10.352
1989-01-01,11.8,11.8,11.8,10.9,10.9,10.9,10.9,10.9,10.9,10.9,10.9,10.9,10.9,10.9,10.9,10.9,10.9,10.9,10.9,10.9,10.9,10.9,10.9,10.9,10.9,10.9,10.9,10.9,10.9,10.86,10.86,10.86,10.86,10.86,10.86,10.86,10.86,10.86,10.86,10.86,10.86,10.86,10.86,10.86,10.86,10.86,10.86,10.86,10.86,10.86,10.86
1989-04-01,12.2,12.2,12.2,11.3,11.3,11.3,11.3,11.3,11.3,11.3,11.3,11.3,11.3,11.3,11.3,11.3,11.3,11.3,11.3,11.3,11.3,11.3,11.3,11.3,11.3,11.3,11.3,11.3,11.3,11.252,11.252,11.252,11.252,11.252,11.252,11.252,11.252,11.252,11.252,11.252,11.252,11.252,11.252,11.252,11.252,11.252,11.252,11.252,11.252,11.252,11.252
1989-07-01,13.5,13.5,13.5,12.5,12.5,12.5,12.5,12.5,12.5,12.5,12.5,12.5,12.5,12.5,12.5,12.5,12.5,12.5,12.5,12.5,12.5,12.5,12.5,12.5,12.5,12.5,12.5,12.5,12.5,12.544,12.544,12.544,12.544,12.544,12.544,12.544,12.544,12.544,12.544,12.544,12.544,12.544,12.544,12.544,12.544,12.544,12.544,12.544,12.544,12.544,12.544
1989-10-01,13.4,13.4,13.4,12.5,12.5,12.5,12.5,12.5,12.5,12.5,12.5,12.5,12.5,12.5,12.5,12.5,12.5,12.5,12.5,12.5,12.5,12.5,12.5,12.5,12.5,12.5,12.5,12.5,12.5,12.492,12.492,12.492,12.492,12.492,12.492,12.492,12.492,12.492,12.492,12.492,12.492,12.492,12.492,12.492,12.492,12.492,12.492,12.492,12.492,12.492,12.492
1990-01-01,13.0,13.0,13.0,12.1,12.1,12.1,12.1,12.1,12.1,12.1,12.1,12.1,12.1,12.1,12.1,12.1,12.1,12.1,12.1,12.1,12.1,12.1,12.1,12.1,12.1,12.1,12.1,12.1,12.1,12.12,12.12,12.12,12.12,12.12,12.12,12.12,12.12,12.12,12.12,12.12,12.12,12.12,12.12,12.12,12.12,12.12,12.12,12.12,12.12,12.12,12.12
1990-04-01,13.4,13.4,13.4,12.5,12.5,12.5,12.5,12.5,12.5,12.5,12.5,12.5,12.5,12.5,12.5,12.5,12.5,12.5,12.5,12.5,12.5,12.5,12.5,12.5,12.5,12.5,12.5,12.5,12.5,12.504,12.504,12.504,12.504,12.504,12.504,12.504,12.504,12.504,12.504,12.504,12.504,12.504,12.504,12.504,12.504,12.504,12.504,12.504,12.504,12.504,12.504
1990-07-01,14.4,14.4,14.4,13.4,13.4,13.4,13.4,13.4,13.4,13.4,13.4,13.4,13.4,13.4,13.4,13.4,13.4,13.4,13.4,13.4,13.4,13.4,13.4,13.4,13.4,13.4,13.4,13.4,13.4,13.436,13.436,13.436,13.436,13.436,13.436,13.436,13.436,13.436,13.436,13.436,13.436,13.436,13.436,13.436,13.436,13.436,13.436,13.436,13.436,13.436,13.436
1990-10-01,16.2,16.2,16.2,15.2,15.2,15.2,15.2,15.2,15.2,15.2,15.2,15.2,15.2,15.2,15.2,15.2,15.2,15.2,15.2,15.2,15.2,15.2,15.2,15.2,15.2,15.2,15.2,15.2,15.2,15.176,15.176,15.176,15.176,15.176,15.176,15.176,15.176,15.176,15.176,15.176,15.176,15.176,15.176,15.176,15.176,15.176,15.176,15.176,15.176,15.176,15.176
1991-01-01,17.6,17.6,17.6,16.5,16.5,16.5,16.5,16.5,16.5,16.5,16.5,16.5,16.5,16.5,16.5,16.5,16.5,16.5,16.5,16.5,16.5,16.5,16.5,16.5,16.5,16.5,16.5,16.5,16.5,16.548,16.548,16.548,16.548,16.548,16.548,16.548,16.548,16.548,16.548,16.548,16.548,16.548,16.548,16.548,16.548,16.548,16.548,16.548,16.548,16.548,16.548
1991-04-01,18.0,18.0,18.0,16.9,16.9,16.9,16.9,16.9,16.9,16.9,16.9,16.9,16.9,16.9,16.9,16.9,16.9,16.9,16.9,16.9,16.9,16.9,16.9,16.9,16.9,16.9,16.9,16.9,16.9,16.936,16.936,16.936,16.936,16.936,16.936,16.936,16.936,16.936,16.936,16.936,16.936,16.936,16.936,16.936,16.936,16.936,16.936,16.936,16.936,16.936,16.936
1991-07-01,18.5,18.5,18.5,17.5,17.5,17.5,17.5,17.5,17.5,17.5,17.5,17.5,17.5,17.5,17.5,17.5,17.5,17.5,17.5,17.5,17.5,17.5,17.5,17.5,17.5,17.5,17.5,17.5,17.5,17.476,17.476,17.476,17.476,17.476,17.476,17.476,17.476,17.476,17.476,17.476,17.476,17.476,17.476,17.476,17.476,17.476,17.476,17.476,17.476,17.476,17.476
1991-10-01,18.8,18.8,18.8,17.8,17.8,17.8,17.8,17.8,17.8,17.8,17.8,17.8,17.8,17.8,17.8,17.8,17.8,17.8,17.8,17.8,17.8,17.8,17.8,17.8,17.8,17.8,17.8,17.8,17.8,17.788,17.788,17.788,17.788,17.788,17.788,17.788,17.788,17.788,17.788,17.788,17.788,17.788,17.788,17.788,17.788,17.788,17.788,17.788,17.788,17.788,17.788
1992-01-01,18.4,18.4,18.4,17.5,17.5,17.5,17.5,17.5,17.5,17.5,17.5,17.5,17.5,17.5,17.5,17.5,17.5,17.5,17.5,17.5,17.5,17.5,17.5,17.5,17.5,17.5,17.5,17.5,17.5,17.48,17.48,17.48,17.48,17.48,17.48,17.48,17.48,17.48,17.48,17.48,17.48,17.48,17.48,17.48,17.48,17.48,17.48,17.48,17.48,17.48,17.48
1992-04-01,18.2,18.2,18.2,17.3,17.3,17.3,17.3,17.3,17.3,17.3,17.3,17.3,17.3,17.3,17.3,17.3,17.3,17.3,17.3,17.3,17.3,17.3,17.3,17.3,17.3,17.3,17.3,17.3,17.3,17.264,17.264,17.264,17.264,17.264,17.264,17.264,17.264,17.264,17.264,17.264,17.264,17.264,17.264,17.264,17.264,17.264,17.264,17.264,17.264,17.264,17.264
1992-07-01,18.6,18.6,18.6,17.6,17.6,17.6,17.6,17.6,17.6,17.6,17.6,17.6,17.6,17.6,17.6,17.6,17.6,17.6,17.6,17.6,17.6,17.6,17.6,17.6,17.6,17.6,17.6,17.6,17.6,17.644,17.644,17.644,17.644,17.644,17.644,17.644,17.644,17.644,17.644,17.644,17.644,17.644,17.644,17.644,17.644,17.644,17.644,17.644,17.644,17.644,17.644
1992-10-01,22.3,22.3,22.3,21.3,21.3,21.3,21.3,21.3,21.3,21.3,21.3,21.3,21.3,21.3,21.3,21.3,21.3,21.3,21.3,21.3,21.3,21.3,21.3,21.3,21.3,21.3,21.3,21.3,21.3,21.288,21.288,21.288,21.288,21.288,21.288,21.288,21.288,21.288,21.288,21.288,21.288,21.288,21.288,21.288,21.288,21.288,21.288,21.288,21.288,21.288,21.288
1993-01-01,21.1,21.1,21.1,20.1,20.1,20.1,20.1,20.1,20.1,20.1,20.1,20.1,20.1,20.1,20.1,20.1,20.1,20.1,20.1,20.1,20.1,20.1,20.1,20.1,20.1,20.1,20.1,20.1,20.1,20.064,20.064,20.064,20.064,20.064,20.064,20.064,20.064,20.064,20.064,20.064,20.064,20.064,20.064,20.064,20.064,20.064,20.064,20.064,20.064,20.064,20.064
1993-04-01,20.9,20.9,20.9,19.8,19.8,19.8,19.8,19.8,19.8,19.8,19.8,19.8,19.8,19.8,19.8,19.8,19.8,19.8,19.8,19.8,19.8,19.8,19.8,19.8,19.8,19.8,19.8,19.8,19.8,19.796,19.796,19.796,19.796,19.796,19.796,19.796,19.796,19.796,19.796,19.796,19.796,19.796,19.796,19.796,19.796,19.796,19.796,19.796,19.796,19.796,19.796
1993-07-01,20.9,20.9,20.9,19.8,19.8,19.8,19.8,19.8,19.8,19.8,19.8,19.8,19.8,19.8,19.8,19.8,19.8,19.8,19.8,19.8,19.8,19.8,19.8,19.8,19.8,19.8,19.8,19.8,19.8,19.76,19.76,19.76,19.76,19.76,19.76,19.76,19.76,19.76,19.76,19.76,19.76,19.76,19.76,19.76,19.76,19.76,19.76,19.76,19.76,19.76,19.76
1993-10-01,22.2,22.2,22.2,21.0,21.0,21.0,21.0,21.0,21.0,21.0,21.0,21.0,21.0,21.0,21.0,21.0,21.0,21.0,21.0,21.0,21.0,21.0,21.0,21.0,21.0,21.0,21.0,21.0,21.0,20.996,20.996,20.996,20.996,20.996,20.996,20.996,20.996,20.996,20.996,20.996,20.996,20.996,20.996,20.996,20.996,20.996,20.996,20.996,20.996,20.996,20.996
1994-01-01,23.9,23.9,23.9,22.7,22.7,22.7,22.7,22.7,22.7,22.7,22.7,22.7,22.7,22.7,22.7,22.7,22.7,22.7,22.7,22.7,22.7,22.7,22.7,22.7,22.7,22.7,22.7,22.7,22.7,22.72,22.72,22.72,22.72,22.72,22.72,22.72,22.72,22.72,22.72,22.72,22.72,22.72,22.72,22.72,22.72,22.72,22.72,22.72,22.72,22.72,22.72
1994-04-01,22.7,22.7,22.7,21.5,21.5,21.5,21.5,21.5,21.5,21.5,21.5,21.5,21.5,21.5,21.5,21.5,21.5,21.5,21.5,21.5,21.5,21.5,21.5,21.5,21.5,21.5,21.5,21.5,21.5,21.524,21.524,21.524,21.524,21.524,21.524,21.524,21.524,21.524,21.524,21.524,21.524,21.524,21.524,21.524,21.524,21.524,21.524,21.524,21.524,21.524,21.524
1994-07-01,23.2,23.2,23.2,22.0,22.0,22.0,22.0,22.0,22.0,22.0,22.0,22.0,22.0,22.0,22.0,22.0,22.0,22.0,22.0,22.0,22.0,22.0,22.0,22.0,22.0,22.0,22.0,22.0,22.0,22.044,22.044,22.044,22.044,22.044,22.044,22.044,22.044,22.044,22.044,22.044,22.044,22.044,22.044,22.044,22.044,22.044,22.044,22.044,22.044,22.044,22.044
1994-10-01,21.3,21.3,21.3,20.1,20.1,20.1,20.1,20.1,20.1,20.1,20.1,20.1,20.1,20.1,20.1,20.1,20.1,20.1,20.1,20.1,20.1,20.1,20.1,20.1,20.1,20.1,20.1,20.1,20.1,20.076,20.076,20.076,20.076,20.076,20.076,20.076,20.076,20.076,20.076,20.076,20.076,20.076,20.076,20.076,20.076,20.076,20.076,20.076,20.076,20.076,20.076
1995-01-01,19.9,19.9,19.9,18.9,18.9,18.9,18.9,18.9,18.9,18.9,18.9,18.9,18.9,18.9,18.9,18.9,18.9,18.9,18.9,18.9,18.9,18.9,18.9,18.9,18.9,18.9,18.9,18.9,18.9,18.868,18.868,18.868,18.868,18.868,18.868,18.868,18.868,18.868,18.868,18.868,18.868,18.868,18.868,18.868,18.868,18.868,18.868,18.868,18.868,18.868,18.868
1995-04-01,18.7,18.7,18.7,17.9,17.9,17.9,17.9,17.9,17.9,17.9,17.9,17.9,17.9,17.9,17.9,17.9,17.9,17.9,17.9,17.9,17.9,17.9,17.9,17.9,17.9,17.9,17.9,17.9,17.9,17.86,17.86,17.86,17.86,17.86,17.86,17.86,17.86,17.86,17.86,17.86,17.86,17.86,17.86,17.86,17.86,17.86,17.86,17.86,17.86,17.86,17.86
1995-07-01,18.1,18.1,18.1,17.1,17.1,17.1,17.1,17.1,17.1,17.1,17.1,17.1,17.1,17.1,17.1,17.1,17.1,17.1,17.1,17.1,17.1,17.1,17.1,17.1,17.1,17.1,17.1,17.1,17.1,17.128,17.128,17.128,17.128,17.128,17.128,17.128,17.128,17.128,17.128,17.128,17.128,17.128,17.128,17.128,17.128,17.128,17.128,17.128,17.128,17.128,17.128
1995-10-01,17.0,17.0,17.0,16.3,16.3,16.3,16.3,16.3,16.3,16.3,16.3,16.3,16.3,16.3,16.3,16.3,16.3,16.3,16.3,16.3,16.3,16.3,16.3,16.3,16.3,16.3,16.3,16.3,16.3,16.288,16.288,16.288,16.288,16.288,16.288,16.288,16.288,16.288,16.288,16.288,16.288,16.288,16.288,16.288,16.288,16.288,16.288,16.288,16.288,16.288,16.288
1996-01-01,18.3,18.3,18.3,17.0,17.0,17.0,17.0,17.0,17.0,17.0,17.0,17.0,17.0,17.0,17.0,17.0,17.0,17.0,17.0,17.0,17.0,17.0,17.0,17.0,17.0,17.0,17.0,17.0,17.0,16.98,16.98,16.98,16.98,16.98,16.98,16.98,16.98,16.98,16.98,16.98,16.98,16.98,16.98,16.98,16.98,16.98,16.98,16.98,16.98,16.98,16.98
1996-04-01,18.9,18.9,18.9,17.9,17.9,17.9,17.9,17.9,17.9,17.9,17.9,17.9,17.9,17.9,17.9,17.9,17.9,17.9,17.9,17.9,17.9,17.9,17.9,17.9,17.9,17.9,17.9,17.9,17.9,17.908,17.908,17.908,17.908,17.908,17.908,17.908,17.908,17.908,17.908,17.908,17.908,17.908,17.908,17.908,17.908,17.908,17.908,17.908,17.908,17.908,17.908
1996-07-01,19.7,19.7,19.7,18.8,18.8,18.8,18.8,18.8,18.8,18.8,18.8,18.8,18.8,18.8,18.8,18.8,18.8,18.8,18.8,18.8,18.8,18.8,18.8,18.8,18.8,18.8,18.8,18.8,18.8,18.768,18.768,18.768,18.768,18.768,18.768,18.768,18.768,18.768,18.768,18.768,18.768,18.768,18.768,18.768,18.768,18.768,18.768,18.768,18.768,18.768,18.768
1996-10-01,38.4,38.4,38.4,37.3,37.3,37.3,37.3,37.3,37.3,37.3,37.3,37.3,37.3,37.3,37.3,37.3,37.3,37.3,37.3,37.3,37.3,37.3,37.3,37.3,37.3,37.3,37.3,37.3,37.3,37.252,37.252,37.252,37.252,37.252,37.252,37.252,37.252,37.252,37.252,37.252,37.252,37.252,37.252,37.252,37.252,37.252,37.252,37.252,37.252,37.252,37.252
1997-01-01,20.7,20.7,20.7,19.2,19.2,19.2,19.2,19.2,19.2,19.2,19.2,19.2,19.2,19.2,19.2,19.2,19.2,19.2,19.2,19.2,19.2,19.2,19.2,19.2,19.2,19.2,19.2,19.2,19.2,19.232,19.232,19.232,19.232,19.232,19.232,19.232,19.232,19.232,19.232,19.232,19.232,19.232,19.232,19.232,19.232,19.232,19.232,19.232,19.232,19.232,19.232
1997-04-01,21.0,21.0,21.0,19.8,19.8,19.8,19.8,19.8,19.8,19.8,19.8,19.8,19.8,19.8,19.8,19.8,19.8,19.8,19.8,19.8,19.8,19.8,19.8,19.8,19.8,19.8,19.8,19.8,19.8,19.768,19.768,19.768,19.768,19.768,19.768,19.768,19.768,19.768,19.768,19.768,19.768,19.768,19.768,19.768,19.768,19.768,19.768,19.768,19.768,19.768,19.768
1997-07-01,21.8,21.8,21.8,20.8,20.8,20.8,20.8,20.8,20.8,20.8,20.8,20.8,20.8,20.8,20.8,20.8,20.8,20.8,20.8,20.8,20.8,20.8,20.8,20.8,20.8,20.8,20.8,20.8,20.8,20.756,20.756,20.756,20.756,20.756,20.756,20.756,20.756,20.756,20.756,20.756,20.756,20.756,20.756,20.756,20.756,20.756,20.756,20.756,20.756,20.756,20.756
1997-10-01,21.7,21.7,21.7,20.5,20.5,20.5,20.5,20.5,20.5,20.5,20.5,20.5,20.5,20.5,20.5,20.5,20.5,20.5,20.5,20.5,20.5,20.5,20.5,20.5,20.5,20.5,20.5,20.5,20.5,20.5,20.5,20.5,20.5,20.5,20.5,20.5,20.5,20.5,20.5,20.5,20.5,20.5,20.5,20.5,20.5,20.5,20.5,20.5,20.5,20.5,20.5
1998-01-01,22.3,22.3,22.3,20.9,20.9,20.9,20.9,20.9,20.9,20.9,20.9,20.9,20.9,20.9,20.9,20.9,20.9,20.9,20.9,20.9,20.9,20.9,20.9,20.9,20.9,20.9,20.9,20.9,20.9,20.904,20.904,20.904,20.904,20.904,20.904,20.904,20.904,20.904,20.904,20.904,20.904,20.904,20.904,20.904,20.904,20.904,20.904,20.904,20.904,20.904,20.904
1998-04-01,22.4,22.4,22.4,21.5,21.5,21.5,21.5,21.5,21.5,21.5,21.5,21.5,21.5,21.5,21.5,21.5,21.5,21.5,21.5,21.5,21.5,21.5,21.5,21.5,21.5,21.5,21.5,21.5,21.5,21.456,21.456,21.456,21.456,21.456,21.456,21.456,21.456,21.456,21.456,21.456,21.456,21.456,21.456,21.456,21.456,21.456,21.456,21.456,21.456,21.456,21.456
1998-07-01,22.8,22.8,22.8,21.6,21.6,21.6,21.6,21.6,21.6,21.6,21.6,21.6,21.6,21.6,21.6,21.6,21.6,21.6,21.6,21.6,21.6,21.6,21.6,21.6,21.6,21.6,21.6,21.6,21.6,21.612,21.612,21.612,21.612,21.612,21.612,21.612,21.612,21.612,21.612,21.612,21.612,21.612,21.612,21.612,21.612,21.612,21.612,21.612,21.612,21.612,21.612
1998-10-01,22.9,22.9,22.9,21.9,21.9,21.9,21.9,21.9,21.9,21.9,21.9,21.9,21.9,21.9,21.9,21.9,21.9,21.9,21.9,21.9,21.9,21.9,21.9,21.9,21.9,21.9,21.9,21.9,21.9,21.892,21.892,21.892,21.892,21.892,21.892,21.892,21.892,21.892,21.892,21.892,21.892,21.892,21.892,21.892,21.892,21.892,21.892,21.892,21.892,21.892,21.892
1999-01-01,23.0,23.0,23.0,21.9,21.9,21.9,21.9,21.9,21.9,21.9,21.9,21.9,21.9,21.9,21.9,21.9,21.9,21.9,21.9,21.9,21.9,21.9,21.9,21.9,21.9,21.9,21.9,21.9,21.9,21.884,21.884,21.884,21.884,21.884,21.884,21.884,21.884,21.884,21.884,21.884,21.884,21.884,21.884,21.884,21.884,21.884,21.884,21.884,21.884,21.884,21.884
1999-04-01,23.0,23.0,23.0,22.2,22.2,22.2,22.2,22.2,22.2,22.2,22.2,22.2,22.2,22.2,22.2,22.2,22.2,22.2,22.2,22.2,22.2,22.2,22.2,22.2,22.2,22.2,22.2,22.2,22.2,22.204,22.204,22.204,22.204,25.788,25.788,25.788,25.788,25.788,25.788,25.788,25.788,25.788,25.788,25.788,25.788,25.788,25.788,25.788,25.788,25.788,25.788
1999-07-01,23.1,23.1,23.1,21.9,21.9,21.9,21.9,21.9,21.9,21.9,21.9,21.9,21.9,21.9,21.9,21.9,22.3,22.3,22.3,22.3,22.3,22.3,22.3,22.3,22.3,22.3,22.3,22.3,22.3,22.31,22.31,22.31,22.31,22.942,22.942,22.942,22.942,22.942,22.942,22.942,22.942,22.942,22.942,22.942,22.942,22.942,22.942,22.942,22.942,22.942,22.942
1999-10-01,24.5,24.5,24.5,23.1,23.1,23.1,23.1,23.1,23.1,23.1,23.1,23.1,23.1,23.1,23.1,23.1,23.1,23.1,23.1,23.1,23.1,23.1,23.1,23.1,23.1,23.1,23.1,23.1,23.1,23.108,23.108,23.108,23.108,23.108,23.108,23.108,23.108,23.108,23.108,23.108,23.108,23.108,23.108,23.108,23.108,23.108,23.108,23.108,23.108,23.108,23.108
2000-01-01,25.0,25.0,25.0,23.2,23.2,23.2,23.2,23.2,23.2,23.2,23.2,23.2,23.2,23.2,23.2,23.2,25.1,25.1,25.1,25.1,25.1,25.1,25.1,25.1,25.1,25.1,25.1,25.1,25.1,25.113,25.113,25.113,25.113,25.113,25.113,25.113,25.113,25.113,25.113,25.113,25.113,25.113,25.113,25.113,25.113,25.113,25.113,25.113,25.074,25.074,25.074
2000-04-01,25.3,25.3,25.3,23.9,23.9,23.9,23.9,23.9,23.9,23.9,23.9,23.9,23.9,23.9,23.9,23.9,24.0,24.0,24.0,24.0,24.0,24.0,24.0,24.0,24.0,24.0,24.0,24.0,24.0,23.994,23.994,23.994,23.994,24.102,24.102,24.102,24.102,24.102,24.102,24.102,24.102,24.102,24.102,24.102,24.102,24.102,24.102,24.102,24.097,24.097,24.097
2000-07-01,25.8,25.8,25.8,24.1,24.1,24.1,24.1,24.1,24.1,24.1,24.1,24.1,24.1,24.1,24.1,24.1,24.9,24.9,24.9,24.9,24.9,24.9,24.9,24.9,24.9,24.9,24.9,24.9,24.9,24.934,24.934,24.934,24.934,25.266,25.266,25.266,25.266,25.266,25.266,25.266,25.266,25.266,25.266,25.266,25.266,25.266,25.266,25.266,24.935,24.935,24.935
2000-10-01,26.9,26.9,26.9,25.0,25.0,25.0,25.0,25.0,25.0,25.0,25.0,25.0,25.0,25.0,25.0,25.0,25.3,25.3,25.3,25.3,25.3,25.3,25.3,25.3,25.3,25.3,25.3,25.3,25.3,25.25,25.25,25.25,25.25,25.25,25.25,25.25,25.25,25.25,25.25,25.25,25.25,25.25,25.25,25.25,25.25,25.25,25.25,25.25,25.624,25.624,25.624
2001-01-01,27.0,27.0,27.0,24.4,24.4,24.4,24.4,24.4,24.4,24.4,24.4,24.4,24.4,24.4,24.4,24.4,25.1,25.1,25.1,25.1,25.1,25.1,25.1,25.1,25.1,25.1,25.1,25.1,25.1,25.14,25.14,25.14,25.14,25.4,25.4,25.4,25.4,25.4,25.4,25.4,25.4,25.4,25.4,25.4,25.4,25.4,25.4,25.4,25.281,25.281,25.281
2001-04-01,27.2,27.2,27.2,24.6,24.6,24.6,24.6,24.6,24.6,24.6,24.6,24.6,24.6,24.6,24.6,24.6,25.0,25.0,25.0,25.0,25.0,25.0,25.0,25.0,25.0,25.0,25.0,25.0,25.0,24.954,24.954,24.954,24.954,25.75,25.75,25.75,25.75,25.75,25.75,25.75,25.75,25.75,25.75,25.75,25.75,25.75,25.75,25.75,25.642,25.642,25.642
2001-07-01,27.2,27.2,27.2,25.2,25.2,25.2,25.2,25.2,25.2,25.2,25.2,25.2,25.2,25.2,25.2,25.2,25.8,25.8,25.8,25.8,25.8,25.8,25.8,25.8,25.8,25.8,25.8,25.8,25.8,25.813,25.813,25.813,25.813,25.813,25.813,25.813,25.813,25.813,25.813,25.813,25.813,25.813,25.813,25.813,25.813,25.813,25.813,25.813,25.488,25.488,25.488
2001-10-01,26.8,26.8,26.8,25.6,25.6,25.6,25.6,25.6,25.6,25.6,25.6,25.6,25.6,25.6,25.6,25.6,25.9,25.9,25.9,25.9,25.9,25.9,25.9,25.9,25.9,25.9,25.9,25.9,25.9,25.946,25.946,25.946,25.946,25.946,25.946,25.946,25.946,25.946,25.946,25.946,25.946,25.946,25.946,25.946,25.946,25.946,25.946,25.946,26.497,26.497,26.497
2002-01-01,26.7,26.7,26.7,25.9,25.9,25.9,25.9,25.9,25.9,25.9,25.9,25.9,25.9,25.9,25.9,25.9,26.1,26.1,26.1,26.1,26.1,26.1,26.1,26.1,26.1,26.1,26.1,26.1,26.1,26.13,26.13,26.13,26.13,26.047,26.047,26.047,26.047,26.047,26.047,26.047,26.047,26.047,26.047,26.047,26.047,26.047,26.047,26.047,26.064,26.064,26.064
2002-04-01,26.3,26.3,26.3,24.4,24.4,24.4,24.4,24.4,24.4,24.4,24.4,24.4,24.4,24.4,24.4,24.4,25.0,25.0,25.0,25.0,25.0,25.0,25.0,25.0,25.0,25.0,25.0,25.0,25.0,24.991,24.991,24.991,24.991,24.991,24.991,24.991,24.991,24.991,24.991,24.991,24.991,24.991,24.991,24.991,24.991,24.991,24.991,24.991,24.88,24.88,24.88
2002-07-01,26.0,26.0,26.0,23.7,23.7,23.7,23.7,23.7,23.7,23.7,23.7,23.7,23.7,23.7,23.7,23.7,24.6,24.6,24.6,24.6,24.6,24.6,24.6,24.6,24.6,24.6,24.6,24.6,24.6,24.639,24.639,24.639,24.639,24.552,24.552,24.552,24.552,24.552,24.552,24.552,24.552,24.552,24.552,24.552,24.552,24.552,24.552,24.552,24.225,24.225,24.225
2002-10-01,25.5,25.5,25.5,23.8,23.8,23.8,23.8,23.8,23.8,23.8,23.8,23.8,23.8,23.8,23.8,23.8,24.0,24.0,24.0,24.0,24.0,24.0,24.0,24.0,24.0,24.0,24.0,24.0,24.0,23.962,23.962,23.962,23.962,24.294,24.294,24.294,24.294,24.294,24.294,24.294,24.294,24.294,24.294,24.294,24.294,24.294,24.294,24.294,24.715,24.715,24.715
2003-01-01,25.0,25.0,25.0,25.1,25.1,25.1,25.1,25.1,25.1,25.1,25.1,25.1,25.1,25.1,25.1,25.1,25.7,25.7,25.7,25.7,25.7,25.7,25.7,25.7,25.7,25.7,25.7,25.7,25.7,25.682,25.682,25.682,25.682,25.631,25.631,25.631,25.631,25.631,25.631,25.631,25.631,25.631,25.631,25.631,25.631,25.631,25.631,25.631,25.528,25.528,25.528
2003-04-01,25.3,25.3,25.3,25.1,25.1,25.1,25.1,25.1,25.1,25.1,25.1,25.1,25.1,25.1,25.1,25.1,26.2,26.2,26.2,26.2,26.2,26.2,26.2,26.2,26.2,26.2,26.2,26.2,26.2,26.166,26.166,26.166,26.166,26.182,26.182,26.182,26.182,26.182,26.182,26.182,26.182,26.182,26.182,26.182,26.182,26.182,26.182,26.182,25.718,25.718,25.718
2003-07-01,25.9,25.9,25.9,25.6,25.6,25.6,25.6,25.6,25.6,25.6,25.6,25.6,25.6,25.6,25.6,25.6,26.2,26.2,26.2,26.2,26.2,26.2,26.2,26.2,26.2,26.2,26.2,26.2,26.2,26.209,26.209,26.209,26.209,26.196,26.196,26.196,26.196,26.196,26.196,26.196,26.196,26.196,26.196,26.196,26.196,26.196,26.196,26.196,25.921,25.921,25.921
2003-10-01,26.2,26.2,26.2,26.2,26.2,26.2,26.2,26.2,26.2,26.2,26.2,26.2,26.2,26.2,26.2,26.2,26.6,26.6,26.6,26.6,26.6,26.6,26.6,26.6,26.6,26.6,26.6,26.6,26.6,26.616,26.616,26.616,26.616,26.918,26.918,26.918,26.918,26.918,26.918,26.918,26.918,26.918,26.918,26.918,26.918,26.918,26.918,26.918,27.76,27.76,27.76
2004-01-01,27.7,27.7,27.7,28.1,28.1,28.1,28.1,28.1,28.1,28.1,28.1,28.1,28.1,28.1,28.1,28.1,28.5,28.5,28.5,28.5,28.5,28.5,28.5,28.5,28.5,28.5,28.5,28.5,28.5,28.5,28.5,28.5,28.5,28.365,28.365,28.365,28.365,28.365,28.365,28.365,28.365,28.365,28.365,28.365,28.365,28.365,28.365,28.365,28.473,28.473,28.473
2004-04-01,28.5,28.5,28.5,28.9,28.9,28.9,28.9,28.9,28.9,28.9,28.9,28.9,28.9,28.9,28.9,28.9,29.6,29.6,29.6,29.6,29.6,29.6,29.6,29.6,29.6,29.6,29.6,29.6,29.6,29.612,29.612,29.612,29.612,29.74,29.74,29.74,29.74,29.74,29.74,29.74,29.74,29.74,29.74,29.74,29.74,29.74,29.74,29.74,29.612,29.612,29.612
2004-07-01,29.6,29.6,29.6,29.6,29.6,29.6,29.6,29.6,29.6,29.6,29.6,29.6,29.6,29.6,29.6,29.6,30.6,30.6,30.6,30.6,30.6,30.6,30.6,30.6,30.6,30.6,30.6,30.6,30.6,30.56,30.56,30.56,30.56,30.629,30.629,30.629,30.629,30.629,30.629,30.629,30.629,30.629,30.629,30.629,30.629,30.629,30.629,30.629,30.475,30.475,30.475
2004-10-01,30.3,30.3,30.3,29.6,29.6,29.6,29.6,29.6,29.6,29.6,29.6,29.6,29.6,29.6,29.6,29.6,29.6,29.6,29.6,29.6,29.6,29.6,29.6,29.6,29.6,29.6,29.6,29.6,29.6,29.624,29.624,29.624,29.624,30.629,30.629,30.629,30.629,30.629,30.629,30.629,30.629,30.629,30.629,30.629,30.629,30.629,30.629,30.629,30.802,30.802,30.802
2005-01-01,32.1,32.1,32.1,30.6,30.6,30.6,30.6,30.6,30.6,30.6,30.6,30.6,30.6,30.6,30.6,30.6,31.4,31.4,31.4,31.4,31.4,31.4,31.4,31.4,31.4,31.4,31.4,31.4,31.4,31.444,31.444,31.444,31.444,31.277,31.277,31.277,31.277,31.277,31.277,31.277,31.277,31.277,31.277,31.277,31.277,31.277,31.277,31.277,31.444,31.444,31.444
2005-04-01,33.8,33.8,33.8,31.9,31.9,31.9,31.9,31.9,31.9,31.9,31.9,31.9,31.9,31.9,31.9,31.9,33.0,33.0,33.0,33.0,33.0,33.0,33.0,33.0,33.0,33.0,33.0,33.0,33.0,32.996,32.996,32.996,32.996,33.822,33.822,33.822,33.822,33.822,33.822,33.822,33.822,33.822,33.822,33.822,33.822,33.822,33.822,33.822,33.557,33.557,33.557
2005-07-01,34.0,34.0,34.0,32.2,32.2,32.2,32.2,32.2,32.2,32.2,32.2,32.2,32.2,32.2,32.2,32.2,33.0,33.0,33.0,33.0,33.0,33.0,33.0,33.0,33.0,33.0,33.0,33.0,33.0,32.96,32.96,32.96,32.96,33.013,33.013,33.013,33.013,33.013,33.013,33.013,33.013,33.013,33.013,33.013,33.013,33.013,33.013,33.013,32.876,32.876,32.876
2005-10-01,34.6,34.6,34.6,33.2,33.2,33.2,33.2,33.2,33.2,33.2,33.2,33.2,33.2,33.2,33.2,33.2,33.2,33.2,33.2,33.2,33.2,33.2,33.2,33.2,33.2,33.2,33.2,33.2,33.2,33.228,33.228,33.228,33.228,36.732,36.732,36.732,36.732,36.732,36.732,36.732,36.732,36.732,36.732,36.732,36.732,36.732,36.732,36.732,36.967,36.967,36.967
2006-01-01,37.1,37.1,37.1,35.7,35.7,35.7,35.7,35.7,35.7,35.7,35.7,35.7,35.7,35.7,35.7,35.7,36.7,36.7,36.7,36.7,36.7,36.7,36.7,36.7,36.7,36.7,36.7,36.7,36.7,36.748,36.748,36.748,36.748,36.808,36.808,36.808,36.808,36.808,36.808,36.808,36.808,36.808,36.808,36.808,36.808,36.808,36.808,36.808,36.995,36.995,36.995
2006-04-01,37.7,37.7,37.7,36.2,36.2,36.2,36.2,36.2,36.2,36.2,36.2,36.2,36.2,36.2,36.2,36.2,37.9,37.9,37.9,37.9,37.9,37.9,37.9,37.9,37.9,37.9,37.9,37.9,37.9,37.904,37.904,37.904,37.904,38.515,38.515,38.515,38.515,38.515,38.515,38.515,38.515,38.515,38.515,38.515,38.515,38.515,38.515,38.515,38.008,38.008,38.008
2006-07-01,38.6,38.6,38.6,37.1,37.1,37.1,37.1,37.1,37.1,37.1,37.1,37.1,37.1,37.1,37.1,37.1,38.5,38.5,38.5,38.5,38.5,38.5,38.5,38.5,38.5,38.5,38.5,38.5,38.5,38.464,38.464,38.464,38.464,38.607,38.607,38.607,38.607,38.607,38.607,38.607,38.607,38.607,38.607,38.607,38.607,38.607,38.607,38.607,38.381,38.381,38.381
2006-10-01,39.9,39.9,39.9,38.3,38.3,38.3,38.3,38.3,38.3,38.3,38.3,38.3,38.3,38.3,38.3,38.3,38.5,38.5,38.5,38.5,38.5,38.5,38.5,38.5,38.5,38.5,38.5,38.5,38.5,38.472,38.472,38.472,38.472,38.6,38.6,38.6,38.6,38.6,38.6,38.6,38.6,38.6,38.6,38.6,38.6,38.6,38.6,38.6,39.145,39.145,39.145
2007-01-01,43.5,43.5,43.5,40.1,40.1,40.1,40.1,40.1,40.1,40.1,40.1,40.1,40.1,40.1,40.1,40.1,41.2,41.2,41.2,41.2,41.2,41.2,41.2,41.2,41.2,41.2,41.2,41.2,41.2,41.2,41.2,41.2,41.2,40.955,40.955,40.955,40.955,40.955,40.955,40.955,40.955,40.955,40.955,40.955,40.955,40.955,40.955,40.955,41.108,41.108,41.108
2007-04-01,43.6,43.6,43.6,40.2,40.2,40.2,40.2,40.2,40.2,40.2,40.2,40.2,40.2,40.2,40.2,40.2,41.3,41.3,41.3,41.3,41.3,41.3,41.3,41.3,41.3,41.3,41.3,41.3,41.3,41.272,41.272,41.272,41.272,41.428,41.428,41.428,41.428,41.428,41.428,41.428,41.428,41.428,41.428,41.428,41.428,41.428,41.428,41.428,40.968,40.968,40.968
2007-07-01,44.5,44.5,44.5,40.7,40.7,40.7,40.7,40.7,40.7,40.7,40.7,40.7,40.7,40.7,40.7,40.7,42.4,42.4,42.4,42.4,42.4,42.4,42.4,42.4,42.4,42.4,42.4,42.4,42.4,42.36,42.36,42.36,42.36,44.962,44.962,44.962,44.962,44.962,44.962,44.962,44.962,44.962,44.962,44.962,44.962,44.962,44.962,44.962,44.572,44.572,44.572
2007-10-01,47.6,47.6,47.6,43.0,43.0,43.0,43.0,43.0,43.0,43.0,43.0,43.0,43.0,43.0,43.0,43.0,43.3,43.3,43.3,43.3,43.3,43.3,43.3,43.3,43.3,43.3,43.3,43.3,43.3,43.316,43.316,43.316,43.316,43.32,43.32,43.32,43.32,43.32,43.32,43.32,43.32,43.32,43.32,43.32,43.32,43.32,43.32,43.32,44.017,44.017,44.017
2008-01-01,49.6,49.6,49.6,43.8,43.8,43.8,43.8,43.8,43.8,43.8,43.8,43.5,43.5,43.5,43.5,43.5,44.3,44.3,44.3,44.3,44.3,44.3,44.3,44.3,44.3,44.3,44.3,44.3,44.3,44.292,44.292,44.292,44.292,43.76,43.76,43.76,43.76,43.76,43.76,43.76,43.76,43.76,43.76,43.76,43.76,43.76,43.76,43.76,43.964,43.964,43.964
2008-04-01,49.8,49.8,49.8,43.6,43.6,43.6,43.6,43.6,43.6,43.6,43.6,43.0,43.0,43.0,43.0,43.0,46.0,46.0,46.0,46.0,46.0,46.0,46.0,46.0,46.0,46.0,46.0,46.0,46.0,46.028,46.028,46.028,46.028,46.157,46.157,46.157,46.157,46.157,46.157,46.157,46.157,46.157,46.157,46.157,46.157,46.157,46.157,46.157,45.184,45.184,45.184
2008-07-01,49.7,49.7,49.7,43.7,43.7,43.7,43.7,43.7,43.7,43.7,43.7,41.7,41.7,41.7,41.7,41.7,44.8,44.8,44.8,44.8,44.8,44.8,44.8,44.8,44.8,44.8,44.8,44.8,44.8,44.836,44.836,44.836,44.836,45.129,45.129,45.129,45.129,45.129,45.129,45.129,45.129,45.129,45.129,45.129,45.129,45.129,45.129,45.129,45.045,45.045,45.045
2008-10-01,68.4,68.4,68.4,63.1,63.1,63.1,63.1,63.1,63.1,63.1,63.1,57.8,57.8,57.8,57.8,57.8,63.6,63.6,63.6,63.6,63.6,63.6,63.6,63.6,63.6,63.6,63.6,63.6,63.6,63.6,63.6,63.6,63.6,63.71,63.71,63.71,63.71,63.71,63.71,63.71,63.71,63.71,63.71,63.71,63.71,63.71,63.71,63.71,64.563,64.563,64.563
2009-01-01,70.5,70.5,70.5,66.8,66.8,66.8,66.8,66.8,66.8,66.8,66.8,60.9,60.9,60.9,60.9,60.9,67.4,67.4,67.4,67.4,67.4,67.4,67.4,67.4,67.4,67.4,67.4,67.4,67.4,67.392,67.392,67.392,67.392,65.49,65.49,65.49,65.49,65.49,65.49,65.49,65.49,65.49,65.49,65.49,65.49,65.49,65.49,65.49,65.769,65.769,65.769
2009-04-01,79.7,79.7,79.7,76.7,76.7,76.7,76.7,76.7,76.7,76.7,76.7,75.7,75.7,75.7,75.7,75.7,78.6,78.6,78.6,78.6,78.6,78.6,78.6,78.6,78.6,78.6,78.6,78.6,78.6,78.644,78.644,78.644,78.644,79.344,79.344,79.344,79.344,79.344,79.344,79.344,79.344,79.344,79.344,79.344,79.344,79.344,79.344,79.344,78.413,78.413,78.413
2009-07-01,61.1,61.1,61.1,58.5,58.5,58.5,58.5,58.5,58.5,58.5,58.5,58.5,58.5,58.5,58.5,58.5,59.3,59.3,59.3,59.3,59.3,59.3,59.3,59.3,59.3,59.3,59.3,59.3,59.3,59.288,59.288,59.288,59.288,60.161,60.161,60.161,60.161,60.161,60.161,60.161,60.161,60.161,60.161,60.161,60.161,60.161,60.161,60.161,60.071,60.071,60.071
2009-10-01,69.6,69.6,69.6,62.9,62.9,62.9,62.9,62.9,62.9,62.9,62.9,60.6,60.6,60.6,60.6,60.6,63.5,63.5,63.5,63.5,63.5,63.5,63.5,63.5,63.5,63.5,63.5,63.5,63.5,63.472,63.472,63.472,63.472,63.801,63.801,63.801,63.801,63.801,63.801,63.801,63.801,63.801,63.801,63.801,63.801,63.801,63.801,63.801,64.543,64.543,64.543
2010-01-01,68.6,68.6,68.6,63.8,63.8,63.8,63.8,63.8,63.8,63.8,63.8,63.8,63.8,63.8,63.8,63.8,66.7,66.7,66.7,66.7,66.7,66.7,66.7,66.7,66.7,66.7,66.7,66.7,66.7,66.716,66.716,66.716,66.716,66.304,66.304,66.304,66.304,66.304,66.304,66.304,66.304,66.304,66.304,66.304,66.304,66.304,66.304,66.304,66.576,66.576,66.576
2010-04-01,68.3,68.3,68.3,61.7,61.7,61.7,61.7,61.7,61.7,61.7,61.7,61.7,61.7,61.7,61.7,61.7,67.5,67.5,67.5,67.5,67.5,67.5,67.5,67.5,67.5,67.5,67.5,67.5,67.5,67.464,67.464,67.464,67.464,67.546,67.546,67.546,67.546,67.546,67.546,67.546,67.546,67.546,67.546,67.546,67.546,67.546,67.546,67.546,66.816,66.816,66.816
2010-07-01,71.7,71.7,71.7,66.0,66.0,66.0,66.0,66.0,66.0,66.0,66.0,66.0,66.0,66.0,66.0,66.0,70.0,70.0,70.0,70.0,70.0,70.0,70.0,70.0,70.0,70.0,70.0,70.0,70.0,70.028,70.028,70.028,70.028,70.293,70.293,70.293,70.293,70.293,70.293,70.293,70.293,70.293,70.293,70.293,70.293,70.293,70.293,70.293,70.275,70.275,70.275
2010-10-01,70.4,70.4,70.4,66.1,66.1,66.1,66.1,66.1,66.1,66.1,66.1,66.1,66.1,66.1,66.1,66.1,68.4,68.4,68.4,68.4,68.4,68.4,68.4,68.4,68.4,68.4,68.4,68.4,68.4,68.354,68.354,68.354,68.354,68.42,68.42,68.42,68.42,68.42,68.42,68.42,68.42,68.42,68.42,68.42,68.42,68.42,68.42,68.42,68.897,68.897,68.897
2011-01-01,69.7,69.7,69.7,68.0,68.0,68.0,68.0,68.0,68.0,68.0,68.0,67.5,67.5,67.5,67.5,67.5,68.2,68.2,68.2,68.2,68.2,68.2,68.2,68.2,68.2,68.2,68.2,68.2,68.2,68.214,68.214,68.214,68.214,67.892,67.892,67.892,67.892,67.892,67.892,67.892,67.892,67.892,67.892,67.892,67.892,67.892,67.892,67.892,68.24,68.24,68.24
2011-04-01,69.0,69.0,69.0,65.6,65.6,65.6,65.6,65.6,65.6,65.6,65.6,65.0,65.0,65.0,65.0,65.0,69.4,69.4,69.4,69.4,69.4,69.4,69.4,69.4,69.4,69.4,69.4,69.4,69.4,69.4,69.4,69.4,69.4,69.413,69.413,69.413,69.413,69.413,69.413,69.413,69.413,69.413,69.413,69.413,69.413,69.413,69.413,69.413,68.54,68.54,68.54
2011-07-01,68.1,68.1,68.1,66.8,66.8,66.8,66.8,66.8,66.8,66.8,66.8,65.6,65.6,65.6,65.6,65.6,66.6,66.6,66.6,66.6,66.6,66.6,66.6,66.6,66.6,66.6,66.6,66.6,66.6,66.59,66.59,66.59,66.59,66.791,66.791,66.791,66.791,66.791,66.791,66.791,66.791,66.791,66.791,66.791,66.791,66.791,66.791,66.791,66.779,66.779,66.779
2011-10-01,68.3,68.3,68.3,63.8,63.8,63.8,63.8,63.8,63.8,63.8,63.8,62.0,62.0,62.0,62.0,62.0,64.0,64.0,64.0,64.0,64.0,64.0,64.0,64.0,64.0,64.0,64.0,64.0,64.0,64.023,64.023,64.023,64.023,64.131,64.131,64.131,64.131,64.131,64.131,64.131,64.131,64.131,64.131,64.131,64.131,64.131,64.131,64.131,64.667,64.667,64.667
2012-01-01,68.3,68.3,68.3,60.3,60.3,60.3,60.3,60.3,60.3,60.3,60.3,59.9,59.9,59.9,59.9,59.9,60.5,60.5,60.5,60.5,60.5,60.5,60.5,60.5,60.5,60.5,60.5,60.5,60.5,60.515,60.515,60.515,60.515,60.24,60.24,60.24,60.24,60.24,60.24,60.24,60.24,60.24,60.24,60.24,60.24,60.24,60.24,60.24,60.472,60.472,60.472
2012-04-01,61.6,61.6,61.6,54.6,54.6,54.6,54.6,54.6,54.6,54.6,54.6,53.7,53.7,53.7,53.7,53.7,55.7,55.7,55.7,55.7,55.7,55.7,55.7,55.7,55.7,55.7,55.7,55.7,55.7,55.695,55.695,55.695,55.695,55.695,55.695,55.695,55.695,55.695,55.695,55.695,55.695,55.695,55.695,55.695,55.695,55.695,55.695,55.695,55.148,55.148,55.148
2012-07-01,53.1,53.1,53.1,45.6,45.6,45.6,45.6,45.6,45.6,45.6,45.6,46.1,46.1,46.1,46.1,46.1,49.6,49.6,49.6,49.6,49.6,49.6,49.6,49.6,49.6,49.6,49.6,49.6,49.6,49.597,49.597,49.597,49.597,49.77,49.77,49.77,49.77,49.77,49.77,49.77,49.77,49.77,49.77,49.77,49.77,49.77,49.77,49.77,49.619,49.619,49.619
2012-10-01,53.6,53.2,53.2,38.4,38.4,38.4,38.4,38.4,38.4,38.4,38.4,40.0,40.0,40.0,40.0,40.0,58.6,58.6,58.6,58.6,58.6,58.6,58.6,58.6,58.6,58.6,58.6,58.6,58.6,58.562,58.562,58.562,58.562,58.663,58.663,58.663,58.663,58.663,58.663,58.663,58.663,58.663,58.663,58.663,58.663,58.663,58.663,58.663,59.13,59.13,59.13
2013-01-01,,,69.0,53.9,53.9,53.9,53.9,53.9,53.9,53.9,53.9,58.1,58.1,58.1,58.1,58.1,66.9,66.9,66.9,66.9,66.9,66.9,66.9,66.6,66.6,66.6,66.6,66.6,66.6,66.628,66.628,66.628,66.628,65.059,65.059,65.059,65.059,65.059,65.059,65.059,65.059,65.059,65.059,65.059,65.059,65.059,65.059,65.059,65.419,65.419,65.419
2013-04-01,,,,57.1,57.4,57.4,57.4,57.4,57.4,57.4,57.4,62.7,62.7,62.7,62.7,62.7,65.4,65.4,65.4,65.4,65.4,65.4,65.4,64.2,64.2,64.2,64.2,64.2,64.2,64.234,64.234,64.234,64.234,62.471,62.471,62.471,62.471,62.471,62.471,62.471,62.471,62.471,62.471,62.471,62.471,62.471,62.471,62.471,61.884,61.884,61.884
2013-07-01,,,,,,51.1,51.0,51.0,51.0,51.0,51.0,56.3,56.3,56.3,56.3,56.3,63.5,63.5,63.5,63.5,63.5,63.5,63.5,62.8,62.8,62.8,62.8,62.8,62.8,62.803,62.803,62.803,62.803,61.253,61.253,61.253,61.253,61.253,61.253,61.253,61.253,61.253,61.253,61.253,61.253,61.253,61.253,61.253,61.128,61.128,61.128
2013-10-01,,,,,,,,59.3,55.5,56.3,56.3,61.0,61.0,61.0,61.0,61.0,88.5,88.5,88.5,88.5,88.5,88.5,88.5,89.1,89.1,89.1,89.1,89.1,89.1,89.134,89.134,89.134,89.134,88.26,88.26,88.26,88.26,88.26,88.26,88.26,88.26,88.26,88.26,88.26,88.26,88.26,88.26,88.26,88.614,88.614,88.614
2014-01-01,,,,,,,,,,,50.3,55.5,55.5,55.5,55.5,55.5,68.5,68.5,68.5,68.5,68.5,68.5,68.5,71.5,71.5,71.5,71.5,71.5,72.8,72.75,72.75,72.75,72.75,71.513,71.513,71.513,71.513,71.513,71.513,71.513,71.457,71.457,71.457,71.457,71.457,71.457,71.457,71.457,71.656,71.656,71.656
2014-04-01,,,,,,,,,,,,54.6,54.6,54.6,54.6,54.6,83.4,83.4,83.4,83.4,83.4,83.4,83.4,88.2,88.2,88.2,88.2,88.2,90.2,90.238,90.238,90.238,90.238,89.718,89.718,89.718,89.718,89.718,89.718,89.718,89.639,89.639,89.639,89.639,89.639,89.639,89.639,89.639,88.847,88.847,88.847
2014-07-01,,,,,,,,,,,,,104.2,104.2,104.2,104.2,106.5,106.5,106.5,106.5,106.5,106.5,106.5,112.9,112.9,112.9,112.9,112.9,115.0,114.962,114.962,114.962,114.962,114.744,114.744,114.744,114.744,114.744,114.744,114.744,114.685,114.685,114.685,114.685,114.685,114.685,114.685,114.685,114.881,114.881,114.881
2014-10-01,,,,,,,,,,,,,,62.0,59.8,59.8,63.8,63.8,63.8,63.8,63.8,63.8,63.8,71.7,71.7,71.7,71.7,71.7,73.3,73.263,73.263,73.263,73.263,73.214,73.214,73.214,73.214,73.214,73.214,73.214,73.229,73.229,73.229,73.229,73.229,73.229,73.229,73.229,73.625,73.625,73.625
2015-01-01,,,,,,,,,,,,,,,,56.1,61.6,61.6,61.6,61.6,61.6,61.6,61.6,68.9,68.9,68.9,68.9,68.9,73.4,73.402,73.402,73.402,73.402,72.947,72.947,72.947,72.947,72.947,72.947,72.947,71.094,71.094,71.094,71.094,71.094,71.094,71.094,71.094,71.587,71.587,71.587
2015-04-01,,,,,,,,,,,,,,,,,72.4,72.6,72.6,72.6,72.6,72.6,72.6,80.2,80.2,80.2,80.2,80.2,84.0,84.02,84.02,84.02,84.02,84.584,84.584,84.584,84.584,84.584,84.584,84.584,82.844,82.844,82.844,82.844,82.844,82.844,82.844,82.844,82.515,82.515,82.515
2015-07-01,,,,,,,,,,,,,,,,,,,55.9,55.9,55.9,55.9,55.9,62.9,62.9,62.9,62.9,62.9,66.6,66.564,66.564,66.564,66.564,67.661,67.661,67.661,67.661,67.661,67.661,67.661,66.059,66.059,66.059,66.059,66.059,66.059,66.059,66.059,66.092,66.092,66.092
2015-10-01,,,,,,,,,,,,,,,,,,,,74.0,70.5,71.7,71.7,79.0,79.0,79.0,79.0,79.0,84.0,83.982,83.982,83.982,83.982,85.728,85.728,85.728,85.728,85.728,85.728,85.728,84.315,84.315,84.315,84.315,84.315,84.315,84.315,84.315,84.512,84.512,84.512
2016-01-01,,,,,,,,,,,,,,,,,,,,,,,73.2,79.1,79.1,79.1,79.1,79.1,82.6,82.564,82.564,82.564,82.564,83.345,83.345,83.345,83.345,83.345,83.345,83.345,82.937,82.937,82.937,82.937,82.937,82.937,82.937,82.937,83.112,83.112,83.112
2016-04-01,,,,,,,,,,,,,,,,,,,,,,,,80.1,80.1,80.1,80.1,80.1,84.0,84.043,84.043,84.043,84.043,85.783,85.783,85.783,85.783,85.783,85.783,85.783,85.437,85.437,85.437,85.437,85.437,85.437,85.437,85.437,84.869,84.869,84.869
2016-07-01,,,,,,,,,,,,,,,,,,,,,,,,,60.2,60.3,60.3,60.3,67.8,67.824,67.824,67.824,67.824,69.144,69.144,69.144,69.144,69.144,69.144,69.144,69.099,69.099,69.099,69.099,69.099,69.099,69.099,69.099,69.063,69.063,69.063
2016-10-01,,,,,,,,,,,,,,,,,,,,,,,,,,,74.2,74.2,78.9,78.867,78.867,78.867,78.867,80.728,80.728,80.728,80.728,80.728,80.728,80.728,81.044,81.044,81.044,81.044,81.044,81.044,81.044,81.044,81.689,81.689,81.689
2017-01-01,,,,,,,,,,,,,,,,,,,,,,,,,,,,111.7,113.5,113.492,113.492,113.492,113.492,114.884,114.884,114.884,114.884,114.884,114.884,114.884,117.912,117.912,117.912,117.912,117.912,117.912,117.912,117.912,119.108,119.108,119.108
2017-04-01,,,,,,,,,,,,,,,,,,,,,,,,,,,,,70.7,70.696,70.696,70.696,70.696,71.599,71.599,71.599,71.599,71.599,71.599,71.599,73.514,73.514,73.514,73.514,73.514,73.514,73.514,73.514,73.511,73.511,73.511
2017-07-01,,,,,,,,,,,,,,,,,,,,,,,,,,,,,,92.84,92.84,92.84,92.84,93.162,93.162,93.162,93.162,93.162,93.162,93.162,74.565,74.565,74.565,74.565,74.565,74.565,74.565,74.565,75.01,75.01,75.01
2017-10-01,,,,,,,,,,,,,,,,,,,,,,,,,,,,,,,68.801,68.801,68.801,69.589,69.589,69.589,69.589,69.589,69.589,69.589,72.55,72.55,72.55,72.55,72.55,72.55,72.55,72.55,73.018,73.018,73.018
2018-01-01,,,,,,,,,,,,,,,,,,,,,,,,,,,,,,,,77.257,76.684,77.141,77.141,77.141,77.141,77.141,77.141,77.141,82.155,82.155,82.155,82.155,82.155,82.155,82.155,82.155,81.93,81.93,81.93
2018-04-01,,,,,,,,,,,,,,,,,,,,,,,,,,,,,,,,,,79.976,79.976,79.976,79.976,79.976,79.976,79.976,84.029,84.029,84.029,84.029,84.029,84.029,84.029,84.029,81.658,81.658,81.658
2018-07-01,,,,,,,,,,,,,,,,,,,,,,,,,,,,,,,,,,,105.209,105.209,105.209,105.209,105.209,105.209,107.547,107.547,107.547,107.547,107.547,107.547,107.547,107.547,105.196,105.196,105.196
2018-10-01,,,,,,,,,,,,,,,,,,,,,,,,,,,,,,,,,,,,74.389,68.987,68.987,68.987,68.987,70.259,70.259,70.259,70.259,70.259,70.259,70.259,70.259,66.914,66.914,66.914
2019-01-01,,,,,,,,,,,,,,,,,,,,,,,,,,,,,,,,,,,,,,67.126,70.601,68.453,68.452,68.452,68.452,68.452,68.452,68.452,68.452,68.452,64.945,64.945,64.945
2019-04-01,,,,,,,,,,,,,,,,,,,,,,,,,,,,,,,,,,,,,,,,,67.496,68.166,68.166,68.166,68.166,68.166,68.166,68.166,63.047,63.047,63.047
2019-07-01,,,,,,,,,,,,,,,,,,,,,,,,,,,,,,,,,,,,,,,,,,,86.263,86.349,86.349,86.349,86.349,86.349,82.865,82.865,82.865
2019-10-01,,,,,,,,,,,,,,,,,,,,,,,,,,,,,,,,,,,,,,,,,,,,,63.576,63.532,63.532,63.532,60.54,60.54,60.54
2020-01-01,,,,,,,,,,,,,,,,,,,,,,,,,,,,,,,,,,,,,,,,,,,,,,,59.171,59.133,54.821,54.821,54.821
2020-04-01,,,,,,,,,,,,,,,,,,,,,,,,,,,,,,,,,,,,,,,,,,,,,,,,,57.923,57.923,57.923
2020-07-01,,,,,,,,,,,,,,,,,,,,,,,,,,,,,,,,,,,,,,,,,,,,,,,,,,58.507,58.507
2020-10-01,,,,,,,,,,,,,,,,,,,,,,,,,,,,,,,,,,,,,,,,,,,,,,,,,,,65.967
