observation_date,AWHAECON_20100604,AWHAECON_20100702,AWHAECON_20100806,AWHAECON_20100903,AWHAECON_20101008,AWHAECON_20101105,AWHAECON_20101203,AWHAECON_20110107,AWHAECON_20110204,AWHAECON_20110304,AWHAECON_20110401,AWHAECON_20110506,AWHAECON_20110603,AWHAECON_20110708,AWHAECON_20110805,AWHAECON_20110902,AWHAECON_20111007,AWHAECON_20111104,AWHAECON_20111202,AWHAECON_20120106,AWHAECON_20120203,AWHAECON_20120309,AWHAECON_20120406,AWHAECON_20120504,AWHAECON_20120601,AWHAECON_20120706,AWHAECON_20120803,AWHAECON_20120907,AWHAECON_20121005,AWHAECON_20121102,AWHAECON_20121207,AWHAECON_20130104,AWHAECON_20130201,AWHAECON_20130308,AWHAECON_20130405,AWHAECON_20130503,AWHAECON_20130607,AWHAECON_20130705,AWHAECON_20130802,AWHAECON_20130906,AWHAECON_20131022,AWHAECON_20131108,AWHAECON_20131206,AWHAECON_20140110,AWHAECON_20140207,AWHAECON_20140307,AWHAECON_20140404,AWHAECON_20140502,AWHAECON_20140606,AWHAECON_20140703,AWHAECON_20140801,AWHAECON_20140905,AWHAECON_20141003,AWHAECON_20141107,AWHAECON_20141205,AWHAECON_20150109,AWHAECON_20150206,AWHAECON_20150306,AWHAECON_20150403,AWHAECON_20150508,AWHAECON_20150605,AWHAECON_20150702,AWHAECON_20150807,AWHAECON_20150904,AWHAECON_20151002,AWHAECON_20151106,AWHAECON_20151204,AWHAECON_20160108,AWHAECON_20160205,AWHAECON_20160304,AWHAECON_20160401,AWHAECON_20160506,AWHAECON_20160603,AWHAECON_20160708,AWHAECON_20160805,AWHAECON_20160902,AWHAECON_20161007,AWHAECON_20161104,AWHAECON_20161202,AWHAECON_20170106,AWHAECON_20170203,AWHAECON_20170310,AWHAECON_20170407,AWHAECON_20170505,AWHAECON_20170602,AWHAECON_20170707,AWHAECON_20170804,AWHAECON_20170901,AWHAECON_20171006,AWHAECON_20171103,AWHAECON_20171208,AWHAECON_20180105,AWHAECON_20180202,AWHAECON_20180309,AWHAECON_20180406,AWHAECON_20180504,AWHAECON_20180601,AWHAECON_20180706,AWHAECON_20180803,AWHAECON_20180907,AWHAECON_20181005,AWHAECON_20181102,AWHAECON_20181207,AWHAECON_20190104,AWHAECON_20190201,AWHAECON_20190308,AWHAECON_20190405,AWHAECON_20190503,AWHAECON_20190607,AWHAECON_20190705,AWHAECON_20190802,AWHAECON_20190906,AWHAECON_20191004,AWHAECON_20191101,AWHAECON_20191206,AWHAECON_20200110,AWHAECON_20200207,AWHAECON_20200306
2006-03-01,37.7,37.7,37.7,37.7,37.7,37.7,37.7,37.7,37.7,37.7,37.7,37.7,37.7,37.7,37.7,37.7,37.7,37.7,37.7,37.7,37.5,37.5,37.5,37.5,37.5,37.5,37.5,37.5,37.5,37.5,37.5,37.5,37.5,37.5,37.5,37.5,37.5,37.5,37.5,37.5,37.5,37.5,37.5,37.5,37.6,37.6,37.6,37.6,37.6,37.6,37.6,37.6,37.6,37.6,37.6,37.6,37.5,37.5,37.5,37.5,37.5,37.5,37.5,37.5,37.5,37.5,37.5,37.5,37.5,37.5,37.5,37.5,37.5,37.5,37.5,37.5,37.5,37.5,37.5,37.5,37.5,37.5,37.5,37.5,37.5,37.5,37.5,37.5,37.5,37.5,37.5,37.5,37.5,37.5,37.5,37.5,37.5,37.5,37.5,37.5,37.5,37.5,37.5,37.5,37.5,37.5,37.5,37.5,37.5,37.5,37.5,37.5,37.5,37.5,37.5,37.5,37.5,37.5
2006-04-01,37.5,37.5,37.5,37.5,37.5,37.5,37.5,37.5,37.7,37.7,37.7,37.7,37.7,37.7,37.7,37.7,37.7,37.7,37.7,37.7,38.7,38.7,38.7,38.7,38.7,38.7,38.7,38.7,38.7,38.7,38.7,38.7,38.1,38.1,38.1,38.1,38.1,38.1,38.1,38.1,38.1,38.1,38.1,38.1,38.1,38.1,38.1,38.1,38.1,38.1,38.1,38.1,38.1,38.1,38.1,38.1,38.1,38.1,38.1,38.1,38.1,38.1,38.1,38.1,38.1,38.1,38.1,38.1,38.1,38.1,38.1,38.1,38.1,38.1,38.1,38.1,38.1,38.1,38.1,38.1,38.1,38.1,38.1,38.1,38.1,38.1,38.1,38.1,38.1,38.1,38.1,38.1,38.1,38.1,38.1,38.1,38.1,38.1,38.1,38.1,38.1,38.1,38.1,38.1,38.1,38.1,38.1,38.1,38.1,38.1,38.1,38.1,38.1,38.1,38.1,38.1,38.1,38.1
2006-05-01,37.8,37.8,37.8,37.8,37.8,37.8,37.8,37.8,37.7,37.7,37.7,37.7,37.7,37.7,37.7,37.7,37.7,37.7,37.7,37.7,37.6,37.6,37.6,37.6,37.6,37.6,37.6,37.6,37.6,37.6,37.6,37.6,37.6,37.6,37.6,37.6,37.6,37.6,37.6,37.6,37.6,37.6,37.6,37.6,37.6,37.6,37.6,37.6,37.6,37.6,37.6,37.6,37.6,37.6,37.6,37.6,37.6,37.6,37.6,37.6,37.6,37.6,37.6,37.6,37.6,37.6,37.6,37.6,37.7,37.7,37.7,37.7,37.7,37.7,37.7,37.7,37.7,37.7,37.7,37.7,37.7,37.7,37.7,37.7,37.7,37.7,37.7,37.7,37.7,37.7,37.7,37.7,37.7,37.7,37.7,37.7,37.7,37.7,37.7,37.7,37.7,37.7,37.7,37.7,37.7,37.7,37.7,37.7,37.7,37.7,37.7,37.7,37.7,37.7,37.7,37.7,37.7,37.7
2006-06-01,37.9,37.9,37.9,37.9,37.9,37.9,37.9,37.9,37.9,37.9,37.9,37.9,37.9,37.9,37.9,37.9,37.9,37.9,37.9,37.9,37.7,37.7,37.7,37.7,37.7,37.7,37.7,37.7,37.7,37.7,37.7,37.7,37.7,37.7,37.7,37.7,37.7,37.7,37.7,37.7,37.7,37.7,37.7,37.7,37.8,37.8,37.8,37.8,37.8,37.8,37.8,37.8,37.8,37.8,37.8,37.8,37.7,37.7,37.7,37.7,37.7,37.7,37.7,37.7,37.7,37.7,37.7,37.7,37.8,37.8,37.8,37.8,37.8,37.8,37.8,37.8,37.8,37.8,37.8,37.8,37.8,37.8,37.8,37.8,37.8,37.8,37.8,37.8,37.8,37.8,37.8,37.8,37.8,37.8,37.8,37.8,37.8,37.8,37.8,37.8,37.8,37.8,37.8,37.8,37.8,37.8,37.8,37.8,37.8,37.8,37.8,37.8,37.8,37.8,37.8,37.8,37.8,37.8
2006-07-01,37.6,37.6,37.6,37.6,37.6,37.6,37.6,37.6,37.7,37.7,37.7,37.7,37.7,37.7,37.7,37.7,37.7,37.7,37.7,37.7,37.8,37.8,37.8,37.8,37.8,37.8,37.8,37.8,37.8,37.8,37.8,37.8,37.8,37.8,37.8,37.8,37.8,37.8,37.8,37.8,37.8,37.8,37.8,37.8,37.8,37.8,37.8,37.8,37.8,37.8,37.8,37.8,37.8,37.8,37.8,37.8,37.8,37.8,37.8,37.8,37.8,37.8,37.8,37.8,37.8,37.8,37.8,37.8,37.8,37.8,37.8,37.8,37.8,37.8,37.8,37.8,37.8,37.8,37.8,37.8,37.8,37.8,37.8,37.8,37.8,37.8,37.8,37.8,37.8,37.8,37.8,37.8,37.8,37.8,37.8,37.8,37.8,37.8,37.8,37.8,37.8,37.8,37.8,37.8,37.8,37.8,37.8,37.8,37.8,37.8,37.8,37.8,37.8,37.8,37.8,37.8,37.8,37.8
2006-08-01,37.6,37.6,37.6,37.6,37.6,37.6,37.6,37.6,37.8,37.8,37.8,37.8,37.8,37.8,37.8,37.8,37.8,37.8,37.8,37.8,37.8,37.8,37.8,37.8,37.8,37.8,37.8,37.8,37.8,37.8,37.8,37.8,37.8,37.8,37.8,37.8,37.8,37.8,37.8,37.8,37.8,37.8,37.8,37.8,37.8,37.8,37.8,37.8,37.8,37.8,37.8,37.8,37.8,37.8,37.8,37.8,37.7,37.7,37.7,37.7,37.7,37.7,37.7,37.7,37.7,37.7,37.7,37.7,37.8,37.8,37.8,37.8,37.8,37.8,37.8,37.8,37.8,37.8,37.8,37.8,37.8,37.8,37.8,37.8,37.8,37.8,37.8,37.8,37.8,37.8,37.8,37.8,37.8,37.8,37.8,37.8,37.8,37.8,37.8,37.8,37.8,37.8,37.8,37.8,37.8,37.8,37.8,37.8,37.8,37.8,37.8,37.8,37.8,37.8,37.8,37.8,37.8,37.8
2006-09-01,37.8,37.8,37.8,37.8,37.8,37.8,37.8,37.8,37.7,37.7,37.7,37.7,37.7,37.7,37.7,37.7,37.7,37.7,37.7,37.7,37.4,37.4,37.4,37.4,37.4,37.4,37.4,37.4,37.4,37.4,37.4,37.4,37.4,37.4,37.4,37.4,37.4,37.4,37.4,37.4,37.4,37.4,37.4,37.4,37.6,37.6,37.6,37.6,37.6,37.6,37.6,37.6,37.6,37.6,37.6,37.6,37.6,37.6,37.6,37.6,37.6,37.6,37.6,37.6,37.6,37.6,37.6,37.6,37.7,37.7,37.7,37.7,37.7,37.7,37.7,37.7,37.7,37.7,37.7,37.7,37.7,37.7,37.7,37.7,37.7,37.7,37.7,37.7,37.7,37.7,37.7,37.7,37.7,37.7,37.7,37.7,37.7,37.7,37.7,37.7,37.7,37.7,37.7,37.7,37.7,37.7,37.7,37.7,37.7,37.7,37.7,37.7,37.7,37.7,37.7,37.7,37.7,37.7
2006-10-01,38.3,38.3,38.3,38.3,38.3,38.3,38.3,38.3,38.0,38.0,38.0,38.0,38.0,38.0,38.0,38.0,38.0,38.0,38.0,38.0,37.9,37.9,37.9,37.9,37.9,37.9,37.9,37.9,37.9,37.9,37.9,37.9,37.9,37.9,37.9,37.9,37.9,37.9,37.9,37.9,37.9,37.9,37.9,37.9,37.9,37.9,37.9,37.9,37.9,37.9,37.9,37.9,37.9,37.9,37.9,37.9,37.9,37.9,37.9,37.9,37.9,37.9,37.9,37.9,37.9,37.9,37.9,37.9,37.9,37.9,37.9,37.9,37.9,37.9,37.9,37.9,37.9,37.9,37.9,37.9,37.9,37.9,37.9,37.9,37.9,37.9,37.9,37.9,37.9,37.9,37.9,37.9,37.9,37.9,37.9,37.9,37.9,37.9,37.9,37.9,37.9,37.9,37.9,37.9,37.9,37.9,37.9,37.9,37.9,37.9,37.9,37.9,37.9,37.9,37.9,37.9,37.9,37.9
2006-11-01,37.9,37.9,37.9,37.9,37.9,37.9,37.9,37.9,37.8,37.8,37.8,37.8,37.8,37.8,37.8,37.8,37.8,37.8,37.8,37.8,37.8,37.8,37.8,37.8,37.8,37.8,37.8,37.8,37.8,37.8,37.8,37.8,37.9,37.9,37.9,37.9,37.9,37.9,37.9,37.9,37.9,37.9,37.9,37.9,37.9,37.9,37.9,37.9,37.9,37.9,37.9,37.9,37.9,37.9,37.9,37.9,37.8,37.8,37.8,37.8,37.8,37.8,37.8,37.8,37.8,37.8,37.8,37.8,37.8,37.8,37.8,37.8,37.8,37.8,37.8,37.8,37.8,37.8,37.8,37.8,37.8,37.8,37.8,37.8,37.8,37.8,37.8,37.8,37.8,37.8,37.8,37.8,37.8,37.8,37.8,37.8,37.8,37.8,37.8,37.8,37.8,37.8,37.8,37.8,37.8,37.8,37.8,37.8,37.8,37.8,37.8,37.8,37.8,37.8,37.8,37.8,37.8,37.8
2006-12-01,38.8,38.8,38.8,38.8,38.8,38.8,38.8,38.8,38.6,38.6,38.6,38.6,38.6,38.6,38.6,38.6,38.6,38.6,38.6,38.6,38.5,38.5,38.5,38.5,38.5,38.5,38.5,38.5,38.5,38.5,38.5,38.5,38.5,38.5,38.5,38.5,38.5,38.5,38.5,38.5,38.5,38.5,38.5,38.5,38.5,38.5,38.5,38.5,38.5,38.5,38.5,38.5,38.5,38.5,38.5,38.5,38.4,38.4,38.4,38.4,38.4,38.4,38.4,38.4,38.4,38.4,38.4,38.4,38.4,38.4,38.4,38.4,38.4,38.4,38.4,38.4,38.4,38.4,38.4,38.4,38.4,38.4,38.4,38.4,38.4,38.4,38.4,38.4,38.4,38.4,38.4,38.4,38.4,38.4,38.4,38.4,38.4,38.4,38.4,38.4,38.4,38.4,38.4,38.4,38.4,38.4,38.4,38.4,38.4,38.4,38.4,38.4,38.4,38.4,38.4,38.4,38.4,38.4
2007-01-01,37.9,37.9,37.9,37.9,37.9,37.9,37.9,37.9,37.8,37.8,37.8,37.8,37.8,37.8,37.8,37.8,37.8,37.8,37.8,37.8,38.1,38.1,38.1,38.1,38.1,38.1,38.1,38.1,38.1,38.1,38.1,38.1,38.0,38.0,38.0,38.0,38.0,38.0,38.0,38.0,38.0,38.0,38.0,38.0,38.1,38.1,38.1,38.1,38.1,38.1,38.1,38.1,38.1,38.1,38.1,38.1,37.9,37.9,37.9,37.9,37.9,37.9,37.9,37.9,37.9,37.9,37.9,37.9,37.9,37.9,37.9,37.9,37.9,37.9,37.9,37.9,37.9,37.9,37.9,37.9,37.9,37.9,37.9,37.9,37.9,37.9,37.9,37.9,37.9,37.9,37.9,37.9,37.9,37.9,37.9,37.9,37.9,37.9,37.9,37.9,37.9,37.9,37.9,37.9,37.9,37.9,37.9,37.9,37.9,37.9,37.9,37.9,37.9,37.9,37.9,37.9,37.9,37.9
2007-02-01,37.4,37.4,37.4,37.4,37.4,37.4,37.4,37.4,37.8,37.8,37.8,37.8,37.8,37.8,37.8,37.8,37.8,37.8,37.8,37.8,37.8,37.8,37.8,37.8,37.8,37.8,37.8,37.8,37.8,37.8,37.8,37.8,37.7,37.7,37.7,37.7,37.7,37.7,37.7,37.7,37.7,37.7,37.7,37.7,37.6,37.6,37.6,37.6,37.6,37.6,37.6,37.6,37.6,37.6,37.6,37.6,37.5,37.5,37.5,37.5,37.5,37.5,37.5,37.5,37.5,37.5,37.5,37.5,37.5,37.5,37.5,37.5,37.5,37.5,37.5,37.5,37.5,37.5,37.5,37.5,37.5,37.5,37.5,37.5,37.5,37.5,37.5,37.5,37.5,37.5,37.5,37.5,37.5,37.5,37.5,37.5,37.5,37.5,37.5,37.5,37.5,37.5,37.5,37.5,37.5,37.5,37.5,37.5,37.5,37.5,37.5,37.5,37.5,37.5,37.5,37.5,37.5,37.5
2007-03-01,38.1,38.1,38.1,38.1,38.1,38.1,38.1,38.1,38.1,38.1,38.1,38.1,38.1,38.1,38.1,38.1,38.1,38.1,38.1,38.1,38.1,38.1,38.1,38.1,38.1,38.1,38.1,38.1,38.1,38.1,38.1,38.1,38.1,38.1,38.1,38.1,38.1,38.1,38.1,38.1,38.1,38.1,38.1,38.1,38.1,38.1,38.1,38.1,38.1,38.1,38.1,38.1,38.1,38.1,38.1,38.1,38.0,38.0,38.0,38.0,38.0,38.0,38.0,38.0,38.0,38.0,38.0,38.0,38.0,38.0,38.0,38.0,38.0,38.0,38.0,38.0,38.0,38.0,38.0,38.0,38.0,38.0,38.0,38.0,38.0,38.0,38.0,38.0,38.0,38.0,38.0,38.0,38.0,38.0,38.0,38.0,38.0,38.0,38.0,38.0,38.0,38.0,38.0,38.0,38.0,38.0,38.0,38.0,38.0,38.0,38.0,38.0,38.0,38.0,38.0,38.0,38.0,38.0
2007-04-01,37.9,37.9,37.9,37.9,37.9,37.9,37.9,37.9,37.6,37.6,37.6,37.6,37.6,37.6,37.6,37.6,37.6,37.6,37.6,37.6,38.0,38.0,38.0,38.0,38.0,38.0,38.0,38.0,38.0,38.0,38.0,38.0,37.9,37.9,37.9,37.9,37.9,37.9,37.9,37.9,37.9,37.9,37.9,37.9,37.9,37.9,37.9,37.9,37.9,37.9,37.9,37.9,37.9,37.9,37.9,37.9,37.8,37.8,37.8,37.8,37.8,37.8,37.8,37.8,37.8,37.8,37.8,37.8,37.9,37.9,37.9,37.9,37.9,37.9,37.9,37.9,37.9,37.9,37.9,37.9,37.9,37.9,37.9,37.9,37.9,37.9,37.9,37.9,37.9,37.9,37.9,37.9,37.9,37.9,37.9,37.9,37.9,37.9,37.9,37.9,37.9,37.9,37.9,37.9,37.9,37.9,37.9,37.9,37.9,37.9,37.9,37.9,37.9,37.9,37.9,37.9,37.9,37.9
2007-05-01,38.3,38.3,38.3,38.3,38.3,38.3,38.3,38.3,38.2,38.2,38.2,38.2,38.2,38.2,38.2,38.2,38.2,38.2,38.2,38.2,38.1,38.1,38.1,38.1,38.1,38.1,38.1,38.1,38.1,38.1,38.1,38.1,38.1,38.1,38.1,38.1,38.1,38.1,38.1,38.1,38.1,38.1,38.1,38.1,38.1,38.1,38.1,38.1,38.1,38.1,38.1,38.1,38.1,38.1,38.1,38.1,38.1,38.1,38.1,38.1,38.1,38.1,38.1,38.1,38.1,38.1,38.1,38.1,38.2,38.2,38.2,38.2,38.2,38.2,38.2,38.2,38.2,38.2,38.2,38.2,38.2,38.2,38.2,38.2,38.2,38.2,38.2,38.2,38.2,38.2,38.2,38.2,38.2,38.2,38.2,38.2,38.2,38.2,38.2,38.2,38.2,38.2,38.2,38.2,38.2,38.2,38.2,38.2,38.2,38.2,38.2,38.2,38.2,38.2,38.2,38.2,38.2,38.2
2007-06-01,38.1,38.1,38.1,38.1,38.1,38.1,38.1,38.1,38.1,38.1,38.1,38.1,38.1,38.1,38.1,38.1,38.1,38.1,38.1,38.1,37.9,37.9,37.9,37.9,37.9,37.9,37.9,37.9,37.9,37.9,37.9,37.9,37.9,37.9,37.9,37.9,37.9,37.9,37.9,37.9,37.9,37.9,37.9,37.9,38.0,38.0,38.0,38.0,38.0,38.0,38.0,38.0,38.0,38.0,38.0,38.0,37.9,37.9,37.9,37.9,37.9,37.9,37.9,37.9,37.9,37.9,37.9,37.9,38.0,38.0,38.0,38.0,38.0,38.0,38.0,38.0,38.0,38.0,38.0,38.0,38.0,38.0,38.0,38.0,38.0,38.0,38.0,38.0,38.0,38.0,38.0,38.0,38.0,38.0,38.0,38.0,38.0,38.0,38.0,38.0,38.0,38.0,38.0,38.0,38.0,38.0,38.0,38.0,38.0,38.0,38.0,38.0,38.0,38.0,38.0,38.0,38.0,38.0
2007-07-01,37.8,37.8,37.8,37.8,37.8,37.8,37.8,37.8,37.9,37.9,37.9,37.9,37.9,37.9,37.9,37.9,37.9,37.9,37.9,37.9,37.9,37.9,37.9,37.9,37.9,37.9,37.9,37.9,37.9,37.9,37.9,37.9,37.9,37.9,37.9,37.9,37.9,37.9,37.9,37.9,37.9,37.9,37.9,37.9,37.9,37.9,37.9,37.9,37.9,37.9,37.9,37.9,37.9,37.9,37.9,37.9,37.9,37.9,37.9,37.9,37.9,37.9,37.9,37.9,37.9,37.9,37.9,37.9,37.9,37.9,37.9,37.9,37.9,37.9,37.9,37.9,37.9,37.9,37.9,37.9,37.9,37.9,37.9,37.9,37.9,37.9,37.9,37.9,37.9,37.9,37.9,37.9,37.9,37.9,37.9,37.9,37.9,37.9,37.9,37.9,37.9,37.9,37.9,37.9,37.9,37.9,37.9,37.9,37.9,37.9,37.9,37.9,37.9,37.9,37.9,37.9,37.9,37.9
2007-08-01,37.5,37.5,37.5,37.5,37.5,37.5,37.5,37.5,37.7,37.7,37.7,37.7,37.7,37.7,37.7,37.7,37.7,37.7,37.7,37.7,37.9,37.9,37.9,37.9,37.9,37.9,37.9,37.9,37.9,37.9,37.9,37.9,37.9,37.9,37.9,37.9,37.9,37.9,37.9,37.9,37.9,37.9,37.9,37.9,37.9,37.9,37.9,37.9,37.9,37.9,37.9,37.9,37.9,37.9,37.9,37.9,37.8,37.8,37.8,37.8,37.8,37.8,37.8,37.8,37.8,37.8,37.8,37.8,37.8,37.8,37.8,37.8,37.8,37.8,37.8,37.8,37.8,37.8,37.8,37.8,37.8,37.8,37.8,37.8,37.8,37.8,37.8,37.8,37.8,37.8,37.8,37.8,37.8,37.8,37.8,37.8,37.8,37.8,37.8,37.8,37.8,37.8,37.8,37.8,37.8,37.8,37.8,37.8,37.8,37.8,37.8,37.8,37.8,37.8,37.8,37.8,37.8,37.8
2007-09-01,38.3,38.3,38.3,38.3,38.3,38.3,38.3,38.3,38.2,38.2,38.2,38.2,38.2,38.2,38.2,38.2,38.2,38.2,38.2,38.2,38.2,38.2,38.2,38.2,38.2,38.2,38.2,38.2,38.2,38.2,38.2,38.2,38.1,38.1,38.1,38.1,38.1,38.1,38.1,38.1,38.1,38.1,38.1,38.1,38.2,38.2,38.2,38.2,38.2,38.2,38.2,38.2,38.2,38.2,38.2,38.2,38.2,38.2,38.2,38.2,38.2,38.2,38.2,38.2,38.2,38.2,38.2,38.2,38.1,38.1,38.1,38.1,38.1,38.1,38.1,38.1,38.1,38.1,38.1,38.1,38.1,38.1,38.1,38.1,38.1,38.1,38.1,38.1,38.1,38.1,38.1,38.1,38.1,38.1,38.1,38.1,38.1,38.1,38.1,38.1,38.1,38.1,38.1,38.1,38.1,38.1,38.1,38.1,38.1,38.1,38.1,38.1,38.1,38.1,38.1,38.1,38.1,38.1
2007-10-01,38.4,38.4,38.4,38.4,38.4,38.4,38.4,38.4,38.1,38.1,38.1,38.1,38.1,38.1,38.1,38.1,38.1,38.1,38.1,38.1,38.0,38.0,38.0,38.0,38.0,38.0,38.0,38.0,38.0,38.0,38.0,38.0,38.0,38.0,38.0,38.0,38.0,38.0,38.0,38.0,38.0,38.0,38.0,38.0,38.0,38.0,38.0,38.0,38.0,38.0,38.0,38.0,38.0,38.0,38.0,38.0,38.0,38.0,38.0,38.0,38.0,38.0,38.0,38.0,38.0,38.0,38.0,38.0,38.0,38.0,38.0,38.0,38.0,38.0,38.0,38.0,38.0,38.0,38.0,38.0,38.0,38.0,38.0,38.0,38.0,38.0,38.0,38.0,38.0,38.0,38.0,38.0,38.0,38.0,38.0,38.0,38.0,38.0,38.0,38.0,38.0,38.0,38.0,38.0,38.0,38.0,38.0,38.0,38.0,38.0,38.0,38.0,38.0,38.0,38.0,38.0,38.0,38.0
2007-11-01,38.3,38.3,38.3,38.3,38.3,38.3,38.3,38.3,38.2,38.2,38.2,38.2,38.2,38.2,38.2,38.2,38.2,38.2,38.2,38.2,38.2,38.2,38.2,38.2,38.2,38.2,38.2,38.2,38.2,38.2,38.2,38.2,38.2,38.2,38.2,38.2,38.2,38.2,38.2,38.2,38.2,38.2,38.2,38.2,38.3,38.3,38.3,38.3,38.3,38.3,38.3,38.3,38.3,38.3,38.3,38.3,38.2,38.2,38.2,38.2,38.2,38.2,38.2,38.2,38.2,38.2,38.2,38.2,38.2,38.2,38.2,38.2,38.2,38.2,38.2,38.2,38.2,38.2,38.2,38.2,38.2,38.2,38.2,38.2,38.2,38.2,38.2,38.2,38.2,38.2,38.2,38.2,38.2,38.2,38.2,38.2,38.2,38.2,38.2,38.2,38.2,38.2,38.2,38.2,38.2,38.2,38.2,38.2,38.2,38.2,38.2,38.2,38.2,38.2,38.2,38.2,38.2,38.2
2007-12-01,38.5,38.5,38.5,38.5,38.5,38.5,38.5,38.5,38.3,38.3,38.3,38.3,38.3,38.3,38.3,38.3,38.3,38.3,38.3,38.3,38.3,38.3,38.3,38.3,38.3,38.3,38.3,38.3,38.3,38.3,38.3,38.3,38.4,38.4,38.4,38.4,38.4,38.4,38.4,38.4,38.4,38.4,38.4,38.4,38.3,38.3,38.3,38.3,38.3,38.3,38.3,38.3,38.3,38.3,38.3,38.3,38.2,38.2,38.2,38.2,38.2,38.2,38.2,38.2,38.2,38.2,38.2,38.2,38.2,38.2,38.2,38.2,38.2,38.2,38.2,38.2,38.2,38.2,38.2,38.2,38.2,38.2,38.2,38.2,38.2,38.2,38.2,38.2,38.2,38.2,38.2,38.2,38.2,38.2,38.2,38.2,38.2,38.2,38.2,38.2,38.2,38.2,38.2,38.2,38.2,38.2,38.2,38.2,38.2,38.2,38.2,38.2,38.2,38.2,38.2,38.2,38.2,38.2
2008-01-01,38.2,38.2,38.2,38.2,38.2,38.2,38.2,38.2,38.1,38.1,38.1,38.1,38.1,38.1,38.1,38.1,38.1,38.1,38.1,38.1,38.4,38.4,38.4,38.4,38.4,38.4,38.4,38.4,38.4,38.4,38.4,38.4,38.3,38.3,38.3,38.3,38.3,38.3,38.3,38.3,38.3,38.3,38.3,38.3,38.4,38.4,38.4,38.4,38.4,38.4,38.4,38.4,38.4,38.4,38.4,38.4,38.2,38.2,38.2,38.2,38.2,38.2,38.2,38.2,38.2,38.2,38.2,38.2,38.2,38.2,38.2,38.2,38.2,38.2,38.2,38.2,38.2,38.2,38.2,38.2,38.2,38.2,38.2,38.2,38.2,38.2,38.2,38.2,38.2,38.2,38.2,38.2,38.2,38.2,38.2,38.2,38.2,38.2,38.2,38.2,38.2,38.2,38.2,38.2,38.2,38.2,38.2,38.2,38.2,38.2,38.2,38.2,38.2,38.2,38.2,38.2,38.2,38.2
2008-02-01,38.0,38.0,38.0,38.0,38.0,38.0,38.0,38.0,38.4,38.4,38.4,38.4,38.4,38.4,38.4,38.4,38.4,38.4,38.4,38.4,38.5,38.5,38.5,38.5,38.5,38.5,38.5,38.5,38.5,38.5,38.5,38.5,38.3,38.3,38.3,38.3,38.3,38.3,38.3,38.3,38.3,38.3,38.3,38.3,38.2,38.2,38.2,38.2,38.2,38.2,38.2,38.2,38.2,38.2,38.2,38.2,38.1,38.1,38.1,38.1,38.1,38.1,38.1,38.1,38.1,38.1,38.1,38.1,38.1,38.1,38.1,38.1,38.1,38.1,38.1,38.1,38.1,38.1,38.1,38.1,38.1,38.1,38.1,38.1,38.1,38.1,38.1,38.1,38.1,38.1,38.1,38.1,38.1,38.1,38.1,38.1,38.1,38.1,38.1,38.1,38.1,38.1,38.1,38.1,38.1,38.1,38.1,38.1,38.1,38.1,38.1,38.1,38.1,38.1,38.1,38.1,38.1,38.1
2008-03-01,38.3,38.3,38.3,38.3,38.3,38.3,38.3,38.3,38.3,38.3,38.3,38.3,38.3,38.3,38.3,38.3,38.3,38.3,38.3,38.3,38.2,38.2,38.2,38.2,38.2,38.2,38.2,38.2,38.2,38.2,38.2,38.2,38.2,38.2,38.2,38.2,38.2,38.2,38.2,38.2,38.2,38.2,38.2,38.2,38.2,38.2,38.2,38.2,38.2,38.2,38.2,38.2,38.2,38.2,38.2,38.2,38.1,38.1,38.1,38.1,38.1,38.1,38.1,38.1,38.1,38.1,38.1,38.1,38.2,38.2,38.2,38.2,38.2,38.2,38.2,38.2,38.2,38.2,38.2,38.2,38.2,38.2,38.2,38.2,38.2,38.2,38.2,38.2,38.2,38.2,38.2,38.2,38.2,38.2,38.2,38.2,38.2,38.2,38.2,38.2,38.2,38.2,38.2,38.2,38.2,38.2,38.2,38.2,38.2,38.2,38.2,38.2,38.2,38.2,38.2,38.2,38.2,38.2
2008-04-01,38.1,38.1,38.1,38.1,38.1,38.1,38.1,38.1,37.8,37.8,37.8,37.8,37.8,37.8,37.8,37.8,37.8,37.8,37.8,37.8,38.2,38.2,38.2,38.2,38.2,38.2,38.2,38.2,38.2,38.2,38.2,38.2,38.1,38.1,38.1,38.1,38.1,38.1,38.1,38.1,38.1,38.1,38.1,38.1,38.1,38.1,38.1,38.1,38.1,38.1,38.1,38.1,38.1,38.1,38.1,38.1,38.0,38.0,38.0,38.0,38.0,38.0,38.0,38.0,38.0,38.0,38.0,38.0,38.1,38.1,38.1,38.1,38.1,38.1,38.1,38.1,38.1,38.1,38.1,38.1,38.1,38.1,38.1,38.1,38.1,38.1,38.1,38.1,38.1,38.1,38.1,38.1,38.1,38.1,38.1,38.1,38.1,38.1,38.1,38.1,38.1,38.1,38.1,38.1,38.1,38.1,38.1,38.1,38.1,38.1,38.1,38.1,38.1,38.1,38.1,38.1,38.1,38.1
2008-05-01,37.8,37.8,37.8,37.8,37.8,37.8,37.8,37.8,37.7,37.7,37.7,37.7,37.7,37.7,37.7,37.7,37.7,37.7,37.7,37.7,38.1,38.1,38.1,38.1,38.1,38.1,38.1,38.1,38.1,38.1,38.1,38.1,38.0,38.0,38.0,38.0,38.0,38.0,38.0,38.0,38.0,38.0,38.0,38.0,37.8,37.8,37.8,37.8,37.8,37.8,37.8,37.8,37.8,37.8,37.8,37.8,37.8,37.8,37.8,37.8,37.8,37.8,37.8,37.8,37.8,37.8,37.8,37.8,37.9,37.9,37.9,37.9,37.9,37.9,37.9,37.9,37.9,37.9,37.9,37.9,37.9,37.9,37.9,37.9,37.9,37.9,37.9,37.9,37.9,37.9,37.9,37.9,37.9,37.9,37.9,37.9,37.9,37.9,37.9,37.9,37.9,37.9,37.9,37.9,37.9,37.9,37.9,37.9,37.9,37.9,37.9,37.9,37.9,37.9,37.9,37.9,37.9,37.9
2008-06-01,38.0,38.0,38.0,38.0,38.0,38.0,38.0,38.0,38.0,38.0,38.0,38.0,38.0,38.0,38.0,38.0,38.0,38.0,38.0,38.0,38.0,38.0,38.0,38.0,38.0,38.0,38.0,38.0,38.0,38.0,38.0,38.0,38.0,38.0,38.0,38.0,38.0,38.0,38.0,38.0,38.0,38.0,38.0,38.0,38.0,38.0,38.0,38.0,38.0,38.0,38.0,38.0,38.0,38.0,38.0,38.0,37.9,37.9,37.9,37.9,37.9,37.9,37.9,37.9,37.9,37.9,37.9,37.9,38.0,38.0,38.0,38.0,38.0,38.0,38.0,38.0,38.0,38.0,38.0,38.0,38.0,38.0,38.0,38.0,38.0,38.0,38.0,38.0,38.0,38.0,38.0,38.0,38.0,38.0,38.0,38.0,38.0,38.0,38.0,38.0,38.0,38.0,38.0,38.0,38.0,38.0,38.0,38.0,38.0,38.0,38.0,38.0,38.0,38.0,38.0,38.0,38.0,38.0
2008-07-01,37.6,37.6,37.6,37.6,37.6,37.6,37.6,37.6,37.7,37.7,37.7,37.7,37.7,37.7,37.7,37.7,37.7,37.7,37.7,37.7,37.8,37.8,37.8,37.8,37.8,37.8,37.8,37.8,37.8,37.8,37.8,37.8,37.8,37.8,37.8,37.8,37.8,37.8,37.8,37.8,37.8,37.8,37.8,37.8,37.9,37.9,37.9,37.9,37.9,37.9,37.9,37.9,37.9,37.9,37.9,37.9,37.8,37.8,37.8,37.8,37.8,37.8,37.8,37.8,37.8,37.8,37.8,37.8,37.8,37.8,37.8,37.8,37.8,37.8,37.8,37.8,37.8,37.8,37.8,37.8,37.8,37.8,37.8,37.8,37.8,37.8,37.8,37.8,37.8,37.8,37.8,37.8,37.8,37.8,37.8,37.8,37.8,37.8,37.8,37.8,37.8,37.8,37.8,37.8,37.8,37.8,37.8,37.8,37.8,37.8,37.8,37.8,37.8,37.8,37.8,37.8,37.8,37.8
2008-08-01,37.5,37.5,37.5,37.5,37.5,37.5,37.5,37.5,37.7,37.7,37.7,37.7,37.7,37.7,37.7,37.7,37.7,37.7,37.7,37.7,37.9,37.9,37.9,37.9,37.9,37.9,37.9,37.9,37.9,37.9,37.9,37.9,37.9,37.9,37.9,37.9,37.9,37.9,37.9,37.9,37.9,37.9,37.9,37.9,37.9,37.9,37.9,37.9,37.9,37.9,37.9,37.9,37.9,37.9,37.9,37.9,37.8,37.8,37.8,37.8,37.8,37.8,37.8,37.8,37.8,37.8,37.8,37.8,37.8,37.8,37.8,37.8,37.8,37.8,37.8,37.8,37.8,37.8,37.8,37.8,37.8,37.8,37.8,37.8,37.8,37.8,37.8,37.8,37.8,37.8,37.8,37.8,37.8,37.8,37.8,37.8,37.8,37.8,37.8,37.8,37.8,37.8,37.8,37.8,37.8,37.8,37.8,37.8,37.8,37.8,37.8,37.8,37.8,37.8,37.8,37.8,37.8,37.8
2008-09-01,37.7,37.7,37.7,37.7,37.7,37.7,37.7,37.7,37.6,37.6,37.6,37.6,37.6,37.6,37.6,37.6,37.6,37.6,37.6,37.6,37.6,37.6,37.6,37.6,37.6,37.6,37.6,37.6,37.6,37.6,37.6,37.6,37.5,37.5,37.5,37.5,37.5,37.5,37.5,37.5,37.5,37.5,37.5,37.5,37.6,37.6,37.6,37.6,37.6,37.6,37.6,37.6,37.6,37.6,37.6,37.6,37.6,37.6,37.6,37.6,37.6,37.6,37.6,37.6,37.6,37.6,37.6,37.6,37.4,37.4,37.4,37.4,37.4,37.4,37.4,37.4,37.4,37.4,37.4,37.4,37.4,37.4,37.4,37.4,37.4,37.4,37.4,37.4,37.4,37.4,37.4,37.4,37.4,37.4,37.4,37.4,37.4,37.4,37.4,37.4,37.4,37.4,37.4,37.4,37.4,37.4,37.4,37.4,37.4,37.4,37.4,37.4,37.4,37.4,37.4,37.4,37.4,37.4
2008-10-01,37.8,37.8,37.8,37.8,37.8,37.8,37.8,37.8,37.5,37.5,37.5,37.5,37.5,37.5,37.5,37.5,37.5,37.5,37.5,37.5,38.3,38.3,38.3,38.3,38.3,38.3,38.3,38.3,38.3,38.3,38.3,38.3,38.3,38.3,38.3,38.3,38.3,38.3,38.3,38.3,38.3,38.3,38.3,38.3,37.8,37.8,37.8,37.8,37.8,37.8,37.8,37.8,37.8,37.8,37.8,37.8,37.9,37.9,37.9,37.9,37.9,37.9,37.9,37.9,37.9,37.9,37.9,37.9,37.5,37.5,37.5,37.5,37.5,37.5,37.5,37.5,37.5,37.5,37.5,37.5,37.5,37.5,37.5,37.5,37.5,37.5,37.5,37.5,37.5,37.5,37.5,37.5,37.5,37.5,37.5,37.5,37.5,37.5,37.5,37.5,37.5,37.5,37.5,37.5,37.5,37.5,37.5,37.5,37.5,37.5,37.5,37.5,37.5,37.5,37.5,37.5,37.5,37.5
2008-11-01,37.5,37.5,37.5,37.5,37.5,37.5,37.5,37.5,37.4,37.4,37.4,37.4,37.4,37.4,37.4,37.4,37.4,37.4,37.4,37.4,37.1,37.1,37.1,37.1,37.1,37.1,37.1,37.1,37.1,37.1,37.1,37.1,37.2,37.2,37.2,37.2,37.2,37.2,37.2,37.2,37.2,37.2,37.2,37.2,37.3,37.3,37.3,37.3,37.3,37.3,37.3,37.3,37.3,37.3,37.3,37.3,37.3,37.3,37.3,37.3,37.3,37.3,37.3,37.3,37.3,37.3,37.3,37.3,37.3,37.3,37.3,37.3,37.3,37.3,37.3,37.3,37.3,37.3,37.3,37.3,37.3,37.3,37.3,37.3,37.3,37.3,37.3,37.3,37.3,37.3,37.3,37.3,37.3,37.3,37.3,37.3,37.3,37.3,37.3,37.3,37.3,37.3,37.3,37.3,37.3,37.3,37.3,37.3,37.3,37.3,37.3,37.3,37.3,37.3,37.3,37.3,37.3,37.3
2008-12-01,37.4,37.4,37.4,37.4,37.4,37.4,37.4,37.4,37.3,37.3,37.3,37.3,37.3,37.3,37.3,37.3,37.3,37.3,37.3,37.3,37.4,37.4,37.4,37.4,37.4,37.4,37.4,37.4,37.4,37.4,37.4,37.4,37.4,37.4,37.4,37.4,37.4,37.4,37.4,37.4,37.4,37.4,37.4,37.4,37.3,37.3,37.3,37.3,37.3,37.3,37.3,37.3,37.3,37.3,37.3,37.3,37.2,37.2,37.2,37.2,37.2,37.2,37.2,37.2,37.2,37.2,37.2,37.2,37.2,37.2,37.2,37.2,37.2,37.2,37.2,37.2,37.2,37.2,37.2,37.2,37.2,37.2,37.2,37.2,37.2,37.2,37.2,37.2,37.2,37.2,37.2,37.2,37.2,37.2,37.2,37.2,37.2,37.2,37.2,37.2,37.2,37.2,37.2,37.2,37.2,37.2,37.2,37.2,37.2,37.2,37.2,37.2,37.2,37.2,37.2,37.2,37.2,37.2
2009-01-01,37.5,37.5,37.5,37.5,37.5,37.5,37.5,37.5,37.4,37.4,37.4,37.4,37.4,37.4,37.4,37.4,37.4,37.4,37.4,37.4,37.1,37.1,37.1,37.1,37.1,37.1,37.1,37.1,37.1,37.1,37.1,37.1,37.2,37.2,37.2,37.2,37.2,37.2,37.2,37.2,37.2,37.2,37.2,37.2,37.1,37.1,37.1,37.1,37.1,37.1,37.1,37.1,37.1,37.1,37.1,37.1,37.1,37.1,37.1,37.1,37.1,37.1,37.1,37.1,37.1,37.1,37.1,37.1,37.3,37.3,37.3,37.3,37.3,37.3,37.3,37.3,37.3,37.3,37.3,37.3,37.3,37.3,37.3,37.3,37.3,37.3,37.3,37.3,37.3,37.3,37.3,37.3,37.3,37.3,37.3,37.3,37.3,37.3,37.3,37.3,37.3,37.3,37.3,37.3,37.3,37.3,37.3,37.3,37.3,37.3,37.3,37.3,37.3,37.3,37.3,37.3,37.3,37.3
2009-02-01,37.5,37.5,37.5,37.5,37.5,37.5,37.5,37.5,37.9,37.9,37.9,37.9,37.9,37.9,37.9,37.9,37.9,37.9,37.9,37.9,37.3,37.3,37.3,37.3,37.3,37.3,37.3,37.3,37.3,37.3,37.3,37.3,37.3,37.3,37.3,37.3,37.3,37.3,37.3,37.3,37.3,37.3,37.3,37.3,37.3,37.3,37.3,37.3,37.3,37.3,37.3,37.3,37.3,37.3,37.3,37.3,38.1,38.1,38.1,38.1,38.1,38.1,38.1,38.1,38.1,38.1,38.1,38.1,37.4,37.4,37.4,37.4,37.4,37.4,37.4,37.4,37.4,37.4,37.4,37.4,37.4,37.4,37.4,37.4,37.4,37.4,37.4,37.4,37.4,37.4,37.4,37.4,37.4,37.4,37.4,37.4,37.4,37.4,37.4,37.4,37.4,37.4,37.4,37.4,37.4,37.4,37.4,37.4,37.4,37.4,37.4,37.4,37.4,37.4,37.4,37.4,37.4,37.4
2009-03-01,37.3,37.3,37.3,37.3,37.3,37.3,37.3,37.3,37.2,37.2,37.2,37.2,37.2,37.2,37.2,37.2,37.2,37.2,37.2,37.2,37.2,37.2,37.2,37.2,37.2,37.2,37.2,37.2,37.2,37.2,37.2,37.2,37.2,37.2,37.2,37.2,37.2,37.2,37.2,37.2,37.2,37.2,37.2,37.2,37.2,37.2,37.2,37.2,37.2,37.2,37.2,37.2,37.2,37.2,37.2,37.2,37.2,37.2,37.2,37.2,37.2,37.2,37.2,37.2,37.2,37.2,37.2,37.2,37.2,37.2,37.2,37.2,37.2,37.2,37.2,37.2,37.2,37.2,37.2,37.2,37.2,37.2,37.2,37.2,37.2,37.2,37.2,37.2,37.2,37.2,37.2,37.2,37.2,37.2,37.2,37.2,37.2,37.2,37.2,37.2,37.2,37.2,37.2,37.2,37.2,37.2,37.2,37.2,37.2,37.2,37.2,37.2,37.2,37.2,37.2,37.2,37.2,37.2
2009-04-01,37.4,37.4,37.4,37.4,37.4,37.4,37.4,37.4,37.5,37.5,37.5,37.5,37.5,37.5,37.5,37.5,37.5,37.5,37.5,37.5,37.2,37.2,37.2,37.2,37.2,37.2,37.2,37.2,37.2,37.2,37.2,37.2,37.1,37.1,37.1,37.1,37.1,37.1,37.1,37.1,37.1,37.1,37.1,37.1,37.0,37.0,37.0,37.0,37.0,37.0,37.0,37.0,37.0,37.0,37.0,37.0,37.1,37.1,37.1,37.1,37.1,37.1,37.1,37.1,37.1,37.1,37.1,37.1,37.2,37.2,37.2,37.2,37.2,37.2,37.2,37.2,37.2,37.2,37.2,37.2,37.2,37.2,37.2,37.2,37.2,37.2,37.2,37.2,37.2,37.2,37.2,37.2,37.2,37.2,37.2,37.2,37.2,37.2,37.2,37.2,37.2,37.2,37.2,37.2,37.2,37.2,37.2,37.2,37.2,37.2,37.2,37.2,37.2,37.2,37.2,37.2,37.2,37.2
2009-05-01,37.4,37.4,37.4,37.4,37.4,37.4,37.4,37.4,37.3,37.3,37.3,37.3,37.3,37.3,37.3,37.3,37.3,37.3,37.3,37.3,37.1,37.1,37.1,37.1,37.1,37.1,37.1,37.1,37.1,37.1,37.1,37.1,37.2,37.2,37.2,37.2,37.2,37.2,37.2,37.2,37.2,37.2,37.2,37.2,37.2,37.2,37.2,37.2,37.2,37.2,37.2,37.2,37.2,37.2,37.2,37.2,37.1,37.1,37.1,37.1,37.1,37.1,37.1,37.1,37.1,37.1,37.1,37.1,37.3,37.3,37.3,37.3,37.3,37.3,37.3,37.3,37.3,37.3,37.3,37.3,37.3,37.3,37.3,37.3,37.3,37.3,37.3,37.3,37.3,37.3,37.3,37.3,37.3,37.3,37.3,37.3,37.3,37.3,37.3,37.3,37.3,37.3,37.3,37.3,37.3,37.3,37.3,37.3,37.3,37.3,37.3,37.3,37.3,37.3,37.3,37.3,37.3,37.3
2009-06-01,37.2,37.2,37.2,37.2,37.2,37.2,37.2,37.2,37.2,37.2,37.2,37.2,37.2,37.2,37.2,37.2,37.2,37.2,37.2,37.2,37.2,37.2,37.2,37.2,37.2,37.2,37.2,37.2,37.2,37.2,37.2,37.2,37.2,37.2,37.2,37.2,37.2,37.2,37.2,37.2,37.2,37.2,37.2,37.2,37.2,37.2,37.2,37.2,37.2,37.2,37.2,37.2,37.2,37.2,37.2,37.2,37.1,37.1,37.1,37.1,37.1,37.1,37.1,37.1,37.1,37.1,37.1,37.1,37.2,37.2,37.2,37.2,37.2,37.2,37.2,37.2,37.2,37.2,37.2,37.2,37.2,37.2,37.2,37.2,37.2,37.2,37.2,37.2,37.2,37.2,37.2,37.2,37.2,37.2,37.2,37.2,37.2,37.2,37.2,37.2,37.2,37.2,37.2,37.2,37.2,37.2,37.2,37.2,37.2,37.2,37.2,37.2,37.2,37.2,37.2,37.2,37.2,37.2
2009-07-01,37.4,37.4,37.4,37.4,37.4,37.4,37.4,37.4,37.5,37.5,37.5,37.5,37.5,37.5,37.5,37.5,37.5,37.5,37.5,37.5,37.3,37.3,37.3,37.3,37.3,37.3,37.3,37.3,37.3,37.3,37.3,37.3,37.4,37.4,37.4,37.4,37.4,37.4,37.4,37.4,37.4,37.4,37.4,37.4,37.3,37.3,37.3,37.3,37.3,37.3,37.3,37.3,37.3,37.3,37.3,37.3,37.3,37.3,37.3,37.3,37.3,37.3,37.3,37.3,37.3,37.3,37.3,37.3,37.4,37.4,37.4,37.4,37.4,37.4,37.4,37.4,37.4,37.4,37.4,37.4,37.4,37.4,37.4,37.4,37.4,37.4,37.4,37.4,37.4,37.4,37.4,37.4,37.4,37.4,37.4,37.4,37.4,37.4,37.4,37.4,37.4,37.4,37.4,37.4,37.4,37.4,37.4,37.4,37.4,37.4,37.4,37.4,37.4,37.4,37.4,37.4,37.4,37.4
2009-08-01,37.2,37.2,37.2,37.2,37.2,37.2,37.2,37.2,37.4,37.4,37.4,37.4,37.4,37.4,37.4,37.4,37.4,37.4,37.4,37.4,37.2,37.2,37.2,37.2,37.2,37.2,37.2,37.2,37.2,37.2,37.2,37.2,37.3,37.3,37.3,37.3,37.3,37.3,37.3,37.3,37.3,37.3,37.3,37.3,37.3,37.3,37.3,37.3,37.3,37.3,37.3,37.3,37.3,37.3,37.3,37.3,37.2,37.2,37.2,37.2,37.2,37.2,37.2,37.2,37.2,37.2,37.2,37.2,37.4,37.4,37.4,37.4,37.4,37.4,37.4,37.4,37.4,37.4,37.4,37.4,37.4,37.4,37.4,37.4,37.4,37.4,37.4,37.4,37.4,37.4,37.4,37.4,37.4,37.4,37.4,37.4,37.4,37.4,37.4,37.4,37.4,37.4,37.4,37.4,37.4,37.4,37.4,37.4,37.4,37.4,37.4,37.4,37.4,37.4,37.4,37.4,37.4,37.4
2009-09-01,37.0,37.0,37.0,37.0,37.0,37.0,37.0,37.0,37.3,37.3,37.3,37.3,37.3,37.3,37.3,37.3,37.3,37.3,37.3,37.3,36.9,36.9,36.9,36.9,36.9,36.9,36.9,36.9,36.9,36.9,36.9,36.9,37.0,37.0,37.0,37.0,37.0,37.0,37.0,37.0,37.0,37.0,37.0,37.0,36.9,36.9,36.9,36.9,36.9,36.9,36.9,36.9,36.9,36.9,36.9,36.9,36.9,36.9,36.9,36.9,36.9,36.9,36.9,36.9,36.9,36.9,36.9,36.9,37.5,37.5,37.5,37.5,37.5,37.5,37.5,37.5,37.5,37.5,37.5,37.5,37.5,37.5,37.5,37.5,37.5,37.5,37.5,37.5,37.5,37.5,37.5,37.5,37.5,37.5,37.5,37.5,37.5,37.5,37.5,37.5,37.5,37.5,37.5,37.5,37.5,37.5,37.5,37.5,37.5,37.5,37.5,37.5,37.5,37.5,37.5,37.5,37.5,37.5
2009-10-01,36.7,36.7,36.7,36.7,36.7,36.7,36.7,36.7,36.4,36.4,36.4,36.4,36.4,36.4,36.4,36.4,36.4,36.4,36.4,36.4,37.1,37.1,37.1,37.1,37.1,37.1,37.1,37.1,37.1,37.1,37.1,37.1,37.2,37.2,37.2,37.2,37.2,37.2,37.2,37.2,37.2,37.2,37.2,37.2,36.7,36.7,36.7,36.7,36.7,36.7,36.7,36.7,36.7,36.7,36.7,36.7,36.8,36.8,36.8,36.8,36.8,36.8,36.8,36.8,36.8,36.8,36.8,36.8,36.4,36.4,36.4,36.4,36.4,36.4,36.4,36.4,36.4,36.4,36.4,36.4,36.4,36.4,36.4,36.4,36.4,36.4,36.4,36.4,36.4,36.4,36.4,36.4,36.4,36.4,36.4,36.4,36.4,36.4,36.4,36.4,36.4,36.4,36.4,36.4,36.4,36.4,36.4,36.4,36.4,36.4,36.4,36.4,36.4,36.4,36.4,36.4,36.4,36.4
2009-11-01,37.2,37.2,37.2,37.2,37.2,37.2,37.2,37.2,37.6,37.6,37.6,37.6,37.6,37.6,37.6,37.6,37.6,37.6,37.6,37.6,37.3,37.3,37.3,37.3,37.3,37.3,37.3,37.3,37.3,37.3,37.3,37.3,37.4,37.4,37.4,37.4,37.4,37.4,37.4,37.4,37.4,37.4,37.4,37.4,37.5,37.5,37.5,37.5,37.5,37.5,37.5,37.5,37.5,37.5,37.5,37.5,37.5,37.5,37.5,37.5,37.5,37.5,37.5,37.5,37.5,37.5,37.5,37.5,37.5,37.5,37.5,37.5,37.5,37.5,37.5,37.5,37.5,37.5,37.5,37.5,37.5,37.5,37.5,37.5,37.5,37.5,37.5,37.5,37.5,37.5,37.5,37.5,37.5,37.5,37.5,37.5,37.5,37.5,37.5,37.5,37.5,37.5,37.5,37.5,37.5,37.5,37.5,37.5,37.5,37.5,37.5,37.5,37.5,37.5,37.5,37.5,37.5,37.5
2009-12-01,36.9,36.9,36.9,36.9,36.9,36.9,36.9,36.9,37.1,37.1,37.1,37.1,37.1,37.1,37.1,37.1,37.1,37.1,37.1,37.1,37.2,37.2,37.2,37.2,37.2,37.2,37.2,37.2,37.2,37.2,37.2,37.2,37.2,37.2,37.2,37.2,37.2,37.2,37.2,37.2,37.2,37.2,37.2,37.2,37.0,37.0,37.0,37.0,37.0,37.0,37.0,37.0,37.0,37.0,37.0,37.0,37.0,37.0,37.0,37.0,37.0,37.0,37.0,37.0,37.0,37.0,37.0,37.0,37.0,37.0,37.0,37.0,37.0,37.0,37.0,37.0,37.0,37.0,37.0,37.0,37.0,37.0,37.0,37.0,37.0,37.0,37.0,37.0,37.0,37.0,37.0,37.0,37.0,37.0,37.0,37.0,37.0,37.0,37.0,37.0,37.0,37.0,37.0,37.0,37.0,37.0,37.0,37.0,37.0,37.0,37.0,37.0,37.0,37.0,37.0,37.0,37.0,37.0
2010-01-01,37.3,37.3,37.3,37.3,37.3,37.3,37.3,37.3,37.6,37.6,37.6,37.6,37.6,37.6,37.6,37.6,37.6,37.6,37.6,37.6,37.3,37.3,37.3,37.3,37.3,37.3,37.3,37.3,37.3,37.3,37.3,37.3,37.4,37.4,37.4,37.4,37.4,37.4,37.4,37.4,37.4,37.4,37.4,37.4,37.3,37.3,37.3,37.3,37.3,37.3,37.3,37.3,37.3,37.3,37.3,37.3,37.4,37.4,37.4,37.4,37.4,37.4,37.4,37.4,37.4,37.4,37.4,37.4,37.5,37.5,37.5,37.5,37.5,37.5,37.5,37.5,37.5,37.5,37.5,37.5,37.5,37.5,37.5,37.5,37.5,37.5,37.5,37.5,37.5,37.5,37.5,37.5,37.5,37.5,37.5,37.5,37.5,37.5,37.5,37.5,37.5,37.5,37.5,37.5,37.5,37.5,37.5,37.5,37.5,37.5,37.5,37.5,37.5,37.5,37.5,37.5,37.5,37.5
2010-02-01,37.0,37.0,37.0,37.0,37.0,37.0,37.0,37.0,36.9,36.9,36.9,36.9,36.9,36.9,36.9,36.9,36.9,36.9,36.9,36.9,36.4,36.4,36.4,36.4,36.4,36.4,36.4,36.4,36.4,36.4,36.4,36.4,36.4,36.4,36.4,36.4,36.4,36.4,36.4,36.4,36.4,36.4,36.4,36.4,36.4,36.4,36.4,36.4,36.4,36.4,36.4,36.4,36.4,36.4,36.4,36.4,37.2,37.2,37.2,37.2,37.2,37.2,37.2,37.2,37.2,37.2,37.2,37.2,36.5,36.5,36.5,36.5,36.5,36.5,36.5,36.5,36.5,36.5,36.5,36.5,36.5,36.5,36.5,36.5,36.5,36.5,36.5,36.5,36.5,36.5,36.5,36.5,36.5,36.5,36.5,36.5,36.5,36.5,36.5,36.5,36.5,36.5,36.5,36.5,36.5,36.5,36.5,36.5,36.5,36.5,36.5,36.5,36.5,36.5,36.5,36.5,36.5,36.5
2010-03-01,37.1,37.1,37.1,37.1,37.1,37.1,37.1,37.1,37.3,37.3,37.3,37.3,37.3,37.3,37.3,37.3,37.3,37.3,37.3,37.3,37.3,37.3,37.3,37.3,37.3,37.3,37.3,37.3,37.3,37.3,37.3,37.3,37.3,37.3,37.3,37.3,37.3,37.3,37.3,37.3,37.3,37.3,37.3,37.3,37.3,37.3,37.3,37.3,37.3,37.3,37.3,37.3,37.3,37.3,37.3,37.3,37.3,37.3,37.3,37.3,37.3,37.3,37.3,37.3,37.3,37.3,37.3,37.3,37.3,37.3,37.3,37.3,37.3,37.3,37.3,37.3,37.3,37.3,37.3,37.3,37.3,37.3,37.3,37.3,37.3,37.3,37.3,37.3,37.3,37.3,37.3,37.3,37.3,37.3,37.3,37.3,37.3,37.3,37.3,37.3,37.3,37.3,37.3,37.3,37.3,37.3,37.3,37.3,37.3,37.3,37.3,37.3,37.3,37.3,37.3,37.3,37.3,37.3
2010-04-01,37.6,37.7,37.7,37.7,37.7,37.7,37.7,37.7,38.1,38.1,38.1,38.1,38.1,38.1,38.1,38.1,38.1,38.1,38.1,38.1,37.7,37.7,37.7,37.7,37.7,37.7,37.7,37.7,37.7,37.7,37.7,37.7,38.0,38.0,38.0,38.0,38.0,38.0,38.0,38.0,38.0,38.0,38.0,38.0,38.0,38.0,38.0,38.0,38.0,38.0,38.0,38.0,38.0,38.0,38.0,38.0,38.0,38.0,38.0,38.0,38.0,38.0,38.0,38.0,38.0,38.0,38.0,38.0,38.1,38.1,38.1,38.1,38.1,38.1,38.1,38.1,38.1,38.1,38.1,38.1,38.1,38.1,38.1,38.1,38.1,38.1,38.1,38.1,38.1,38.1,38.1,38.1,38.1,38.1,38.1,38.1,38.1,38.1,38.1,38.1,38.1,38.1,38.1,38.1,38.1,38.1,38.1,38.1,38.1,38.1,38.1,38.1,38.1,38.1,38.1,38.1,38.1,38.1
2010-05-01,37.3,37.4,37.4,37.4,37.4,37.4,37.4,37.4,37.8,37.8,37.8,37.8,37.8,37.8,37.8,37.8,37.8,37.8,37.8,37.8,37.6,37.6,37.6,37.6,37.6,37.6,37.6,37.6,37.6,37.6,37.6,37.6,37.7,37.7,37.7,37.7,37.7,37.7,37.7,37.7,37.7,37.7,37.7,37.7,37.6,37.6,37.6,37.6,37.6,37.6,37.6,37.6,37.6,37.6,37.6,37.6,37.6,37.6,37.6,37.6,37.6,37.6,37.6,37.6,37.6,37.6,37.6,37.6,37.7,37.7,37.7,37.7,37.7,37.7,37.7,37.7,37.7,37.7,37.7,37.7,37.7,37.7,37.7,37.7,37.7,37.7,37.7,37.7,37.7,37.7,37.7,37.7,37.7,37.7,37.7,37.7,37.7,37.7,37.7,37.7,37.7,37.7,37.7,37.7,37.7,37.7,37.7,37.7,37.7,37.7,37.7,37.7,37.7,37.7,37.7,37.7,37.7,37.7
2010-06-01,,37.4,37.3,37.4,37.4,37.4,37.4,37.4,37.7,37.7,37.7,37.7,37.7,37.7,37.7,37.7,37.7,37.7,37.7,37.7,37.7,37.7,37.7,37.7,37.7,37.7,37.7,37.7,37.7,37.7,37.7,37.7,37.7,37.7,37.7,37.7,37.7,37.7,37.7,37.7,37.7,37.7,37.7,37.7,37.7,37.7,37.7,37.7,37.7,37.7,37.7,37.7,37.7,37.7,37.7,37.7,37.6,37.6,37.6,37.6,37.6,37.6,37.6,37.6,37.6,37.6,37.6,37.6,37.7,37.7,37.7,37.7,37.7,37.7,37.7,37.7,37.7,37.7,37.7,37.7,37.7,37.7,37.7,37.7,37.7,37.7,37.7,37.7,37.7,37.7,37.7,37.7,37.7,37.7,37.7,37.7,37.7,37.7,37.7,37.7,37.7,37.7,37.7,37.7,37.7,37.7,37.7,37.7,37.7,37.7,37.7,37.7,37.7,37.7,37.7,37.7,37.7,37.7
2010-07-01,,,37.4,37.5,37.5,37.5,37.5,37.5,37.8,37.8,37.8,37.8,37.8,37.8,37.8,37.8,37.8,37.8,37.8,37.8,37.6,37.6,37.6,37.6,37.6,37.6,37.6,37.6,37.6,37.6,37.6,37.6,37.6,37.6,37.6,37.6,37.6,37.6,37.6,37.6,37.6,37.6,37.6,37.6,37.7,37.7,37.7,37.7,37.7,37.7,37.7,37.7,37.7,37.7,37.7,37.7,37.6,37.6,37.6,37.6,37.6,37.6,37.6,37.6,37.6,37.6,37.6,37.6,37.8,37.8,37.8,37.8,37.8,37.8,37.8,37.8,37.8,37.8,37.8,37.8,37.8,37.8,37.8,37.8,37.8,37.8,37.8,37.8,37.8,37.8,37.8,37.8,37.8,37.8,37.8,37.8,37.8,37.8,37.8,37.8,37.8,37.8,37.8,37.8,37.8,37.8,37.8,37.8,37.8,37.8,37.8,37.8,37.8,37.8,37.8,37.8,37.8,37.8
2010-08-01,,,,37.6,37.6,37.7,37.7,37.7,38.0,38.0,38.0,38.0,38.0,38.0,38.0,38.0,38.0,38.0,38.0,38.0,37.8,37.8,37.8,37.8,37.8,37.8,37.8,37.8,37.8,37.8,37.8,37.8,37.9,37.9,37.9,37.9,37.9,37.9,37.9,37.9,37.9,37.9,37.9,37.9,37.9,37.9,37.9,37.9,37.9,37.9,37.9,37.9,37.9,37.9,37.9,37.9,37.9,37.9,37.9,37.9,37.9,37.9,37.9,37.9,37.9,37.9,37.9,37.9,38.0,38.0,38.0,38.0,38.0,38.0,38.0,38.0,38.0,38.0,38.0,38.0,38.0,38.0,38.0,38.0,38.0,38.0,38.0,38.0,38.0,38.0,38.0,38.0,38.0,38.0,38.0,38.0,38.0,38.0,38.0,38.0,38.0,38.0,38.0,38.0,38.0,38.0,38.0,38.0,38.0,38.0,38.0,38.0,38.0,38.0,38.0,38.0,38.0,38.0
2010-09-01,,,,,37.4,37.8,37.8,37.8,38.0,38.0,38.0,38.0,38.0,38.0,38.0,38.0,38.0,38.0,38.0,38.0,38.1,38.1,38.1,38.1,38.1,38.1,38.1,38.1,38.1,38.1,38.1,38.1,38.2,38.2,38.2,38.2,38.2,38.2,38.2,38.2,38.2,38.2,38.2,38.2,38.2,38.2,38.2,38.2,38.2,38.2,38.2,38.2,38.2,38.2,38.2,38.2,38.2,38.2,38.2,38.2,38.2,38.2,38.2,38.2,38.2,38.2,38.2,38.2,39.1,39.1,39.1,39.1,39.1,39.1,39.1,39.1,39.1,39.1,39.1,39.1,39.1,39.1,39.1,39.1,39.1,39.1,39.1,39.1,39.1,39.1,39.1,39.1,39.1,39.1,39.1,39.1,39.1,39.1,39.1,39.1,39.1,39.1,39.1,39.1,39.1,39.1,39.1,39.1,39.1,39.1,39.1,39.1,39.1,39.1,39.1,39.1,39.1,39.1
2010-10-01,,,,,,37.9,38.0,38.0,38.2,38.2,38.2,38.2,38.2,38.2,38.2,38.2,38.2,38.2,38.2,38.2,38.0,38.0,38.0,38.0,38.0,38.0,38.0,38.0,38.0,38.0,38.0,38.0,38.1,38.1,38.1,38.1,38.1,38.1,38.1,38.1,38.1,38.1,38.1,38.1,38.2,38.2,38.2,38.2,38.2,38.2,38.2,38.2,38.2,38.2,38.2,38.2,38.2,38.2,38.2,38.2,38.2,38.2,38.2,38.2,38.2,38.2,38.2,38.2,38.2,38.2,38.2,38.2,38.2,38.2,38.2,38.2,38.2,38.2,38.2,38.2,38.2,38.2,38.2,38.2,38.2,38.2,38.2,38.2,38.2,38.2,38.2,38.2,38.2,38.2,38.2,38.2,38.2,38.2,38.2,38.2,38.2,38.2,38.2,38.2,38.2,38.2,38.2,38.2,38.2,38.2,38.2,38.2,38.2,38.2,38.2,38.2,38.2,38.2
2010-11-01,,,,,,,37.9,38.0,38.1,38.1,38.1,38.1,38.1,38.1,38.1,38.1,38.1,38.1,38.1,38.1,37.9,37.9,37.9,37.9,37.9,37.9,37.9,37.9,37.9,37.9,37.9,37.9,38.1,38.1,38.1,38.1,38.1,38.1,38.1,38.1,38.1,38.1,38.1,38.1,38.2,38.2,38.2,38.2,38.2,38.2,38.2,38.2,38.2,38.2,38.2,38.2,38.2,38.2,38.2,38.2,38.2,38.2,38.2,38.2,38.2,38.2,38.2,38.2,38.2,38.2,38.2,38.2,38.2,38.2,38.2,38.2,38.2,38.2,38.2,38.2,38.2,38.2,38.2,38.2,38.2,38.2,38.2,38.2,38.2,38.2,38.2,38.2,38.2,38.2,38.2,38.2,38.2,38.2,38.2,38.2,38.2,38.2,38.2,38.2,38.2,38.2,38.2,38.2,38.2,38.2,38.2,38.2,38.2,38.2,38.2,38.2,38.2,38.2
2010-12-01,,,,,,,,38.2,38.1,38.0,38.0,38.0,38.0,38.0,38.0,38.0,38.0,38.0,38.0,38.0,37.8,37.8,37.8,37.8,37.8,37.8,37.8,37.8,37.8,37.8,37.8,37.8,37.9,37.9,37.9,37.9,37.9,37.9,37.9,37.9,37.9,37.9,37.9,37.9,38.0,38.0,38.0,38.0,38.0,38.0,38.0,38.0,38.0,38.0,38.0,38.0,38.0,38.0,38.0,38.0,38.0,38.0,38.0,38.0,38.0,38.0,38.0,38.0,38.0,38.0,38.0,38.0,38.0,38.0,38.0,38.0,38.0,38.0,38.0,38.0,38.0,38.0,38.0,38.0,38.0,38.0,38.0,38.0,38.0,38.0,38.0,38.0,38.0,38.0,38.0,38.0,38.0,38.0,38.0,38.0,38.0,38.0,38.0,38.0,38.0,38.0,38.0,38.0,38.0,38.0,38.0,38.0,38.0,38.0,38.0,38.0,38.0,38.0
2011-01-01,,,,,,,,,37.3,37.3,37.3,37.3,37.3,37.3,37.3,37.3,37.3,37.3,37.3,37.3,37.7,37.7,37.7,37.7,37.7,37.7,37.7,37.7,37.7,37.7,37.7,37.7,37.6,37.6,37.6,37.6,37.6,37.6,37.6,37.6,37.6,37.6,37.6,37.6,37.6,37.6,37.6,37.6,37.6,37.6,37.6,37.6,37.6,37.6,37.6,37.6,37.5,37.5,37.5,37.5,37.5,37.5,37.5,37.5,37.5,37.5,37.5,37.5,37.6,37.6,37.6,37.6,37.6,37.6,37.6,37.6,37.6,37.6,37.6,37.6,37.6,37.6,37.6,37.6,37.6,37.6,37.6,37.6,37.6,37.6,37.6,37.6,37.6,37.6,37.6,37.6,37.6,37.6,37.6,37.6,37.6,37.6,37.6,37.6,37.6,37.6,37.6,37.6,37.6,37.6,37.6,37.6,37.6,37.6,37.6,37.6,37.6,37.6
2011-02-01,,,,,,,,,,38.0,38.0,38.1,38.1,38.1,38.1,38.1,38.1,38.1,38.1,38.1,37.7,37.7,37.7,37.7,37.7,37.7,37.7,37.7,37.7,37.7,37.7,37.7,37.7,37.7,37.7,37.7,37.7,37.7,37.7,37.7,37.7,37.7,37.7,37.7,37.7,37.7,37.7,37.7,37.7,37.7,37.7,37.7,37.7,37.7,37.7,37.7,38.5,38.5,38.5,38.5,38.5,38.5,38.5,38.5,38.5,38.5,38.5,38.5,37.8,37.8,37.8,37.8,37.8,37.8,37.8,37.8,37.8,37.8,37.8,37.8,37.8,37.8,37.8,37.8,37.8,37.8,37.8,37.8,37.8,37.8,37.8,37.8,37.8,37.8,37.8,37.8,37.8,37.8,37.8,37.8,37.8,37.8,37.8,37.8,37.8,37.8,37.8,37.8,37.8,37.8,37.8,37.8,37.8,37.8,37.8,37.8,37.8,37.8
2011-03-01,,,,,,,,,,,37.8,37.9,37.9,37.9,37.9,37.9,37.9,37.9,37.9,37.9,38.0,38.0,38.0,38.0,38.0,38.0,38.0,38.0,38.0,38.0,38.0,38.0,37.9,37.9,37.9,37.9,37.9,37.9,37.9,37.9,37.9,37.9,37.9,37.9,37.9,37.9,37.9,37.9,37.9,37.9,37.9,37.9,37.9,37.9,37.9,37.9,37.9,37.9,37.9,37.9,37.9,37.9,37.9,37.9,37.9,37.9,37.9,37.9,37.9,37.9,37.9,37.9,37.9,37.9,37.9,37.9,37.9,37.9,37.9,37.9,37.9,37.9,37.9,37.9,37.9,37.9,37.9,37.9,37.9,37.9,37.9,37.9,37.9,37.9,37.9,37.9,37.9,37.9,37.9,37.9,37.9,37.9,37.9,37.9,37.9,37.9,37.9,37.9,37.9,37.9,37.9,37.9,37.9,37.9,37.9,37.9,37.9,37.9
2011-04-01,,,,,,,,,,,,38.2,38.2,38.2,38.2,38.2,38.2,38.2,38.2,38.2,37.8,37.8,37.8,37.8,37.8,37.8,37.8,37.8,37.8,37.8,37.8,37.8,38.1,38.1,38.1,38.1,38.1,38.1,38.1,38.1,38.1,38.1,38.1,38.1,38.1,38.1,38.1,38.1,38.1,38.1,38.1,38.1,38.1,38.1,38.1,38.1,38.1,38.1,38.1,38.1,38.1,38.1,38.1,38.1,38.1,38.1,38.1,38.1,38.1,38.1,38.1,38.1,38.1,38.1,38.1,38.1,38.1,38.1,38.1,38.1,38.1,38.1,38.1,38.1,38.1,38.1,38.1,38.1,38.1,38.1,38.1,38.1,38.1,38.1,38.1,38.1,38.1,38.1,38.1,38.1,38.1,38.1,38.1,38.1,38.1,38.1,38.1,38.1,38.1,38.1,38.1,38.1,38.1,38.1,38.1,38.1,38.1,38.1
2011-05-01,,,,,,,,,,,,,38.5,38.4,38.5,38.5,38.5,38.5,38.5,38.5,38.4,38.4,38.4,38.4,38.4,38.4,38.4,38.4,38.4,38.4,38.4,38.4,38.5,38.5,38.5,38.5,38.5,38.5,38.5,38.5,38.5,38.5,38.5,38.5,38.4,38.4,38.4,38.4,38.4,38.4,38.4,38.4,38.4,38.4,38.4,38.4,38.4,38.4,38.4,38.4,38.4,38.4,38.4,38.4,38.4,38.4,38.4,38.4,38.5,38.5,38.5,38.5,38.5,38.5,38.5,38.5,38.5,38.5,38.5,38.5,38.5,38.5,38.5,38.5,38.5,38.5,38.5,38.5,38.5,38.5,38.5,38.5,38.5,38.5,38.5,38.5,38.5,38.5,38.5,38.5,38.5,38.5,38.5,38.5,38.5,38.5,38.5,38.5,38.5,38.5,38.5,38.5,38.5,38.5,38.5,38.5,38.5,38.5
2011-06-01,,,,,,,,,,,,,,38.3,38.4,38.3,38.3,38.3,38.3,38.3,38.1,38.1,38.1,38.1,38.1,38.1,38.1,38.1,38.1,38.1,38.1,38.1,38.3,38.3,38.3,38.3,38.3,38.3,38.3,38.3,38.3,38.3,38.3,38.3,38.4,38.4,38.4,38.4,38.4,38.4,38.4,38.4,38.4,38.4,38.4,38.4,38.3,38.3,38.3,38.3,38.3,38.3,38.3,38.3,38.3,38.3,38.3,38.3,38.4,38.4,38.4,38.4,38.4,38.4,38.4,38.4,38.4,38.4,38.4,38.4,38.4,38.4,38.4,38.4,38.4,38.4,38.4,38.4,38.4,38.4,38.4,38.4,38.4,38.4,38.4,38.4,38.4,38.4,38.4,38.4,38.4,38.4,38.4,38.4,38.4,38.4,38.4,38.4,38.4,38.4,38.4,38.4,38.4,38.4,38.4,38.4,38.4,38.4
2011-07-01,,,,,,,,,,,,,,,38.3,38.2,38.2,38.2,38.2,38.2,38.3,38.3,38.3,38.3,38.3,38.3,38.3,38.3,38.3,38.3,38.3,38.3,38.4,38.4,38.4,38.4,38.4,38.4,38.4,38.4,38.4,38.4,38.4,38.4,38.5,38.5,38.5,38.5,38.5,38.5,38.5,38.5,38.5,38.5,38.5,38.5,38.4,38.4,38.4,38.4,38.4,38.4,38.4,38.4,38.4,38.4,38.4,38.4,38.5,38.5,38.5,38.5,38.5,38.5,38.5,38.5,38.5,38.5,38.5,38.5,38.5,38.5,38.5,38.5,38.5,38.5,38.5,38.5,38.5,38.5,38.5,38.5,38.5,38.5,38.5,38.5,38.5,38.5,38.5,38.5,38.5,38.5,38.5,38.5,38.5,38.5,38.5,38.5,38.5,38.5,38.5,38.5,38.5,38.5,38.5,38.5,38.5,38.5
2011-08-01,,,,,,,,,,,,,,,,38.2,38.2,38.2,38.2,38.2,38.1,38.1,38.1,38.1,38.1,38.1,38.1,38.1,38.1,38.1,38.1,38.1,38.2,38.2,38.2,38.2,38.2,38.2,38.2,38.2,38.2,38.2,38.2,38.2,38.2,38.2,38.2,38.2,38.2,38.2,38.2,38.2,38.2,38.2,38.2,38.2,38.2,38.2,38.2,38.2,38.2,38.2,38.2,38.2,38.2,38.2,38.2,38.2,38.3,38.3,38.3,38.3,38.3,38.3,38.3,38.3,38.3,38.3,38.3,38.3,38.3,38.3,38.3,38.3,38.3,38.3,38.3,38.3,38.3,38.3,38.3,38.3,38.3,38.3,38.3,38.3,38.3,38.3,38.3,38.3,38.3,38.3,38.3,38.3,38.3,38.3,38.3,38.3,38.3,38.3,38.3,38.3,38.3,38.3,38.3,38.3,38.3,38.3
2011-09-01,,,,,,,,,,,,,,,,,38.5,38.5,38.5,38.5,38.2,38.2,38.2,38.2,38.2,38.2,38.2,38.2,38.2,38.2,38.2,38.2,38.3,38.3,38.3,38.3,38.3,38.3,38.3,38.3,38.3,38.3,38.3,38.3,38.4,38.4,38.4,38.4,38.4,38.4,38.4,38.4,38.4,38.4,38.4,38.4,38.3,38.3,38.3,38.3,38.3,38.3,38.3,38.3,38.3,38.3,38.3,38.3,38.5,38.5,38.5,38.5,38.5,38.5,38.5,38.5,38.5,38.5,38.5,38.5,38.5,38.5,38.5,38.5,38.5,38.5,38.5,38.5,38.5,38.5,38.5,38.5,38.5,38.5,38.5,38.5,38.5,38.5,38.5,38.5,38.5,38.5,38.5,38.5,38.5,38.5,38.5,38.5,38.5,38.5,38.5,38.5,38.5,38.5,38.5,38.5,38.5,38.5
2011-10-01,,,,,,,,,,,,,,,,,,38.2,38.2,38.3,38.1,38.1,38.1,38.1,38.1,38.1,38.1,38.1,38.1,38.1,38.1,38.1,38.2,38.2,38.2,38.2,38.2,38.2,38.2,38.2,38.2,38.2,38.2,38.2,38.3,38.3,38.3,38.3,38.3,38.3,38.3,38.3,38.3,38.3,38.3,38.3,38.3,38.3,38.3,38.3,38.3,38.3,38.3,38.3,38.3,38.3,38.3,38.3,38.3,38.3,38.3,38.3,38.3,38.3,38.3,38.3,38.3,38.3,38.3,38.3,38.3,38.3,38.3,38.3,38.3,38.3,38.3,38.3,38.3,38.3,38.3,38.3,38.3,38.3,38.3,38.3,38.3,38.3,38.3,38.3,38.3,38.3,38.3,38.3,38.3,38.3,38.3,38.3,38.3,38.3,38.3,38.3,38.3,38.3,38.3,38.3,38.3,38.3
2011-11-01,,,,,,,,,,,,,,,,,,,38.4,38.4,38.1,38.1,38.1,38.1,38.1,38.1,38.1,38.1,38.1,38.1,38.1,38.1,38.2,38.2,38.2,38.2,38.2,38.2,38.2,38.2,38.2,38.2,38.2,38.2,38.3,38.3,38.3,38.3,38.3,38.3,38.3,38.3,38.3,38.3,38.3,38.3,38.3,38.3,38.3,38.3,38.3,38.3,38.3,38.3,38.3,38.3,38.3,38.3,38.3,38.3,38.3,38.3,38.3,38.3,38.3,38.3,38.3,38.3,38.3,38.3,38.3,38.3,38.3,38.3,38.3,38.3,38.3,38.3,38.3,38.3,38.3,38.3,38.3,38.3,38.3,38.3,38.3,38.3,38.3,38.3,38.3,38.3,38.3,38.3,38.3,38.3,38.3,38.3,38.3,38.3,38.3,38.3,38.3,38.3,38.3,38.3,38.3,38.3
2011-12-01,,,,,,,,,,,,,,,,,,,,38.7,38.4,38.4,38.4,38.4,38.4,38.4,38.4,38.4,38.4,38.4,38.4,38.4,38.5,38.5,38.5,38.5,38.5,38.5,38.5,38.5,38.5,38.5,38.5,38.5,38.5,38.5,38.5,38.5,38.5,38.5,38.5,38.5,38.5,38.5,38.5,38.5,38.5,38.5,38.5,38.5,38.5,38.5,38.5,38.5,38.5,38.5,38.5,38.5,38.5,38.5,38.5,38.5,38.5,38.5,38.5,38.5,38.5,38.5,38.5,38.5,38.5,38.5,38.5,38.5,38.5,38.5,38.5,38.5,38.5,38.5,38.5,38.5,38.5,38.5,38.5,38.5,38.5,38.5,38.5,38.5,38.5,38.5,38.5,38.5,38.5,38.5,38.5,38.5,38.5,38.5,38.5,38.5,38.5,38.5,38.5,38.5,38.5,38.5
2012-01-01,,,,,,,,,,,,,,,,,,,,,38.5,38.6,38.6,38.6,38.6,38.6,38.6,38.6,38.6,38.6,38.6,38.6,38.6,38.6,38.6,38.6,38.6,38.6,38.6,38.6,38.6,38.6,38.6,38.6,38.6,38.6,38.6,38.6,38.6,38.6,38.6,38.6,38.6,38.6,38.6,38.6,38.6,38.6,38.6,38.6,38.6,38.6,38.6,38.6,38.6,38.6,38.6,38.6,38.6,38.6,38.6,38.6,38.6,38.6,38.6,38.6,38.6,38.6,38.6,38.6,38.6,38.6,38.6,38.6,38.6,38.6,38.6,38.6,38.6,38.6,38.6,38.6,38.6,38.6,38.6,38.6,38.6,38.6,38.6,38.6,38.6,38.6,38.6,38.6,38.6,38.6,38.6,38.6,38.6,38.6,38.6,38.6,38.6,38.6,38.6,38.6,38.6,38.6
2012-02-01,,,,,,,,,,,,,,,,,,,,,,38.9,38.9,38.9,38.9,38.9,38.9,38.9,38.9,38.9,38.9,38.9,38.8,38.8,38.8,38.8,38.8,38.8,38.8,38.8,38.8,38.8,38.8,38.8,38.7,38.7,38.7,38.7,38.7,38.7,38.7,38.7,38.7,38.7,38.7,38.7,38.6,38.6,38.6,38.6,38.6,38.6,38.6,38.6,38.6,38.6,38.6,38.6,38.7,38.7,38.7,38.7,38.7,38.7,38.7,38.7,38.7,38.7,38.7,38.7,38.5,38.5,38.5,38.5,38.5,38.5,38.5,38.5,38.5,38.5,38.5,38.5,38.5,38.5,38.5,38.5,38.5,38.5,38.5,38.5,38.5,38.5,38.5,38.5,38.5,38.5,38.5,38.5,38.5,38.5,38.5,38.5,38.5,38.5,38.5,38.5,38.5,38.5
2012-03-01,,,,,,,,,,,,,,,,,,,,,,,38.6,38.6,38.5,38.5,38.5,38.5,38.5,38.5,38.5,38.5,38.6,38.6,38.6,38.6,38.6,38.6,38.6,38.6,38.6,38.6,38.6,38.6,38.6,38.6,38.6,38.6,38.6,38.6,38.6,38.6,38.6,38.6,38.6,38.6,38.6,38.6,38.6,38.6,38.6,38.6,38.6,38.6,38.6,38.6,38.6,38.6,38.6,38.6,38.6,38.6,38.6,38.6,38.6,38.6,38.6,38.6,38.6,38.6,38.7,38.7,38.7,38.7,38.7,38.7,38.7,38.7,38.7,38.7,38.7,38.7,38.7,38.7,38.7,38.7,38.7,38.7,38.7,38.7,38.7,38.7,38.7,38.7,38.7,38.7,38.7,38.7,38.7,38.7,38.7,38.7,38.7,38.7,38.7,38.7,38.7,38.7
2012-04-01,,,,,,,,,,,,,,,,,,,,,,,,38.8,38.7,38.8,38.8,38.8,38.8,38.8,38.8,38.8,38.8,38.8,38.8,38.8,38.8,38.8,38.8,38.8,38.8,38.8,38.8,38.8,38.8,38.8,38.8,38.8,38.8,38.8,38.8,38.8,38.8,38.8,38.8,38.8,38.7,38.7,38.7,38.7,38.7,38.7,38.7,38.7,38.7,38.7,38.7,38.7,38.7,38.7,38.7,38.7,38.7,38.7,38.7,38.7,38.7,38.7,38.7,38.7,38.7,38.7,38.7,38.7,38.7,38.7,38.7,38.7,38.7,38.7,38.7,38.7,38.7,38.7,38.7,38.7,38.7,38.7,38.7,38.7,38.7,38.7,38.7,38.7,38.7,38.7,38.7,38.7,38.7,38.7,38.7,38.7,38.7,38.7,38.7,38.7,38.7,38.7
2012-05-01,,,,,,,,,,,,,,,,,,,,,,,,,38.5,38.5,38.5,38.5,38.5,38.5,38.5,38.5,38.5,38.5,38.5,38.5,38.5,38.5,38.5,38.5,38.5,38.5,38.5,38.5,38.5,38.5,38.5,38.5,38.5,38.5,38.5,38.5,38.5,38.5,38.5,38.5,38.4,38.4,38.4,38.4,38.4,38.4,38.4,38.4,38.4,38.4,38.4,38.4,38.5,38.5,38.5,38.5,38.5,38.5,38.5,38.5,38.5,38.5,38.5,38.5,38.5,38.5,38.5,38.5,38.5,38.5,38.5,38.5,38.5,38.5,38.5,38.5,38.5,38.5,38.5,38.5,38.5,38.5,38.5,38.5,38.5,38.5,38.5,38.5,38.5,38.5,38.5,38.5,38.5,38.5,38.5,38.5,38.5,38.5,38.5,38.5,38.5,38.5
2012-06-01,,,,,,,,,,,,,,,,,,,,,,,,,,38.5,38.5,38.5,38.5,38.5,38.5,38.5,38.5,38.5,38.5,38.5,38.5,38.5,38.5,38.5,38.5,38.5,38.5,38.5,38.6,38.6,38.6,38.6,38.6,38.6,38.6,38.6,38.6,38.6,38.6,38.6,38.5,38.5,38.5,38.5,38.5,38.5,38.5,38.5,38.5,38.5,38.5,38.5,38.6,38.6,38.6,38.6,38.6,38.6,38.6,38.6,38.6,38.6,38.6,38.6,38.5,38.5,38.5,38.5,38.5,38.5,38.5,38.5,38.5,38.5,38.5,38.5,38.5,38.5,38.5,38.5,38.5,38.5,38.5,38.5,38.5,38.5,38.5,38.5,38.5,38.5,38.5,38.5,38.5,38.5,38.5,38.5,38.5,38.5,38.5,38.5,38.5,38.5
2012-07-01,,,,,,,,,,,,,,,,,,,,,,,,,,,38.4,38.4,38.4,38.4,38.4,38.4,38.5,38.5,38.5,38.5,38.5,38.5,38.5,38.5,38.5,38.5,38.5,38.5,38.5,38.5,38.5,38.5,38.5,38.5,38.5,38.5,38.5,38.5,38.5,38.5,38.5,38.5,38.5,38.5,38.5,38.5,38.5,38.5,38.5,38.5,38.5,38.5,38.5,38.5,38.5,38.5,38.5,38.5,38.5,38.5,38.5,38.5,38.5,38.5,38.4,38.4,38.4,38.4,38.4,38.4,38.4,38.4,38.4,38.4,38.4,38.4,38.4,38.4,38.4,38.4,38.4,38.4,38.4,38.4,38.4,38.4,38.4,38.4,38.4,38.4,38.4,38.4,38.4,38.4,38.4,38.4,38.4,38.4,38.4,38.4,38.4,38.4
2012-08-01,,,,,,,,,,,,,,,,,,,,,,,,,,,,38.4,38.6,38.6,38.6,38.6,38.6,38.6,38.6,38.6,38.6,38.6,38.6,38.6,38.6,38.6,38.6,38.6,38.6,38.6,38.6,38.6,38.6,38.6,38.6,38.6,38.6,38.6,38.6,38.6,38.6,38.6,38.6,38.6,38.6,38.6,38.6,38.6,38.6,38.6,38.6,38.6,38.6,38.6,38.6,38.6,38.6,38.6,38.6,38.6,38.6,38.6,38.6,38.6,38.5,38.5,38.5,38.5,38.5,38.5,38.5,38.5,38.5,38.5,38.5,38.5,38.5,38.5,38.5,38.5,38.5,38.5,38.5,38.5,38.5,38.5,38.5,38.5,38.5,38.5,38.5,38.5,38.5,38.5,38.5,38.5,38.5,38.5,38.5,38.5,38.5,38.5
2012-09-01,,,,,,,,,,,,,,,,,,,,,,,,,,,,,38.9,38.8,38.8,38.8,38.9,38.9,38.9,38.9,38.9,38.9,38.9,38.9,38.9,38.9,38.9,38.9,38.9,38.9,38.9,38.9,38.9,38.9,38.9,38.9,38.9,38.9,38.9,38.9,38.8,38.8,38.8,38.8,38.8,38.8,38.8,38.8,38.8,38.8,38.8,38.8,38.7,38.7,38.7,38.7,38.7,38.7,38.7,38.7,38.7,38.7,38.7,38.7,38.8,38.8,38.8,38.8,38.8,38.8,38.8,38.8,38.8,38.8,38.8,38.8,38.8,38.8,38.8,38.8,38.8,38.8,38.8,38.8,38.8,38.8,38.8,38.8,38.8,38.8,38.8,38.8,38.8,38.8,38.8,38.8,38.8,38.8,38.8,38.8,38.8,38.8
2012-10-01,,,,,,,,,,,,,,,,,,,,,,,,,,,,,,38.8,38.7,38.8,38.7,38.7,38.7,38.7,38.7,38.7,38.7,38.7,38.7,38.7,38.7,38.7,38.8,38.8,38.8,38.8,38.8,38.8,38.8,38.8,38.8,38.8,38.8,38.8,38.8,38.8,38.8,38.8,38.8,38.8,38.8,38.8,38.8,38.8,38.8,38.8,38.8,38.8,38.8,38.8,38.8,38.8,38.8,38.8,38.8,38.8,38.8,38.8,38.8,38.8,38.8,38.8,38.8,38.8,38.8,38.8,38.8,38.8,38.8,38.8,38.8,38.8,38.8,38.8,38.8,38.8,38.8,38.8,38.8,38.8,38.8,38.8,38.8,38.8,38.8,38.8,38.8,38.8,38.8,38.8,38.8,38.8,38.8,38.8,38.8,38.8
2012-11-01,,,,,,,,,,,,,,,,,,,,,,,,,,,,,,,38.8,38.9,39.0,39.0,39.0,39.0,39.0,39.0,39.0,39.0,39.0,39.0,39.0,39.0,39.0,39.0,39.0,39.0,39.0,39.0,39.0,39.0,39.0,39.0,39.0,39.0,38.9,38.9,38.9,38.9,38.9,38.9,38.9,38.9,38.9,38.9,38.9,38.9,38.9,38.9,38.9,38.9,38.9,38.9,38.9,38.9,38.9,38.9,38.9,38.9,38.8,38.8,38.8,38.8,38.8,38.8,38.8,38.8,38.8,38.8,38.8,38.8,38.8,38.8,38.8,38.8,38.8,38.8,38.8,38.8,38.8,38.8,38.8,38.8,38.8,38.8,38.8,38.8,38.8,38.8,38.8,38.8,38.8,38.8,38.8,38.8,38.8,38.8
2012-12-01,,,,,,,,,,,,,,,,,,,,,,,,,,,,,,,,39.3,39.3,39.3,39.3,39.3,39.3,39.3,39.3,39.3,39.3,39.3,39.3,39.3,39.2,39.2,39.2,39.2,39.2,39.2,39.2,39.2,39.2,39.2,39.2,39.2,39.1,39.1,39.1,39.1,39.1,39.1,39.1,39.1,39.1,39.1,39.1,39.1,39.1,39.1,39.1,39.1,39.1,39.1,39.1,39.1,39.1,39.1,39.1,39.1,39.1,39.1,39.1,39.1,39.1,39.1,39.1,39.1,39.1,39.1,39.1,39.1,39.1,39.1,39.1,39.1,39.1,39.1,39.1,39.1,39.1,39.1,39.1,39.1,39.1,39.1,39.1,39.1,39.1,39.1,39.1,39.1,39.1,39.1,39.1,39.1,39.1,39.1
2013-01-01,,,,,,,,,,,,,,,,,,,,,,,,,,,,,,,,,38.8,38.8,38.9,38.9,38.9,38.9,38.9,38.9,38.9,38.9,38.9,38.9,38.9,38.9,38.9,38.9,38.9,38.9,38.9,38.9,38.9,38.9,38.9,38.9,38.9,38.9,38.9,38.9,38.9,38.9,38.9,38.9,38.9,38.9,38.9,38.9,38.9,38.9,38.9,38.9,38.9,38.9,38.9,38.9,38.9,38.9,38.9,38.9,38.9,38.9,38.9,38.9,38.9,38.9,38.9,38.9,38.9,38.9,38.9,38.9,39.0,39.0,39.0,39.0,39.0,39.0,39.0,39.0,39.0,39.0,39.0,39.0,39.0,39.0,39.0,39.0,39.0,39.0,39.0,39.0,39.0,39.0,39.0,39.0,39.0,39.0
2013-02-01,,,,,,,,,,,,,,,,,,,,,,,,,,,,,,,,,,39.1,39.2,39.2,39.2,39.2,39.2,39.2,39.2,39.2,39.2,39.2,39.2,39.2,39.2,39.2,39.2,39.2,39.2,39.2,39.2,39.2,39.2,39.2,39.1,39.1,39.1,39.1,39.1,39.1,39.1,39.1,39.1,39.1,39.1,39.1,39.2,39.2,39.2,39.2,39.2,39.2,39.2,39.2,39.2,39.2,39.2,39.2,39.0,39.0,39.0,39.0,39.0,39.0,39.0,39.0,39.0,39.0,39.0,39.0,39.1,39.1,39.1,39.1,39.1,39.1,39.1,39.1,39.1,39.1,39.1,39.1,39.1,39.1,39.1,39.1,39.1,39.1,39.1,39.1,39.1,39.1,39.1,39.1,39.1,39.1
2013-03-01,,,,,,,,,,,,,,,,,,,,,,,,,,,,,,,,,,,39.0,39.0,39.1,39.1,39.1,39.1,39.1,39.1,39.1,39.1,39.1,39.1,39.1,39.1,39.1,39.1,39.1,39.1,39.1,39.1,39.1,39.1,39.0,39.0,39.0,39.0,39.0,39.0,39.0,39.0,39.0,39.0,39.0,39.0,39.0,39.0,39.0,39.0,39.0,39.0,39.0,39.0,39.0,39.0,39.0,39.0,39.0,39.0,39.0,39.0,39.0,39.0,39.0,39.0,39.0,39.0,39.0,39.0,39.0,39.0,39.0,39.0,39.0,39.0,39.0,39.0,39.0,39.0,39.0,39.0,39.0,39.0,39.0,39.0,39.0,39.0,39.0,39.0,39.0,39.0,39.0,39.0,39.0,39.0
2013-04-01,,,,,,,,,,,,,,,,,,,,,,,,,,,,,,,,,,,,38.9,39.0,39.0,39.0,39.0,39.0,39.0,39.0,39.0,39.0,39.0,39.0,39.0,39.0,39.0,39.0,39.0,39.0,39.0,39.0,39.0,38.9,38.9,38.9,38.9,38.9,38.9,38.9,38.9,38.9,38.9,38.9,38.9,38.9,38.9,38.9,38.9,38.9,38.9,38.9,38.9,38.9,38.9,38.9,38.9,38.9,38.9,38.9,38.9,38.9,38.9,38.9,38.9,38.9,38.9,38.9,38.9,38.9,38.9,38.9,38.9,38.9,38.9,38.9,38.9,38.9,38.9,38.9,38.9,38.9,38.9,38.9,38.9,38.9,38.9,38.9,38.9,38.9,38.9,38.9,38.9,38.9,38.9
2013-05-01,,,,,,,,,,,,,,,,,,,,,,,,,,,,,,,,,,,,,39.2,39.2,39.1,39.1,39.1,39.1,39.1,39.1,39.2,39.2,39.2,39.2,39.2,39.2,39.2,39.2,39.2,39.2,39.2,39.2,39.1,39.1,39.1,39.1,39.1,39.1,39.1,39.1,39.1,39.1,39.1,39.1,39.1,39.1,39.1,39.1,39.1,39.1,39.1,39.1,39.1,39.1,39.1,39.1,39.1,39.1,39.1,39.1,39.1,39.1,39.1,39.1,39.1,39.1,39.1,39.1,39.1,39.1,39.1,39.1,39.1,39.1,39.1,39.1,39.1,39.1,39.1,39.1,39.1,39.1,39.1,39.1,39.1,39.1,39.1,39.1,39.1,39.1,39.1,39.1,39.1,39.1
2013-06-01,,,,,,,,,,,,,,,,,,,,,,,,,,,,,,,,,,,,,,39.0,39.0,39.0,39.0,39.0,39.0,39.0,39.0,39.0,39.0,39.0,39.0,39.0,39.0,39.0,39.0,39.0,39.0,39.0,39.0,39.0,39.0,39.0,39.0,39.0,39.0,39.0,39.0,39.0,39.0,39.0,39.0,39.0,39.0,39.0,39.0,39.0,39.0,39.0,39.0,39.0,39.0,39.0,38.9,38.9,38.9,38.9,38.9,38.9,38.9,38.9,38.9,38.9,38.9,38.9,38.9,38.9,38.9,38.9,38.9,38.9,38.9,38.9,38.9,38.9,38.9,38.9,38.9,38.9,38.9,38.9,38.9,38.9,38.9,38.9,38.9,38.9,38.9,38.9,38.9,38.9
2013-07-01,,,,,,,,,,,,,,,,,,,,,,,,,,,,,,,,,,,,,,,38.7,38.8,38.8,38.8,38.8,38.8,38.9,38.9,38.9,38.9,38.9,38.9,38.9,38.9,38.9,38.9,38.9,38.9,38.8,38.8,38.8,38.8,38.8,38.8,38.8,38.8,38.8,38.8,38.8,38.8,38.8,38.8,38.8,38.8,38.8,38.8,38.8,38.8,38.8,38.8,38.8,38.8,38.8,38.8,38.8,38.8,38.8,38.8,38.8,38.8,38.8,38.8,38.8,38.8,38.7,38.7,38.7,38.7,38.7,38.7,38.7,38.7,38.7,38.7,38.7,38.7,38.7,38.7,38.7,38.7,38.7,38.7,38.7,38.7,38.7,38.7,38.7,38.7,38.7,38.7
2013-08-01,,,,,,,,,,,,,,,,,,,,,,,,,,,,,,,,,,,,,,,,39.0,39.1,39.1,39.1,39.1,39.1,39.1,39.1,39.1,39.1,39.1,39.1,39.1,39.1,39.1,39.1,39.1,39.0,39.0,39.0,39.0,39.0,39.0,39.0,39.0,39.0,39.0,39.0,39.0,38.9,38.9,38.9,38.9,38.9,38.9,38.9,38.9,38.9,38.9,38.9,38.9,39.0,39.0,39.0,39.0,39.0,39.0,39.0,39.0,39.0,39.0,39.0,39.0,38.9,38.9,38.9,38.9,38.9,38.9,38.9,38.9,38.9,38.9,38.9,38.9,38.9,38.9,38.9,38.9,38.9,38.9,38.9,38.9,38.9,38.9,38.9,38.9,38.9,38.9
2013-09-01,,,,,,,,,,,,,,,,,,,,,,,,,,,,,,,,,,,,,,,,,39.2,39.1,39.1,39.1,39.2,39.2,39.2,39.2,39.2,39.2,39.2,39.2,39.2,39.2,39.2,39.2,39.0,39.0,39.0,39.0,39.0,39.0,39.0,39.0,39.0,39.0,39.0,39.0,39.0,39.0,39.0,39.0,39.0,39.0,39.0,39.0,39.0,39.0,39.0,39.0,39.0,39.0,39.0,39.0,39.0,39.0,39.0,39.0,39.0,39.0,39.0,39.0,38.9,38.9,38.9,38.9,38.9,38.9,38.9,38.9,38.9,38.9,38.9,38.9,38.9,38.9,38.9,38.9,38.9,38.9,38.9,38.9,38.9,38.9,38.9,38.9,38.9,38.9
2013-10-01,,,,,,,,,,,,,,,,,,,,,,,,,,,,,,,,,,,,,,,,,,38.9,38.8,38.8,38.8,38.8,38.8,38.8,38.8,38.8,38.8,38.8,38.8,38.8,38.8,38.8,38.8,38.8,38.8,38.8,38.8,38.8,38.8,38.8,38.8,38.8,38.8,38.8,38.8,38.8,38.8,38.8,38.8,38.8,38.8,38.8,38.8,38.8,38.8,38.8,38.8,38.8,38.8,38.8,38.8,38.8,38.8,38.8,38.8,38.8,38.8,38.8,38.7,38.7,38.7,38.7,38.7,38.7,38.7,38.7,38.7,38.7,38.7,38.7,38.7,38.7,38.7,38.7,38.7,38.7,38.7,38.7,38.7,38.7,38.7,38.7,38.7,38.7
2013-11-01,,,,,,,,,,,,,,,,,,,,,,,,,,,,,,,,,,,,,,,,,,,39.1,39.0,39.2,39.2,39.2,39.2,39.2,39.2,39.2,39.2,39.2,39.2,39.2,39.2,39.2,39.2,39.2,39.2,39.2,39.2,39.2,39.2,39.2,39.2,39.2,39.2,39.2,39.2,39.2,39.2,39.2,39.2,39.2,39.2,39.2,39.2,39.2,39.2,39.1,39.1,39.1,39.1,39.1,39.1,39.1,39.1,39.1,39.1,39.1,39.1,39.0,39.0,39.0,39.0,39.0,39.0,39.0,39.0,39.0,39.0,39.0,39.0,39.0,39.0,39.0,39.0,39.0,39.0,39.0,39.0,39.0,39.0,39.0,39.0,39.0,39.0
2013-12-01,,,,,,,,,,,,,,,,,,,,,,,,,,,,,,,,,,,,,,,,,,,,38.8,38.8,38.7,38.7,38.7,38.7,38.7,38.7,38.7,38.7,38.7,38.7,38.7,38.6,38.6,38.6,38.6,38.6,38.6,38.6,38.6,38.6,38.6,38.6,38.6,38.6,38.6,38.6,38.6,38.6,38.6,38.6,38.6,38.6,38.6,38.6,38.6,38.6,38.6,38.6,38.6,38.6,38.6,38.6,38.6,38.6,38.6,38.6,38.6,38.7,38.7,38.7,38.7,38.7,38.7,38.7,38.7,38.7,38.7,38.7,38.7,38.7,38.7,38.7,38.7,38.7,38.7,38.7,38.7,38.7,38.7,38.7,38.7,38.7,38.7
2014-01-01,,,,,,,,,,,,,,,,,,,,,,,,,,,,,,,,,,,,,,,,,,,,,38.6,38.4,38.6,38.6,38.6,38.6,38.6,38.6,38.6,38.6,38.6,38.6,38.6,38.6,38.6,38.6,38.6,38.6,38.6,38.6,38.6,38.6,38.6,38.6,38.7,38.7,38.7,38.7,38.7,38.7,38.7,38.7,38.7,38.7,38.7,38.7,38.7,38.7,38.7,38.7,38.7,38.7,38.7,38.7,38.7,38.7,38.7,38.7,38.7,38.7,38.7,38.7,38.7,38.7,38.7,38.7,38.7,38.7,38.7,38.7,38.6,38.6,38.6,38.6,38.6,38.6,38.6,38.6,38.6,38.6,38.6,38.6,38.6,38.6
2014-02-01,,,,,,,,,,,,,,,,,,,,,,,,,,,,,,,,,,,,,,,,,,,,,,38.0,38.1,38.1,38.1,38.1,38.1,38.1,38.1,38.1,38.1,38.1,38.5,38.5,38.5,38.5,38.5,38.5,38.5,38.5,38.5,38.5,38.5,38.5,37.8,37.8,37.8,37.8,37.8,37.8,37.8,37.8,37.8,37.8,37.8,37.8,38.1,38.1,38.1,38.1,38.1,38.1,38.1,38.1,38.1,38.1,38.1,38.1,37.9,37.9,37.9,37.9,37.9,37.9,37.9,37.9,37.9,37.9,37.9,37.9,38.3,38.3,38.3,38.3,38.3,38.3,38.3,38.3,38.3,38.3,38.3,38.3,38.3,38.3
2014-03-01,,,,,,,,,,,,,,,,,,,,,,,,,,,,,,,,,,,,,,,,,,,,,,,39.1,39.1,39.1,39.1,39.1,39.1,39.1,39.1,39.1,39.1,39.1,39.1,39.1,39.1,39.1,39.1,39.1,39.1,39.1,39.1,39.1,39.1,39.1,39.1,39.1,39.1,39.1,39.1,39.1,39.1,39.1,39.1,39.1,39.1,39.1,39.1,39.1,39.1,39.1,39.1,39.1,39.1,39.1,39.1,39.1,39.1,39.1,39.1,39.1,39.1,39.1,39.1,39.1,39.1,39.1,39.1,39.1,39.1,39.2,39.2,39.2,39.2,39.2,39.2,39.2,39.2,39.2,39.2,39.2,39.2,39.2,39.2
2014-04-01,,,,,,,,,,,,,,,,,,,,,,,,,,,,,,,,,,,,,,,,,,,,,,,,39.2,39.1,39.1,39.1,39.1,39.1,39.1,39.1,39.1,39.1,39.1,39.1,39.1,39.1,39.1,39.1,39.1,39.1,39.1,39.1,39.1,39.1,39.1,39.1,39.1,39.1,39.1,39.1,39.1,39.1,39.1,39.1,39.1,39.1,39.1,39.1,39.1,39.1,39.1,39.1,39.1,39.1,39.1,39.1,39.1,39.1,39.1,39.1,39.1,39.1,39.1,39.1,39.1,39.1,39.1,39.1,39.1,38.9,38.9,38.9,38.9,38.9,38.9,38.9,38.9,38.9,38.9,38.9,38.9,38.9,38.9
2014-05-01,,,,,,,,,,,,,,,,,,,,,,,,,,,,,,,,,,,,,,,,,,,,,,,,,38.9,38.9,39.1,39.1,39.1,39.1,39.1,39.1,39.0,39.0,39.0,39.0,39.0,39.0,39.0,39.0,39.0,39.0,39.0,39.0,39.0,39.0,39.0,39.0,39.0,39.0,39.0,39.0,39.0,39.0,39.0,39.0,39.0,39.0,39.0,39.0,39.0,39.0,39.0,39.0,39.0,39.0,39.0,39.0,39.0,39.0,39.0,39.0,39.0,39.0,39.0,39.0,39.0,39.0,39.0,39.0,38.9,38.9,38.9,38.9,38.9,38.9,38.9,38.9,38.9,38.9,38.9,38.9,38.9,38.9
2014-06-01,,,,,,,,,,,,,,,,,,,,,,,,,,,,,,,,,,,,,,,,,,,,,,,,,,39.0,39.1,39.1,39.1,39.1,39.1,39.1,39.1,39.1,39.1,39.1,39.1,39.1,39.1,39.1,39.1,39.1,39.1,39.1,39.1,39.1,39.1,39.1,39.1,39.1,39.1,39.1,39.1,39.1,39.1,39.1,39.0,39.0,39.0,39.0,39.0,39.0,39.0,39.0,39.0,39.0,39.0,39.0,39.0,39.0,39.0,39.0,39.0,39.0,39.0,39.0,39.0,39.0,39.0,39.0,39.0,39.0,39.0,39.0,39.0,39.0,39.0,39.0,39.0,39.0,39.0,39.0,39.0,39.0
2014-07-01,,,,,,,,,,,,,,,,,,,,,,,,,,,,,,,,,,,,,,,,,,,,,,,,,,,39.3,39.2,39.2,39.2,39.2,39.2,39.2,39.2,39.2,39.2,39.2,39.2,39.2,39.2,39.2,39.2,39.2,39.2,39.3,39.3,39.3,39.3,39.3,39.3,39.3,39.3,39.3,39.3,39.3,39.3,39.2,39.2,39.2,39.2,39.2,39.2,39.2,39.2,39.2,39.2,39.2,39.2,39.2,39.2,39.2,39.2,39.2,39.2,39.2,39.2,39.2,39.2,39.2,39.2,39.2,39.2,39.2,39.2,39.2,39.2,39.2,39.2,39.2,39.2,39.2,39.2,39.2,39.2
2014-08-01,,,,,,,,,,,,,,,,,,,,,,,,,,,,,,,,,,,,,,,,,,,,,,,,,,,,39.1,39.2,39.2,39.2,39.2,39.2,39.2,39.2,39.2,39.2,39.2,39.2,39.2,39.2,39.2,39.2,39.2,39.1,39.1,39.1,39.1,39.1,39.1,39.1,39.1,39.1,39.1,39.1,39.1,39.2,39.2,39.2,39.2,39.2,39.2,39.2,39.2,39.2,39.2,39.2,39.2,39.1,39.1,39.1,39.1,39.1,39.1,39.1,39.1,39.1,39.1,39.1,39.1,39.1,39.1,39.1,39.1,39.1,39.1,39.1,39.1,39.1,39.1,39.1,39.1,39.1,39.1
2014-09-01,,,,,,,,,,,,,,,,,,,,,,,,,,,,,,,,,,,,,,,,,,,,,,,,,,,,,39.0,39.0,39.0,39.0,39.0,39.0,39.0,39.0,39.0,39.0,39.0,39.0,39.0,39.0,39.0,39.0,39.0,39.0,39.0,39.0,39.0,39.0,39.0,39.0,39.0,39.0,39.0,39.0,39.1,39.1,39.1,39.1,39.1,39.1,39.1,39.1,39.1,39.1,39.1,39.1,39.0,39.0,39.0,39.0,39.0,39.0,39.0,39.0,39.0,39.0,39.0,39.0,39.1,39.1,39.1,39.1,39.1,39.1,39.1,39.1,39.1,39.1,39.1,39.1,39.1,39.1
2014-10-01,,,,,,,,,,,,,,,,,,,,,,,,,,,,,,,,,,,,,,,,,,,,,,,,,,,,,,39.2,39.2,39.2,39.1,39.1,39.1,39.1,39.1,39.1,39.1,39.1,39.1,39.1,39.1,39.1,38.8,38.8,38.8,38.8,38.8,38.8,38.8,38.8,38.8,38.8,38.8,38.8,39.0,39.0,39.0,39.0,39.0,39.0,39.0,39.0,39.0,39.0,39.0,39.0,38.7,38.7,38.7,38.7,38.7,38.7,38.7,38.7,38.7,38.7,38.7,38.7,39.0,39.0,39.0,39.0,39.0,39.0,39.0,39.0,39.0,39.0,39.0,39.0,39.0,39.0
2014-11-01,,,,,,,,,,,,,,,,,,,,,,,,,,,,,,,,,,,,,,,,,,,,,,,,,,,,,,,39.1,39.2,39.0,39.0,39.0,39.0,39.0,39.0,39.0,39.0,39.0,39.0,39.0,39.0,39.0,39.0,39.0,39.0,39.0,39.0,39.0,39.0,39.0,39.0,39.0,39.0,39.1,39.1,39.1,39.1,39.1,39.1,39.1,39.1,39.1,39.1,39.1,39.1,39.0,39.0,39.0,39.0,39.0,39.0,39.0,39.0,39.0,39.0,39.0,39.0,39.1,39.1,39.1,39.1,39.1,39.1,39.1,39.1,39.1,39.1,39.1,39.1,39.1,39.1
2014-12-01,,,,,,,,,,,,,,,,,,,,,,,,,,,,,,,,,,,,,,,,,,,,,,,,,,,,,,,,39.4,39.1,39.2,39.2,39.2,39.2,39.2,39.2,39.2,39.2,39.2,39.2,39.2,39.2,39.2,39.2,39.2,39.2,39.2,39.2,39.2,39.2,39.2,39.2,39.2,39.2,39.2,39.2,39.2,39.2,39.2,39.2,39.2,39.2,39.2,39.2,39.2,39.4,39.4,39.4,39.4,39.4,39.4,39.4,39.4,39.4,39.4,39.4,39.4,39.1,39.1,39.1,39.1,39.1,39.1,39.1,39.1,39.1,39.1,39.1,39.1,39.1,39.1
2015-01-01,,,,,,,,,,,,,,,,,,,,,,,,,,,,,,,,,,,,,,,,,,,,,,,,,,,,,,,,,38.9,39.0,39.0,39.0,39.0,39.0,39.0,39.0,39.0,39.0,39.0,39.0,39.0,39.0,39.0,39.0,39.0,39.0,39.0,39.0,39.0,39.0,39.0,39.0,39.0,39.0,39.0,39.0,39.0,39.0,39.0,39.0,39.0,39.0,39.0,39.0,39.0,39.0,39.0,39.0,39.0,39.0,39.0,39.0,39.0,39.0,39.0,39.0,38.9,38.9,38.9,38.9,38.9,38.9,38.9,38.9,38.9,38.9,38.9,38.9,39.0,39.0
2015-02-01,,,,,,,,,,,,,,,,,,,,,,,,,,,,,,,,,,,,,,,,,,,,,,,,,,,,,,,,,,39.6,39.5,39.5,39.5,39.5,39.5,39.5,39.5,39.5,39.5,39.5,39.0,39.0,39.0,39.0,39.0,39.0,39.0,39.0,39.0,39.0,39.0,39.0,39.3,39.3,39.3,39.3,39.3,39.3,39.3,39.3,39.3,39.3,39.3,39.3,39.1,39.1,39.1,39.1,39.1,39.1,39.1,39.1,39.1,39.1,39.1,39.1,39.5,39.5,39.5,39.5,39.5,39.5,39.5,39.5,39.5,39.5,39.5,39.5,39.5,39.5
2015-03-01,,,,,,,,,,,,,,,,,,,,,,,,,,,,,,,,,,,,,,,,,,,,,,,,,,,,,,,,,,,39.1,39.0,38.9,38.9,38.9,38.9,38.9,38.9,38.9,38.9,39.0,39.0,39.0,39.0,39.0,39.0,39.0,39.0,39.0,39.0,39.0,39.0,39.0,39.0,39.0,39.0,39.0,39.0,39.0,39.0,39.0,39.0,39.0,39.0,39.0,39.0,39.0,39.0,39.0,39.0,39.0,39.0,39.0,39.0,39.0,39.0,39.2,39.2,39.2,39.2,39.2,39.2,39.2,39.2,39.2,39.2,39.2,39.2,39.2,39.2
2015-04-01,,,,,,,,,,,,,,,,,,,,,,,,,,,,,,,,,,,,,,,,,,,,,,,,,,,,,,,,,,,,38.9,38.9,38.9,38.9,38.9,38.9,38.9,38.9,38.9,38.9,38.9,38.9,38.9,38.9,38.9,38.9,38.9,38.9,38.9,38.9,38.9,38.9,38.9,38.9,38.9,38.9,38.9,38.9,38.9,38.9,38.9,38.9,38.9,38.9,38.9,38.9,38.9,38.9,38.9,38.9,38.9,38.9,38.9,38.9,38.9,38.9,38.9,38.9,38.9,38.9,38.9,38.9,38.9,38.9,38.9,38.9,38.9,39.0,39.0
2015-05-01,,,,,,,,,,,,,,,,,,,,,,,,,,,,,,,,,,,,,,,,,,,,,,,,,,,,,,,,,,,,,38.9,38.9,38.9,38.9,38.9,38.9,38.9,38.9,39.0,39.0,39.0,39.0,39.0,39.0,39.0,39.0,39.0,39.0,39.0,39.0,39.0,39.0,39.0,39.0,39.0,39.0,39.0,39.0,39.0,39.0,39.0,39.0,38.9,38.9,38.9,38.9,38.9,38.9,38.9,38.9,38.9,38.9,38.9,38.9,38.9,38.9,38.9,38.9,38.9,38.9,38.9,38.9,38.9,38.9,38.9,38.9,38.9,38.9
2015-06-01,,,,,,,,,,,,,,,,,,,,,,,,,,,,,,,,,,,,,,,,,,,,,,,,,,,,,,,,,,,,,,39.1,39.2,39.2,39.2,39.2,39.2,39.2,39.3,39.3,39.3,39.3,39.3,39.3,39.3,39.3,39.3,39.3,39.3,39.3,39.2,39.2,39.2,39.2,39.2,39.2,39.2,39.2,39.2,39.2,39.2,39.2,39.2,39.2,39.2,39.2,39.2,39.2,39.2,39.2,39.2,39.2,39.2,39.2,39.2,39.2,39.2,39.2,39.2,39.2,39.2,39.2,39.2,39.2,39.2,39.2,39.2,39.2
2015-07-01,,,,,,,,,,,,,,,,,,,,,,,,,,,,,,,,,,,,,,,,,,,,,,,,,,,,,,,,,,,,,,,38.9,38.9,38.9,38.9,38.9,38.9,39.0,39.0,39.0,39.0,39.0,39.0,39.0,39.0,39.0,39.0,39.0,39.0,39.0,39.0,39.0,39.0,39.0,39.0,39.0,39.0,39.0,39.0,39.0,39.0,39.1,39.1,39.1,39.1,39.1,39.1,39.1,39.1,39.1,39.1,39.1,39.1,39.1,39.1,39.1,39.1,39.1,39.1,39.1,39.1,39.1,39.1,39.1,39.1,39.1,39.1
2015-08-01,,,,,,,,,,,,,,,,,,,,,,,,,,,,,,,,,,,,,,,,,,,,,,,,,,,,,,,,,,,,,,,,39.0,39.0,39.1,39.1,39.1,39.1,39.1,39.1,39.1,39.1,39.1,39.1,39.1,39.1,39.1,39.1,39.1,39.2,39.2,39.2,39.2,39.2,39.2,39.2,39.2,39.2,39.2,39.2,39.2,39.3,39.3,39.3,39.3,39.3,39.3,39.3,39.3,39.3,39.3,39.3,39.3,39.3,39.3,39.3,39.3,39.3,39.3,39.3,39.3,39.3,39.3,39.3,39.3,39.3,39.3
2015-09-01,,,,,,,,,,,,,,,,,,,,,,,,,,,,,,,,,,,,,,,,,,,,,,,,,,,,,,,,,,,,,,,,,38.5,38.6,38.7,38.7,39.1,39.1,39.1,39.1,39.1,39.1,39.1,39.1,39.1,39.1,39.1,39.1,38.8,38.8,38.8,38.8,38.8,38.8,38.8,38.8,38.8,38.8,38.8,38.8,39.2,39.2,39.2,39.2,39.2,39.2,39.2,39.2,39.2,39.2,39.2,39.2,38.9,38.9,38.9,38.9,38.9,38.9,38.9,38.9,38.9,38.9,38.9,38.9,38.8,38.8
2015-10-01,,,,,,,,,,,,,,,,,,,,,,,,,,,,,,,,,,,,,,,,,,,,,,,,,,,,,,,,,,,,,,,,,,39.7,39.7,39.7,39.5,39.5,39.5,39.5,39.5,39.5,39.5,39.5,39.5,39.5,39.5,39.5,39.6,39.6,39.6,39.6,39.6,39.6,39.6,39.6,39.6,39.6,39.6,39.6,39.3,39.3,39.3,39.3,39.3,39.3,39.3,39.3,39.3,39.3,39.3,39.3,39.7,39.7,39.7,39.7,39.7,39.7,39.7,39.7,39.7,39.7,39.7,39.7,39.4,39.4
2015-11-01,,,,,,,,,,,,,,,,,,,,,,,,,,,,,,,,,,,,,,,,,,,,,,,,,,,,,,,,,,,,,,,,,,,39.1,39.1,39.1,39.1,39.1,39.1,39.1,39.1,39.1,39.1,39.1,39.1,39.1,39.1,39.1,39.1,39.1,39.1,39.1,39.1,39.1,39.1,39.1,39.1,39.1,39.1,39.1,39.1,39.1,39.1,39.1,39.1,39.1,39.1,39.1,39.1,39.1,39.1,39.1,39.1,39.1,39.1,39.1,39.1,39.1,39.1,39.1,39.1,39.1,39.1,39.1,39.1
2015-12-01,,,,,,,,,,,,,,,,,,,,,,,,,,,,,,,,,,,,,,,,,,,,,,,,,,,,,,,,,,,,,,,,,,,,39.7,39.7,39.6,39.6,39.6,39.6,39.6,39.6,39.6,39.6,39.6,39.6,39.6,39.7,39.7,39.7,39.7,39.7,39.7,39.7,39.7,39.7,39.7,39.7,39.7,40.0,40.0,40.0,40.0,40.0,40.0,40.0,40.0,40.0,40.0,40.0,40.0,39.7,39.7,39.7,39.7,39.7,39.7,39.7,39.7,39.7,39.7,39.7,39.7,39.6,39.6
2016-01-01,,,,,,,,,,,,,,,,,,,,,,,,,,,,,,,,,,,,,,,,,,,,,,,,,,,,,,,,,,,,,,,,,,,,,39.3,39.3,39.3,39.3,39.3,39.3,39.3,39.3,39.3,39.3,39.3,39.3,39.3,39.3,39.3,39.3,39.3,39.3,39.3,39.3,39.3,39.3,39.3,39.3,39.3,39.3,39.3,39.3,39.3,39.3,39.3,39.3,39.3,39.3,39.3,39.3,39.3,39.3,39.3,39.3,39.3,39.3,39.3,39.3,39.3,39.3,39.3,39.3,39.3,39.3
2016-02-01,,,,,,,,,,,,,,,,,,,,,,,,,,,,,,,,,,,,,,,,,,,,,,,,,,,,,,,,,,,,,,,,,,,,,,38.9,38.9,38.9,38.9,38.9,38.9,38.9,38.9,38.9,38.9,38.9,39.2,39.2,39.2,39.2,39.2,39.2,39.2,39.2,39.2,39.2,39.2,39.2,38.9,38.9,38.9,38.9,38.9,38.9,38.9,38.9,38.9,38.9,38.9,38.9,39.2,39.2,39.2,39.2,39.2,39.2,39.2,39.2,39.2,39.2,39.2,39.2,39.3,39.3
2016-03-01,,,,,,,,,,,,,,,,,,,,,,,,,,,,,,,,,,,,,,,,,,,,,,,,,,,,,,,,,,,,,,,,,,,,,,,38.7,38.7,38.7,38.7,38.7,38.7,38.7,38.7,38.7,38.7,38.7,38.7,38.7,38.7,38.7,38.7,38.7,38.7,38.7,38.7,38.7,38.7,38.7,38.7,38.7,38.7,38.7,38.7,38.7,38.7,38.7,38.7,38.7,38.7,38.9,38.9,38.9,38.9,38.9,38.9,38.9,38.9,38.9,38.9,38.9,38.9,38.9,38.9
2016-04-01,,,,,,,,,,,,,,,,,,,,,,,,,,,,,,,,,,,,,,,,,,,,,,,,,,,,,,,,,,,,,,,,,,,,,,,,39.1,39.1,39.1,39.1,39.1,39.1,39.1,39.1,39.1,39.1,39.1,39.1,39.1,39.1,39.1,39.1,39.1,39.1,39.1,39.1,39.1,39.1,39.1,39.1,39.1,39.1,39.1,39.1,39.1,39.1,39.1,39.1,39.1,39.1,39.1,39.1,39.1,39.1,39.1,39.1,39.1,39.1,39.1,39.1,39.1,39.1,39.1
2016-05-01,,,,,,,,,,,,,,,,,,,,,,,,,,,,,,,,,,,,,,,,,,,,,,,,,,,,,,,,,,,,,,,,,,,,,,,,,39.1,39.1,39.1,39.1,39.1,39.1,39.1,39.1,39.1,39.1,39.1,39.1,39.1,39.1,39.1,39.1,39.1,39.1,39.1,39.1,39.0,39.0,39.0,39.0,39.0,39.0,39.0,39.0,39.0,39.0,39.0,39.0,39.0,39.0,39.0,39.0,39.0,39.0,39.0,39.0,39.0,39.0,39.0,39.0,39.0,39.0
2016-06-01,,,,,,,,,,,,,,,,,,,,,,,,,,,,,,,,,,,,,,,,,,,,,,,,,,,,,,,,,,,,,,,,,,,,,,,,,,39.2,39.2,39.1,39.1,39.1,39.1,39.1,39.1,39.1,39.1,39.1,39.1,39.1,39.1,39.1,39.1,39.1,39.1,39.1,39.0,39.0,39.0,39.0,39.0,39.0,39.0,39.0,39.0,39.0,39.0,39.0,39.0,39.0,39.0,39.0,39.0,39.0,39.0,39.0,39.0,39.0,39.0,39.0,39.0,39.0
2016-07-01,,,,,,,,,,,,,,,,,,,,,,,,,,,,,,,,,,,,,,,,,,,,,,,,,,,,,,,,,,,,,,,,,,,,,,,,,,,39.2,39.2,39.2,39.2,39.2,39.2,39.2,39.2,39.2,39.2,39.2,39.2,39.2,39.2,39.2,39.2,39.2,39.2,39.1,39.1,39.1,39.1,39.1,39.1,39.1,39.1,39.1,39.1,39.1,39.1,39.1,39.1,39.1,39.1,39.1,39.1,39.1,39.1,39.1,39.1,39.1,39.1,39.1,39.1
2016-08-01,,,,,,,,,,,,,,,,,,,,,,,,,,,,,,,,,,,,,,,,,,,,,,,,,,,,,,,,,,,,,,,,,,,,,,,,,,,,38.7,38.8,38.8,38.8,38.8,38.8,38.8,38.8,38.8,38.8,38.8,38.8,38.8,38.8,38.8,38.8,38.8,38.9,38.9,38.9,38.9,38.9,38.9,38.9,38.9,38.9,38.9,38.9,38.9,38.9,38.9,38.9,38.9,38.9,38.9,38.9,38.9,38.9,38.9,38.9,38.9,38.9,38.9
2016-09-01,,,,,,,,,,,,,,,,,,,,,,,,,,,,,,,,,,,,,,,,,,,,,,,,,,,,,,,,,,,,,,,,,,,,,,,,,,,,,39.1,39.2,39.2,39.2,38.8,38.8,38.8,38.8,38.8,38.8,38.8,38.8,38.8,38.8,38.8,38.8,39.1,39.1,39.1,39.1,39.1,39.1,39.1,39.1,39.1,39.1,39.1,39.1,39.0,39.0,39.0,39.0,39.0,39.0,39.0,39.0,39.0,39.0,39.0,39.0,39.1,39.1
2016-10-01,,,,,,,,,,,,,,,,,,,,,,,,,,,,,,,,,,,,,,,,,,,,,,,,,,,,,,,,,,,,,,,,,,,,,,,,,,,,,,39.2,39.2,39.2,39.2,39.2,39.2,39.2,39.2,39.2,39.2,39.2,39.2,39.2,39.2,39.2,39.2,39.2,39.2,39.2,39.2,39.2,39.2,39.2,39.2,39.2,39.2,39.2,39.2,39.2,39.2,39.2,39.2,39.2,39.2,39.2,39.2,39.2,39.2,39.2,39.3,39.3
2016-11-01,,,,,,,,,,,,,,,,,,,,,,,,,,,,,,,,,,,,,,,,,,,,,,,,,,,,,,,,,,,,,,,,,,,,,,,,,,,,,,,39.2,39.1,39.1,39.1,39.1,39.1,39.1,39.1,39.1,39.1,39.1,39.1,39.1,39.1,39.1,39.1,39.1,39.1,39.1,39.1,39.1,39.1,39.1,39.1,39.1,39.1,39.1,39.1,39.1,39.1,39.1,39.1,39.1,39.1,39.1,39.1,39.1,39.1,39.1,39.1
2016-12-01,,,,,,,,,,,,,,,,,,,,,,,,,,,,,,,,,,,,,,,,,,,,,,,,,,,,,,,,,,,,,,,,,,,,,,,,,,,,,,,,38.7,38.8,38.9,38.9,38.9,38.9,38.9,38.9,38.9,38.9,38.9,38.9,38.9,38.9,38.9,38.9,38.9,38.9,38.9,38.9,38.9,38.9,38.9,38.9,38.9,38.9,38.9,38.9,38.9,38.9,38.9,38.9,38.9,38.9,38.9,38.9,38.9,38.9,38.9
2017-01-01,,,,,,,,,,,,,,,,,,,,,,,,,,,,,,,,,,,,,,,,,,,,,,,,,,,,,,,,,,,,,,,,,,,,,,,,,,,,,,,,,38.9,38.9,38.9,38.9,38.9,38.9,38.9,38.9,38.9,38.9,38.9,38.9,39.1,39.1,39.1,39.1,39.1,39.1,39.1,39.1,39.1,39.1,39.1,39.1,39.2,39.2,39.2,39.2,39.2,39.2,39.2,39.2,39.2,39.2,39.2,39.2,39.0,39.0
2017-02-01,,,,,,,,,,,,,,,,,,,,,,,,,,,,,,,,,,,,,,,,,,,,,,,,,,,,,,,,,,,,,,,,,,,,,,,,,,,,,,,,,,39.1,39.0,39.1,39.1,39.1,39.1,39.1,39.1,39.1,39.1,39.1,39.2,39.2,39.2,39.2,39.2,39.2,39.2,39.2,39.2,39.2,39.2,39.2,39.0,39.0,39.0,39.0,39.0,39.0,39.0,39.0,39.0,39.0,39.0,39.0,39.0,39.0
2017-03-01,,,,,,,,,,,,,,,,,,,,,,,,,,,,,,,,,,,,,,,,,,,,,,,,,,,,,,,,,,,,,,,,,,,,,,,,,,,,,,,,,,,38.8,38.7,38.7,38.7,38.7,38.7,38.7,38.7,38.7,38.7,38.8,38.8,38.8,38.8,38.8,38.8,38.8,38.8,38.8,38.8,38.8,38.8,38.9,38.9,38.9,38.9,38.9,38.9,38.9,38.9,38.9,38.9,38.9,38.9,38.9,38.9
2017-04-01,,,,,,,,,,,,,,,,,,,,,,,,,,,,,,,,,,,,,,,,,,,,,,,,,,,,,,,,,,,,,,,,,,,,,,,,,,,,,,,,,,,,39.2,39.2,39.3,39.3,39.3,39.3,39.3,39.3,39.3,39.3,39.3,39.3,39.3,39.3,39.3,39.3,39.3,39.3,39.3,39.3,39.3,39.2,39.2,39.2,39.2,39.2,39.2,39.2,39.2,39.2,39.2,39.2,39.2,39.1,39.1
2017-05-01,,,,,,,,,,,,,,,,,,,,,,,,,,,,,,,,,,,,,,,,,,,,,,,,,,,,,,,,,,,,,,,,,,,,,,,,,,,,,,,,,,,,,39.2,39.2,39.2,39.2,39.2,39.2,39.2,39.2,39.2,39.2,39.2,39.2,39.2,39.2,39.2,39.2,39.2,39.2,39.2,39.2,39.1,39.1,39.1,39.1,39.1,39.1,39.1,39.1,39.1,39.1,39.1,39.1,39.2,39.2
2017-06-01,,,,,,,,,,,,,,,,,,,,,,,,,,,,,,,,,,,,,,,,,,,,,,,,,,,,,,,,,,,,,,,,,,,,,,,,,,,,,,,,,,,,,,39.2,39.2,39.1,39.1,39.1,39.1,39.1,39.1,39.1,39.1,39.1,39.1,39.1,39.1,39.1,39.1,39.1,39.1,39.1,39.1,39.1,39.1,39.1,39.1,39.1,39.1,39.1,39.1,39.1,39.1,39.1,39.1,39.1
2017-07-01,,,,,,,,,,,,,,,,,,,,,,,,,,,,,,,,,,,,,,,,,,,,,,,,,,,,,,,,,,,,,,,,,,,,,,,,,,,,,,,,,,,,,,,39.2,39.1,39.1,39.1,39.1,39.1,39.1,39.1,39.1,39.1,39.1,39.1,39.1,39.1,39.1,39.1,39.1,39.1,39.0,39.0,39.0,39.0,39.0,39.0,39.0,39.0,39.0,39.0,39.0,39.0,39.1,39.1
2017-08-01,,,,,,,,,,,,,,,,,,,,,,,,,,,,,,,,,,,,,,,,,,,,,,,,,,,,,,,,,,,,,,,,,,,,,,,,,,,,,,,,,,,,,,,,39.0,38.9,38.9,38.9,38.9,38.9,38.9,38.9,38.9,38.9,38.9,38.9,38.9,38.9,38.9,38.9,38.9,38.9,38.9,38.9,38.9,38.9,38.9,38.9,38.9,38.9,38.9,38.9,38.9,39.0,39.0
2017-09-01,,,,,,,,,,,,,,,,,,,,,,,,,,,,,,,,,,,,,,,,,,,,,,,,,,,,,,,,,,,,,,,,,,,,,,,,,,,,,,,,,,,,,,,,,38.8,38.8,38.8,38.8,38.9,38.9,38.9,38.9,38.9,38.9,38.9,38.9,38.9,38.9,38.9,38.9,38.9,38.9,38.9,38.9,38.9,38.9,38.9,38.9,38.9,38.9,38.9,38.9,39.0,39.0
2017-10-01,,,,,,,,,,,,,,,,,,,,,,,,,,,,,,,,,,,,,,,,,,,,,,,,,,,,,,,,,,,,,,,,,,,,,,,,,,,,,,,,,,,,,,,,,,39.0,39.0,39.0,39.0,39.0,39.0,39.0,39.0,39.0,39.0,39.0,39.0,39.0,39.0,39.0,39.1,39.1,39.1,39.1,39.1,39.1,39.1,39.1,39.1,39.1,39.1,39.1,39.2,39.2
2017-11-01,,,,,,,,,,,,,,,,,,,,,,,,,,,,,,,,,,,,,,,,,,,,,,,,,,,,,,,,,,,,,,,,,,,,,,,,,,,,,,,,,,,,,,,,,,,39.1,39.1,39.1,39.1,39.1,39.1,39.1,39.1,39.1,39.1,39.1,39.1,39.1,39.1,39.2,39.2,39.2,39.2,39.2,39.2,39.2,39.2,39.2,39.2,39.2,39.2,39.3,39.3
2017-12-01,,,,,,,,,,,,,,,,,,,,,,,,,,,,,,,,,,,,,,,,,,,,,,,,,,,,,,,,,,,,,,,,,,,,,,,,,,,,,,,,,,,,,,,,,,,,39.3,39.4,39.5,39.5,39.5,39.5,39.5,39.5,39.5,39.5,39.5,39.5,39.5,39.3,39.3,39.3,39.3,39.3,39.3,39.3,39.3,39.3,39.3,39.3,39.3,39.2,39.2
2018-01-01,,,,,,,,,,,,,,,,,,,,,,,,,,,,,,,,,,,,,,,,,,,,,,,,,,,,,,,,,,,,,,,,,,,,,,,,,,,,,,,,,,,,,,,,,,,,,39.0,39.0,39.0,39.0,39.0,39.0,39.0,39.0,39.0,39.0,39.0,39.0,39.1,39.1,39.1,39.1,39.1,39.1,39.1,39.1,39.1,39.1,39.1,39.1,38.9,38.9
2018-02-01,,,,,,,,,,,,,,,,,,,,,,,,,,,,,,,,,,,,,,,,,,,,,,,,,,,,,,,,,,,,,,,,,,,,,,,,,,,,,,,,,,,,,,,,,,,,,,39.3,39.4,39.4,39.4,39.4,39.4,39.4,39.4,39.4,39.4,39.4,39.3,39.3,39.3,39.3,39.3,39.3,39.3,39.3,39.3,39.3,39.3,39.3,39.3,39.3
2018-03-01,,,,,,,,,,,,,,,,,,,,,,,,,,,,,,,,,,,,,,,,,,,,,,,,,,,,,,,,,,,,,,,,,,,,,,,,,,,,,,,,,,,,,,,,,,,,,,,39.2,39.3,39.3,39.3,39.3,39.3,39.3,39.3,39.3,39.3,39.3,39.3,39.3,39.3,39.3,39.3,39.3,39.3,39.3,39.3,39.3,39.3,39.3,39.3
2018-04-01,,,,,,,,,,,,,,,,,,,,,,,,,,,,,,,,,,,,,,,,,,,,,,,,,,,,,,,,,,,,,,,,,,,,,,,,,,,,,,,,,,,,,,,,,,,,,,,,39.5,39.5,39.5,39.5,39.5,39.5,39.5,39.5,39.5,39.4,39.4,39.4,39.4,39.4,39.4,39.4,39.4,39.4,39.4,39.4,39.4,39.5,39.5
2018-05-01,,,,,,,,,,,,,,,,,,,,,,,,,,,,,,,,,,,,,,,,,,,,,,,,,,,,,,,,,,,,,,,,,,,,,,,,,,,,,,,,,,,,,,,,,,,,,,,,,39.6,39.5,39.5,39.5,39.5,39.5,39.5,39.5,39.5,39.5,39.5,39.5,39.5,39.5,39.5,39.5,39.5,39.5,39.5,39.5,39.5,39.5
2018-06-01,,,,,,,,,,,,,,,,,,,,,,,,,,,,,,,,,,,,,,,,,,,,,,,,,,,,,,,,,,,,,,,,,,,,,,,,,,,,,,,,,,,,,,,,,,,,,,,,,,39.3,39.3,39.3,39.3,39.3,39.3,39.3,39.2,39.2,39.2,39.2,39.2,39.2,39.2,39.2,39.2,39.2,39.2,39.2,39.2,39.2
2018-07-01,,,,,,,,,,,,,,,,,,,,,,,,,,,,,,,,,,,,,,,,,,,,,,,,,,,,,,,,,,,,,,,,,,,,,,,,,,,,,,,,,,,,,,,,,,,,,,,,,,,39.4,39.5,39.4,39.4,39.4,39.4,39.4,39.4,39.4,39.4,39.4,39.4,39.4,39.4,39.4,39.4,39.4,39.4,39.5,39.5
2018-08-01,,,,,,,,,,,,,,,,,,,,,,,,,,,,,,,,,,,,,,,,,,,,,,,,,,,,,,,,,,,,,,,,,,,,,,,,,,,,,,,,,,,,,,,,,,,,,,,,,,,,39.3,39.2,39.2,39.2,39.2,39.2,39.2,39.2,39.2,39.2,39.2,39.2,39.2,39.2,39.2,39.2,39.2,39.2,39.2
2018-09-01,,,,,,,,,,,,,,,,,,,,,,,,,,,,,,,,,,,,,,,,,,,,,,,,,,,,,,,,,,,,,,,,,,,,,,,,,,,,,,,,,,,,,,,,,,,,,,,,,,,,,38.9,38.9,38.9,38.9,39.1,39.1,39.1,39.1,39.1,39.1,39.1,39.1,39.1,39.1,39.1,39.1,39.0,39.0
2018-10-01,,,,,,,,,,,,,,,,,,,,,,,,,,,,,,,,,,,,,,,,,,,,,,,,,,,,,,,,,,,,,,,,,,,,,,,,,,,,,,,,,,,,,,,,,,,,,,,,,,,,,,38.9,38.9,39.0,38.8,38.8,38.8,38.8,38.8,38.8,38.8,38.8,38.8,38.8,38.8,38.8,38.9,38.9
2018-11-01,,,,,,,,,,,,,,,,,,,,,,,,,,,,,,,,,,,,,,,,,,,,,,,,,,,,,,,,,,,,,,,,,,,,,,,,,,,,,,,,,,,,,,,,,,,,,,,,,,,,,,,38.8,38.7,38.7,38.7,38.7,38.7,38.7,38.7,38.7,38.7,38.7,38.7,38.7,38.7,38.7,38.7
2018-12-01,,,,,,,,,,,,,,,,,,,,,,,,,,,,,,,,,,,,,,,,,,,,,,,,,,,,,,,,,,,,,,,,,,,,,,,,,,,,,,,,,,,,,,,,,,,,,,,,,,,,,,,,39.5,39.4,39.5,39.5,39.5,39.5,39.5,39.5,39.5,39.5,39.5,39.5,39.5,39.3,39.3
2019-01-01,,,,,,,,,,,,,,,,,,,,,,,,,,,,,,,,,,,,,,,,,,,,,,,,,,,,,,,,,,,,,,,,,,,,,,,,,,,,,,,,,,,,,,,,,,,,,,,,,,,,,,,,,39.9,39.9,39.9,39.9,39.9,39.9,39.9,39.9,39.9,39.9,39.9,39.9,39.9,39.9
2019-02-01,,,,,,,,,,,,,,,,,,,,,,,,,,,,,,,,,,,,,,,,,,,,,,,,,,,,,,,,,,,,,,,,,,,,,,,,,,,,,,,,,,,,,,,,,,,,,,,,,,,,,,,,,,38.9,38.9,38.9,38.9,38.9,38.9,38.9,38.9,38.9,38.9,38.9,38.8,38.8
2019-03-01,,,,,,,,,,,,,,,,,,,,,,,,,,,,,,,,,,,,,,,,,,,,,,,,,,,,,,,,,,,,,,,,,,,,,,,,,,,,,,,,,,,,,,,,,,,,,,,,,,,,,,,,,,,39.4,39.4,39.4,39.4,39.4,39.4,39.4,39.4,39.4,39.4,39.4,39.4
2019-04-01,,,,,,,,,,,,,,,,,,,,,,,,,,,,,,,,,,,,,,,,,,,,,,,,,,,,,,,,,,,,,,,,,,,,,,,,,,,,,,,,,,,,,,,,,,,,,,,,,,,,,,,,,,,,39.1,39.1,39.1,39.1,39.1,39.1,39.1,39.1,39.1,39.2,39.2
2019-05-01,,,,,,,,,,,,,,,,,,,,,,,,,,,,,,,,,,,,,,,,,,,,,,,,,,,,,,,,,,,,,,,,,,,,,,,,,,,,,,,,,,,,,,,,,,,,,,,,,,,,,,,,,,,,,39.1,39.1,39.1,39.1,39.1,39.1,39.1,39.1,39.1,39.1
2019-06-01,,,,,,,,,,,,,,,,,,,,,,,,,,,,,,,,,,,,,,,,,,,,,,,,,,,,,,,,,,,,,,,,,,,,,,,,,,,,,,,,,,,,,,,,,,,,,,,,,,,,,,,,,,,,,,39.3,39.3,39.3,39.3,39.3,39.3,39.3,39.3,39.3
2019-07-01,,,,,,,,,,,,,,,,,,,,,,,,,,,,,,,,,,,,,,,,,,,,,,,,,,,,,,,,,,,,,,,,,,,,,,,,,,,,,,,,,,,,,,,,,,,,,,,,,,,,,,,,,,,,,,,39.1,39.1,39.1,39.1,39.1,39.1,39.1,39.1
2019-08-01,,,,,,,,,,,,,,,,,,,,,,,,,,,,,,,,,,,,,,,,,,,,,,,,,,,,,,,,,,,,,,,,,,,,,,,,,,,,,,,,,,,,,,,,,,,,,,,,,,,,,,,,,,,,,,,,39.4,39.4,39.4,39.4,39.4,39.4,39.4
2019-09-01,,,,,,,,,,,,,,,,,,,,,,,,,,,,,,,,,,,,,,,,,,,,,,,,,,,,,,,,,,,,,,,,,,,,,,,,,,,,,,,,,,,,,,,,,,,,,,,,,,,,,,,,,,,,,,,,,39.8,39.8,39.8,39.8,39.7,39.7
2019-10-01,,,,,,,,,,,,,,,,,,,,,,,,,,,,,,,,,,,,,,,,,,,,,,,,,,,,,,,,,,,,,,,,,,,,,,,,,,,,,,,,,,,,,,,,,,,,,,,,,,,,,,,,,,,,,,,,,,39.3,39.2,39.2,39.3,39.3
2019-11-01,,,,,,,,,,,,,,,,,,,,,,,,,,,,,,,,,,,,,,,,,,,,,,,,,,,,,,,,,,,,,,,,,,,,,,,,,,,,,,,,,,,,,,,,,,,,,,,,,,,,,,,,,,,,,,,,,,,39.1,39.0,39.1,39.1
2019-12-01,,,,,,,,,,,,,,,,,,,,,,,,,,,,,,,,,,,,,,,,,,,,,,,,,,,,,,,,,,,,,,,,,,,,,,,,,,,,,,,,,,,,,,,,,,,,,,,,,,,,,,,,,,,,,,,,,,,,39.0,39.0,39.0
2020-01-01,,,,,,,,,,,,,,,,,,,,,,,,,,,,,,,,,,,,,,,,,,,,,,,,,,,,,,,,,,,,,,,,,,,,,,,,,,,,,,,,,,,,,,,,,,,,,,,,,,,,,,,,,,,,,,,,,,,,,39.1,39.2
2020-02-01,,,,,,,,,,,,,,,,,,,,,,,,,,,,,,,,,,,,,,,,,,,,,,,,,,,,,,,,,,,,,,,,,,,,,,,,,,,,,,,,,,,,,,,,,,,,,,,,,,,,,,,,,,,,,,,,,,,,,,39.3
